EUR_o..Mstb.,WellID,Acid..Gals.,Gel.x.link..Gals.,Fluid.Amount,Fluid.Amount.Per.Foot,Propping.Agent.Amount.Per.Foot,Operator,County,Completion.Date,Surface.Latitude,Surface.Longitude,Depth.Total.Driller..ft.,WB.Spacing.Proxy,SPBY.Spacing.Proxy,Frac.Stages,Other..Gals.,Depth.Base,Fluid.Type,Propping.Agent.Type,Additive,Mesh.Size,Treated.Stage.Height,Total.Height
18.55149194,37,0,0,252900,394.539781591264,155.616224648986,29.2557342966,42.3924508966289,38824,31.71755,-101.56402,8255,34.9255981384609,33.1824404897931,2,0,8052,28.8668561129787,34.4445304402515,33.4627104233887,29.491430298115,641,1645
10.876,42,0,0,167700,246.617647058824,86.7279411764706,29.2557342966,42.3924508966289,38842,31.69948,-101.57606,8283,33.728401156087,36.1949505422679,2,0,8133,28.8668561129787,34.4445304402515,33.4348731525887,29.491430298115,680,2468
15.424,72,0,0,124698,387.260869565217,190.993788819876,29.2557342966,42.3924508966289,39091,31.66779,-101.55234,8181,33.728401156087,36.1949505422679,2,0,8011,37.4290091722558,34.4445304402515,33.9214411509192,29.491430298115,322,2475.96
12.64935437,79,10750,245788,57767,695.987951807229,1995.67469879518,31.7563420828205,42.3924508966289,39232,31.72677,-101.58867,9510,33.728401156087,33.1824404897931,4,0,8026,33.6209619039583,34.4445304402515,17.494677185,29.491430298115,83,1044.05525
22.11157295,89,0,0,174688,396.1179138322,487.244897959184,29.2557342966,42.3924508966289,39558,31.65722,-101.54181,8252,34.9255981384609,36.1949505422679,2,0,8113,28.8668561129787,34.4445304402515,33.5340742766667,29.491430298115,441,1622
22.828,113,6000,217988,51788,446.448275862069,1207.5,31.7563420828205,42.3924508966289,39563,31.68763,-101.61187,8338,34.9255981384609,33.1824404897931,4,0,6622,33.6209619039583,34.4445304402515,31.2856258805338,29.491430298115,116,582
15.55114674,114,6000,232412,54204,451.7,1127.39166666667,31.7563420828205,42.3924508966289,39568,31.69162,-101.60838,8295,34.9255981384609,33.1824404897931,4,0,6601,33.6209619039583,34.4445304402515,31.8932610953646,29.491430298115,120,1459
19.788,160,0,0,768857,278.268910604416,220.491132826638,31.3601172292308,42.3924508966289,40356,31.69581,-101.44731,9905,42.9852623220513,38.5072629434884,1,0,9805,28.8668561129787,34.4445304402515,40.1636950819355,31.5231789886155,2763,3298.56
9.968,210,22000,0,156228.48,1018.03430325289,597.014925373134,32.3756994035714,42.3924508966289,40753,31.73672,-101.43366,9980,34.9255981384609,38.5072629434884,8,0,9741,38.0242206476914,34.4445304402515,36.8547696816025,29.491430298115,134,3364.69
19.484,224,28014,0,114227.56,636.920386386218,208.63309352518,32.3756994035714,42.3924508966289,40570,31.70158,-101.42258,9993,33.728401156087,38.5072629434884,7,0,9876,37.8098585610063,34.4445304402515,37.2697317525858,29.491430298115,139,2184.7
16.16,256,26300,338000,98000,666.666666666667,340.136054421769,31.3601172292308,42.3924508966289,40725,31.68682,-101.45337,10559,42.9852623220513,38.5072629434884,6,0,10305,37.4290091722558,34.4445304402515,33.5340742766667,29.491430298115,147,3501.6636
21.2,269,32700,509000,2200,146.666666666667,0,31.3601172292308,42.3924508966289,40722,31.72146,-101.46417,10705,33.728401156087,38.5072629434884,7,0,10605,41.9279039310853,41.9279039310853,41.76099037312,25.3620714857918,15,3587.4887
10.636,282,15120,0,1090740,320.428907168038,266.12749706228,43.9274312046667,42.3924508966289,40694,31.67115,-101.52251,10680,34.9255981384609,36.1949505422679,1,0,10484,37.4290091722558,34.4445304402515,39.3382749891657,31.9622532869734,3404,3705.0741
3.42574173,297,147760.479999998,0,916812.06,366.617336931476,31.5179021684317,3.53660604433333,42.3924508966289,40819,31.7026,-101.59822,10610,34.9255981384609,33.1824404897931,1,0,10450,37.7314481749289,34.4445304402515,34.2537666802333,4.695253278,3966,3725.56
12.116,318,29000,402000,111000,406.593406593407,296.703296703297,31.3601172292308,42.3924508966289,40870,31.72073,-101.53835,10464,34.9255981384609,60.5438804114286,7,0,9933,37.4290091722558,34.4445304402515,35.5152920885714,29.491430298115,273,3657.88
5.964764826,342,45895.8591999995,191113.587984,1619623.95,361.831652121331,33.0344502123643,3.53660604433333,42.3924508966289,40784,31.69898,-101.61162,10925,34.9255981384609,33.1824404897931,1,248185.56,10766,39.8994051521782,34.4445304402515,36.1893495878288,4.695253278,4238,4240.53
15.6,387,29000,397000,101000,328.990228013029,179.153094462541,31.3601172292308,42.3924508966289,40886,31.69927,-101.44853,10064,34.9255981384609,38.5072629434884,7,0,9761,37.4290091722558,34.4445304402515,40.1636950819355,29.491430298115,307,3744.6
19.74,389,29000,523000,114000,572.86432160804,442.211055276382,31.3601172292308,42.3924508966289,41007,31.71186,-101.50558,10182,38.5322608754246,39.1526116200461,7,0,9803,33.6209619039583,34.4445304402515,41.8255384615385,29.491430298115,199,3567.15815079365
10.816,426,30000,568000,115000,403.508771929825,270.175438596491,31.3601172292308,42.3924508966289,40990,31.67599,-101.41896,9920,39.0176406084077,39.2889468352784,7,0,9703,33.6209619039583,34.4445304402515,33.5340742766667,29.491430298115,285,3458.73535079365
9.5,429,30000,422000,115000,437.262357414449,342.205323193916,31.3601172292308,42.3924508966289,41119,31.6878,-101.44929,10122,42.9852623220513,38.5072629434884,7,115000,9883,49.7438523053846,34.4445304402515,33.5340742766667,29.491430298115,263,3817.36
19.944,431,30000,548000,124000,500,354.838709677419,31.3601172292308,42.3924508966289,41014,31.67853,-101.42438,10035,39.8387861435208,38.7273427838015,7,0,9698,33.6209619039583,34.4445304402515,33.5340742766667,29.491430298115,248,3499.95555079365
3.256,448,6064.86,360751.067984,1570282.39,632.09511621673,288.44664199026,32.3756994035714,42.3924508966289,41090,31.72554,-101.43571,9915,34.9255981384609,38.5072629434884,1,314770.26,9822,43.7581055452846,35.6547287498205,36.278828783601,31.1681147691904,3018,3321.09
16.38451018,1748,5000,195492,54931,319.366279069767,771.372093023256,31.7563420828205,35.3020635236073,38547,31.60283,-101.62998,8290,34.9255981384609,33.1824404897931,3,0,6682,33.6209619039583,34.4445304402515,36.5916924447144,29.491430298115,172,1574.57
21.156,1768,5000,163803,47787,147.490740740741,480.188271604938,31.7563420828205,35.3020635236073,38658,31.57201,-101.56736,8065,29.27409409625,33.1824404897931,3,0,6593,33.6209619039583,34.4445304402515,41.8255384615385,29.491430298115,324,1594.33
10.568,1783,6000,162646,43097,141.766447368421,446.217105263158,31.7563420828205,35.3020635236073,38715,31.62444,-101.56604,8132,42.9852623220513,32.4164794,3,0,6612,33.6209619039583,34.4445304402515,36.8047069983797,29.491430298115,304,566
22.956,1785,5500,167862,57785,179.45652173913,663.835403726708,31.7563420828205,35.3020635236073,38715,31.62216,-101.58293,8150,34.9255981384609,33.1824404897931,3,0,6679,33.6209619039583,34.4445304402515,35.2414471020145,29.491430298115,322,1610.68
22.34,1843,5250,180627,58327,2243.34615384615,6221.38461538462,31.7563420828205,35.3020635236073,39144,31.6252,-101.58825,8176,34.9255981384609,33.1824404897931,3,0,6411,33.6209619039583,34.4445304402515,17.494677185,29.491430298115,26,1607
10.38,1854,2000,0,2000,50,0,31.7563420828205,35.3020635236073,38895,31.46883,-101.55689,8116,29.27409409625,33.1824404897931,4,0,7980,41.9279039310853,41.9279039310853,41.76099037312,28.2516214471092,40,1582.06
18.50933409,1874,0,0,123850,711.781609195402,353.448275862069,29.2557342966,35.3020635236073,38995,31.63558,-101.54302,8149,42.9852623220513,33.1824404897931,2,0,7851,28.8668561129787,34.4445304402515,33.6045488257666,29.491430298115,174,2831
16.772,1878,0,0,123750,707.142857142857,351.428571428571,29.2557342966,35.3020635236073,38986,31.60947,-101.55163,8218,34.9255981384609,33.1824404897931,2,0,7875,28.8668561129787,34.4445304402515,33.5340742766666,29.491430298115,175,2770
18.384,1899,0,0,123750,695.224719101124,345.505617977528,29.2557342966,35.3020635236073,39007,31.62241,-101.56096,8182,42.9852623220513,33.1824404897931,2,0,7883,28.8668561129787,34.4445304402515,33.5340742766666,29.491430298115,178,2777.42
21.264,1900,0,0,124068,713.034482758621,353.448275862069,29.2557342966,35.3020635236073,39059,31.65067,-101.56088,8131,42.9852623220513,33.1824404897931,2,0,7894,28.8668561129787,34.4445304402515,33.5340742766666,29.491430298115,174,2549.86
11.324,1928,0,0,533778,274.577160493827,386.018518518519,43.9274312046667,35.3020635236073,39261,31.64282,-101.45287,8012,29.27409409625,36.1949505422679,1,0,7910,37.4290091722558,34.4445304402515,41.76099037312,36.278109794752,1944,2816.64
19.604,1964,0,0,380342,158.74040066778,233.743739565943,19.604,35.3020635236073,39427,31.50394,-101.51953,8521,33.728401156087,32.4164794,1,0,8422,28.8668561129787,34.4445304402515,40.1636950819355,30.7457542823835,2396,1681.77
10.508,1980,0,0,81040,468.439306358381,564.739884393064,29.2557342966,35.3020635236073,39565,31.62604,-101.5624,8043,42.9852623220513,32.4164794,2,0,7892,28.8668561129787,34.4445304402515,33.5340742766667,29.491430298115,173,1624
17.1,1984,0,0,96746,572.461538461538,1568.04733727811,29.2557342966,35.3020635236073,39563,31.61625,-101.55494,8077,34.9255981384609,32.4164794,2,0,7868,28.8668561129787,34.4445304402515,33.5340742766667,29.491430298115,169,2772
19.908,1987,6264.32,262202.747984,1097475.81857143,602.561105661229,0,42.0641074122059,35.3020635236073,39523,31.5851,-101.39944,8495,34.9255981384609,60.5438804114286,1.59,243207.72,8021,41.9279039310853,41.9279039310853,41.76099037312,36.7742508112792,1825,1622.18
8.544,2004,0,0,81973,219.179144385027,242.312834224599,29.2557342966,35.3020635236073,39622,31.63161,-101.55869,8234,34.9255981384609,32.4164794,2,0,8073,28.8668561129787,34.4445304402515,33.5340742766667,29.491430298115,374,2781.56
21.292,2015,0,0,148000,270.07299270073,145.985401459854,29.2557342966,35.3020635236073,39636,31.61568,-101.5237,8534,42.9852623220513,36.1949505422679,3,0,8398,28.8668561129787,34.4445304402515,33.5340742766667,29.491430298115,548,2743.66
16.4500793,2037,10403.55,342012.99,128796.18,301.699336678208,0,42.0641074122059,35.3020635236073,39693,31.57442,-101.41661,8725,34.9255981384609,32.4164794,6.96,4801.01999999987,8592,41.9279039310853,41.9279039310853,41.76099037312,32.9086855383527,296,1603.86
20.176,2054,10468.26,331908.45,155865.4,254.656611465126,0,42.0641074122059,35.3020635236073,39709,31.58545,-101.42919,8700,33.728401156087,33.1824404897931,6.84,-1.2973032426089e-10,8482,41.9279039310853,41.9279039310853,41.76099037312,34.2846271051079,358,1648.87
20.872,2057,10512.86,244119.84,612160.47,622.340350998724,0,42.0641074122059,35.3020635236073,39715,31.59245,-101.40786,8695,33.728401156087,32.4164794,6.71,41505.6599999999,8466,41.9279039310853,41.9279039310853,41.76099037312,33.0923199892893,224,1596.85
20.18,2060,9886.26,234172.86,299818.31,979.113011870879,0,42.0641074122059,35.3020635236073,39754,31.57057,-101.40396,8693,42.9852623220513,60.5438804114286,7,263009.04,8500,41.9279039310853,41.9279039310853,41.76099037312,35.2719650568095,284,1587.42
21.844,2062,10615.2,382663.68,141155.33,599.756815384068,0,42.0641074122059,35.3020635236073,40350,31.54902,-101.4255,8515,42.9852623220513,36.1949505422679,8,32471.4599999999,8316,41.9279039310853,41.9279039310853,41.76099037312,32.4246374317472,192,1599.9
12.89341834,2063,10742.52,358007.8,133556.49,473.245503424342,0,42.0641074122059,35.3020635236073,40425,31.56388,-101.4551,8651,34.9255981384609,33.1824404897931,8,32471.4599999999,8402,41.9279039310853,41.9279039310853,41.76099037312,32.2577167923617,202,1697.26
13.256,2065,10937.68,373446.88,186025.11,604.406002151461,496.247466494096,42.0641074122059,35.3020635236073,39954,31.60025,-101.45459,8197,34.9255981384609,33.1824404897931,7,17702.2199999999,8058,40.7537482777051,37.5127135714934,41.76099037312,33.4975256433674,108,1626.11
15.34,2073,10524.8,364988.6,136687.5,573.274320774545,0,42.0641074122059,35.3020635236073,40441,31.58197,-101.44207,8605,42.9852623220513,32.4164794,8,32471.4599999999,8392,41.9279039310853,41.9279039310853,41.76099037312,32.4246374317472,202,1624.85
18.776,2074,10124.86,363236.68,154929.19,378.467636687759,0,42.0641074122059,35.3020635236073,39999,31.59646,-101.44187,8225,34.9255981384609,32.4164794,6,4801.01999999987,8048,41.9279039310853,41.9279039310853,41.76099037312,32.4246374317472,184,1627.51
20.812,2076,6030.8,295260.34,1294711.745242,442.081837807456,261.112011319793,42.0641074122059,35.3020635236073,40039,31.59971,-101.40775,8121,33.728401156087,33.1824404897931,1.22,237945.54,7944,42.7100345321863,36.3239278140575,37.884090611413,39.7643071869557,2118,1629
16.496,2079,11266.78,404931.93,118861.83,266.27529492976,0,42.0641074122059,35.3020635236073,39992,31.60748,-101.4502,8275,34.9255981384609,33.1824404897931,6.91,4801.01999999987,8112,41.9279039310853,41.9279039310853,41.76099037312,32.810930595986,172,1645.8
21.412,2080,10109.14,364624.91,126615.92,339.663024924871,0,42.0641074122059,35.3020635236073,40007,31.57834,-101.44212,8195,42.9852623220513,33.1824404897931,6,-1.31985871121287e-10,8010,41.9279039310853,41.9279039310853,41.76099037312,33.6741230382615,172,1629.89
20.272,2083,10902.1,401693.17,127813.29,344.113482170709,0,42.0641074122059,35.3020635236073,40066,31.5892,-101.44197,8326,34.9255981384609,33.1824404897931,7,-1.32058630697429e-10,8008,41.9279039310853,41.9279039310853,40.2891586442666,33.6741230382615,152,1631
20.196,2098,5723.04,228752.72,806797.665242001,313.652114604789,0,42.0641074122059,35.3020635236073,40194,31.62915,-101.42435,8564,34.9255981384609,36.1949505422679,1,27670.4399999999,8402,41.9279039310853,41.9279039310853,41.76099037312,36.2925131554884,1110,1089.11
21.52,2136,9939.78,235935.82,267283.24,886.955983857261,0,42.0641074122059,35.3020635236073,40298,31.5524,-101.40423,8432,34.9255981384609,32.4164794,8,27670.4399999999,8200,41.9279039310853,41.9279039310853,41.76099037312,32.4246374317472,194,1590.36
11.228,2157,13283.9396,349984.97,131878.48,614.525289793786,0,42.0641074122059,35.3020635236073,40462,31.57511,-101.47621,8760,34.9255981384609,32.4164794,8,27670.4399999999,8578,41.9279039310853,41.9279039310853,41.76099037312,32.2577167923617,182,1627.67
13.324,2169,13779.8296,377200.3,133601.03,500.617015206012,0,42.0641074122059,35.3020635236073,40459,31.56021,-101.45084,8612,34.9255981384609,32.4164794,8,32471.4599999999,8396,41.9279039310853,41.9279039310853,41.76099037312,32.2577167923617,196,1710.87
14.672,2171,10220.92,234650.97,273878.16,837.594055754627,0,42.0641074122059,35.3020635236073,40429,31.59237,-101.39933,8403,42.9852623220513,36.1949505422679,8,27670.4399999999,8160,41.9279039310853,41.9279039310853,41.76099037312,32.4246374317472,198,1625.86
20.868,2175,10545.4,365873.68,128997.21,575.418652158085,0,42.0641074122059,35.3020635236073,40442,31.58565,-101.44626,8635,34.9255981384609,33.1824404897931,8,32471.4599999999,8376,41.9279039310853,41.9279039310853,41.76099037312,32.2577167923617,190,1634.93
16.41133366,2176,10298.14,232155.02,270699.88,1254.91424501099,0,42.0641074122059,35.3020635236073,40394,31.54866,-101.3958,8337,34.9255981384609,36.1949505422679,8,27670.4399999999,8130,41.9279039310853,41.9279039310853,41.76099037312,32.4246374317472,180,1849.92
19.884,2194,12800.6748,361038.21,243039.9,415.847394373038,0,42.0641074122059,35.3020635236073,40516,31.58962,-101.47603,8770,42.9852623220513,32.4164794,7,-1.2973032426089e-10,8548,41.9279039310853,41.9279039310853,41.76099037312,33.5072023988759,198,1642.6
19.036,2195,12902.7048,370188.73,214569.07,405.717220899621,0,42.0641074122059,35.3020635236073,40520,31.5931,-101.46317,8725,34.9255981384609,33.1824404897931,7,-1.2973032426089e-10,8496,41.9279039310853,41.9279039310853,41.76099037312,33.5072023988759,186,1618.52
14.80278957,2209,14399.2696,291039.78,284147.73,1222.52551056144,0,42.0641074122059,35.3020635236073,40583,31.54524,-101.41286,8410,42.9852623220513,60.5438804114286,8,375777.78,8206,41.9279039310853,41.9279039310853,41.76099037312,34.6042824992674,190,1586.25
14.912,2218,9508.28479999998,297094.787984,541416,265.660451422964,328.322374877331,42.0641074122059,35.3020635236073,40881,31.61428,-101.40351,8144,42.9852623220513,33.1824404897931,1.08,253821.54,7849,37.4290091722558,34.4445304402515,35.5152920885714,46.1834942366667,2038,3251.37
13.992,2225,13500,1036499,752939,575.201680672269,443.415584415584,31.7563420828205,35.3020635236073,40948,31.54188,-101.39231,8992,42.9852623220513,36.1949505422679,3,0,8738,33.6209619039583,34.4445304402515,40.1636950819355,29.491430298115,1309,1590.92
28.60094527,32,10500,270297,53970,402.761194029851,995.880597014925,31.7563420828205,42.3924508966289,38383,31.67149,-101.5849,8240,34.9255981384609,32.4164794,4,0,6520,33.6209619039583,34.4445304402515,34.7196841066639,29.491430298115,134,1609
30.18,63,0,0,128000,426.666666666667,205,29.2557342966,42.3924508966289,38908,31.65592,-101.53639,8103,42.9852623220513,33.1824404897931,2,0,7959,28.8668561129787,34.4445304402515,33.5340742766667,29.491430298115,300,2560.65
25.04,103,17250,357076,46629,5181,15137.8888888889,31.7563420828205,42.3924508966289,39456,31.71347,-101.59782,9598,33.728401156087,33.1824404897931,6,0,6460,33.6209619039583,34.4445304402515,29.1611113248084,29.491430298115,9,1614
28.784,250,24066,0,137362.19,1037.7650794624,565.217391304348,32.3756994035714,42.3924508966289,40800,31.73061,-101.42734,9985,34.9255981384609,38.5072629434884,8,0,9816,38.1098421782842,34.4445304402515,37.5437461785123,29.491430298115,138,3348.86
26.888,261,24108,0,138954.19,716.986259541266,43.1034482758621,32.3756994035714,42.3924508966289,40626,31.70065,-101.48874,10200,42.9852623220513,38.5072629434884,8,0,9946,37.9971317297883,34.4445304402515,38.2612486099938,29.0242077755869,232,3282.89
24.084,270,32000,596000,129000,434.343434343434,319.86531986532,31.3601172292308,42.3924508966289,40781,31.71955,-101.47231,10080,33.728401156087,38.5072629434884,7,0,9793,37.4290091722558,34.4445304402515,35.5152920885714,29.491430298115,297,3288.46
23.62,272,23000,377000,129000,406.940063091483,299.684542586751,31.3601172292308,42.3924508966289,40734,31.72947,-101.44898,10092,42.9852623220513,38.5072629434884,5,0,9691,37.4290091722558,34.4445304402515,35.5152920885714,29.491430298115,317,3261
26.516,273,30000,398500,111000,392.226148409894,344.52296819788,31.3601172292308,42.3924508966289,40767,31.66599,-101.4159,10135,33.728401156087,38.5072629434884,7,0,9531,37.4290091722558,34.4445304402515,33.5340742766667,29.491430298115,283,1634.03
29.81065115,291,32000,365000,63500,976.923076923077,769.230769230769,31.3601172292308,42.3924508966289,40798,31.69677,-101.44318,10080,42.9852623220513,38.5072629434884,7,0,9769,37.4290091722558,34.4445304402515,35.5152920885714,29.491430298115,65,3312.88
25.35257157,292,32000,350000,81000,801.980198019802,495.049504950495,31.3601172292308,42.3924508966289,40772,31.71565,-101.48907,10086,34.9255981384609,38.5072629434884,7,0,9891,37.4290091722558,34.4445304402515,40.5815291866667,29.491430298115,101,3321
29.872,316,30000,559000,135500,426.100628930818,276.100628930818,31.3601172292308,42.3924508966289,40957,31.73101,-101.53716,10772,38.2716717009337,40.532309680299,7,0,10048,33.6209619039583,34.4445304402515,35.5152920885714,29.491430298115,318,3786.51
29.108,317,29000,0,125000,451.263537906137,270.758122743682,31.3601172292308,42.3924508966289,40835,31.72394,-101.53538,10919,29.27409409625,38.5072629434884,7,0,9911,37.4290091722558,34.4445304402515,40.5815291866667,29.491430298115,277,3724
26.248,323,30000,542500,116000,377.85016286645,298.045602605863,31.3601172292308,42.3924508966289,41023,31.72177,-101.49537,10087,37.5529741162385,40.1016997963448,7,0,9833,33.6209619039583,34.4445304402515,33.5340742766667,29.491430298115,307,3722.02
25.476,327,33000,500500,125000,494.071146245059,296.442687747036,31.3601172292308,42.3924508966289,40945,31.72681,-101.54065,10902,34.9255981384609,38.5072629434884,8,0,9941,37.4290091722558,34.4445304402515,35.5152920885714,29.491430298115,253,3662.98
29.444,343,1008,0,538934.345242001,788.438666316422,336.842105263158,32.3756994035714,42.3924508966289,40815,31.71173,-101.44339,9989,34.9255981384609,60.5438804114286,8,0,9774,37.6124820548597,34.4445304402515,37.2570667777152,29.6989273891716,190,3798.51
29.63266871,415,13000,0,1383522,469.30868385346,37.3134328358209,32.3756994035714,42.3924508966289,40981,31.73041,-101.44487,9900,37.6758240482915,40.3188034390842,1,1383522,9838,49.7438523053846,35.29993055,33.5340742766667,27.4007454598083,2948,3121.3659
26.6,437,6565.62,334893.86,1001088.865242,369.620689952946,249.674372065527,42.0641074122059,42.3924508966289,41078,31.67496,-101.45422,9965,34.9255981384609,38.5072629434884,1,324561.28,9712,49.7438523053846,35.3190255308282,33.5340742766667,36.0753393089233,1976,2064.69
25.276,447,6557.52,362484.66,1763382.355242,406.645005055471,239.462899368076,42.0641074122059,42.3924508966289,41090,31.65509,-101.43738,9906,42.9852623220513,60.5438804114286,1,366633.52,9644,49.7438523053846,35.3275795319257,33.5340742766667,35.3530061876251,2004,2044.28
25.952,458,6166.44,705325.737984,1294012.66,399.954494105087,259.928455420368,32.3756994035714,42.3924508966289,41096,31.66753,-101.49968,10256,34.9255981384609,38.5072629434884,1,251534.22,10119,42.1392978329591,35.6525764748515,37.0748882160788,31.7402410626541,2931,3322.47
28.91222461,1526,5000,192595,500,1.50602409638554,0,31.7563420828205,35.3020635236073,37753,31.55151,-101.59197,8120,42.9852623220513,33.1824404897931,3,0,6653,41.9279039310853,41.9279039310853,41.76099037312,28.3207871441281,332,2587.4
25.408,1564,3000,172000,43000,4300,13200,29.2557342966,35.3020635236073,37774,31.61,-101.56592,8000,34.9255981384609,33.1824404897931,3,0,6326,39.9725296318182,34.4445304402515,40.1636950819355,29.491430298115,10,571
23.428,1586,5000,140309,19290,71.9776119402985,578.358208955224,31.7563420828205,35.3020635236073,37838,31.63724,-101.63155,8430,33.728401156087,33.1824404897931,3,0,8184,33.6209619039583,34.4445304402515,41.8255384615385,29.491430298115,268,1598
24.652,1820,5000,192568,54324,174.675241157556,430.549839228296,31.7563420828205,35.3020635236073,38807,31.57699,-101.59526,8125,34.9255981384609,33.1824404897931,3,0,6692,33.6209619039583,34.4445304402515,34.0337015423014,29.491430298115,311,562.89
30.248,1842,0,0,253134,303.882352941176,121.036014405762,29.2557342966,35.3020635236073,38827,31.58415,-101.51374,8500,34.9255981384609,33.1824404897931,2,0,8405,28.8668561129787,34.4445304402515,32.3433117442974,29.491430298115,833,1631.63
23.70705727,1855,0,0,129900,733.898305084746,347.457627118644,29.2557342966,35.3020635236073,38867,31.60813,-101.57414,8267,42.9852623220513,33.1824404897931,2,0,7912,28.8668561129787,34.4445304402515,33.3198755688666,29.491430298115,177,575.32
27.472,1856,0,0,131800,748.863636363636,279.829545454545,29.2557342966,35.3020635236073,38854,31.61703,-101.56814,8061,33.728401156087,33.1824404897931,2,0,7891,28.8668561129787,34.4445304402515,33.5340742766667,29.491430298115,176,1641
26.04,1861,0,0,129900,764.117647058824,361.764705882353,29.2557342966,35.3020635236073,38894,31.6287,-101.54973,8072,42.9852623220513,36.1949505422679,2,0,7857,28.8668561129787,34.4445304402515,33.5340742766667,29.491430298115,170,1620
30.284,1868,0,0,123750,727.941176470588,361.764705882353,29.2557342966,35.3020635236073,38958,31.63872,-101.56208,8215,34.9255981384609,33.1824404897931,2,0,7888,28.8668561129787,34.4445304402515,33.5340742766666,29.491430298115,170,1731
29.488,1930,0,0,237846,301.45247148289,139.542458808619,29.2557342966,35.3020635236073,39239,31.59996,-101.52757,8531,42.9852623220513,33.1824404897931,2,0,8413,28.8668561129787,34.4445304402515,33.5340742766666,29.491430298115,789,1614.2
27.024,1937,0,0,50738,311.276073619632,812.883435582822,29.2557342966,35.3020635236073,39268,31.64513,-101.56794,8122,34.9255981384609,33.1824404897931,2,0,7910,28.8668561129787,34.4445304402515,33.6762463565652,29.491430298115,163,2569
28.836,1958,0,0,180096,233.587548638132,115.583657587549,29.2557342966,35.3020635236073,39293,31.62445,-101.53523,8504,42.9852623220513,60.5438804114286,2,0,8413,28.8668561129787,34.4445304402515,33.5340742766667,29.491430298115,771,1618.52
30.264,1986,7475.22,308093.36,122616.54,269.726868172542,0,42.0641074122059,35.3020635236073,39524,31.60375,-101.44177,8564,34.9255981384609,36.1949505422679,5.24,4801.01999999987,8034,41.9279039310853,41.9279039310853,41.76099037312,32.8109305959861,165,1605.52
27.468,1998,10598.2,354540.6,122728.91,276.537150579366,0,42.0641074122059,35.3020635236073,39560,31.57462,-101.43359,8530,33.728401156087,32.4164794,6.96,4801.01999999987,8371,41.9279039310853,41.9279039310853,41.76099037312,32.8109305959861,301,1636.46
29.132,1999,9943.2,240057.73,636882.3,638.266838780665,0,42.0641074122059,35.3020635236073,39579,31.58524,-101.41221,8715,33.728401156087,33.1824404897931,7,46306.6799999999,8303,41.9279039310853,41.9279039310853,41.76099037312,34.5946057437589,343,1634.06
23.77308795,2018,0,0,266500,334.378920953576,51.693851944793,29.2557342966,35.3020635236073,39822,31.59294,-101.52539,8527,42.9852623220513,33.1824404897931,2,0,8392,28.8668561129787,34.4445304402515,33.5340742766667,29.6989273891715,797,1604.38
27.38,2020,6000,207161,48451,428.769911504425,1211.15044247788,31.7563420828205,35.3020635236073,39614,31.58751,-101.59855,8201,42.9852623220513,33.1824404897931,4,0,6524,33.6209619039583,34.4445304402515,31.4437348589343,29.491430298115,113,565.9
26.296,2028,10415.64,238260.86,285445.19,858.666955460692,0,42.0641074122059,35.3020635236073,39627,31.57789,-101.40384,8700,34.9255981384609,60.5438804114286,6.78,241734.36,8400,41.9279039310853,41.9279039310853,41.76099037312,35.2719650568095,150,1607.48
29.396,2029,10450.24,333120.57,137643.77,299.160232056487,0,42.0641074122059,35.3020635236073,39630,31.57814,-101.42506,8723,33.728401156087,36.1949505422679,7,4801.01999999987,8364,41.9279039310853,41.9279039310853,41.76099037312,32.9778512353716,356,1624.2
26.532,2059,11215.34,390407.19,121395.86,375.410405666401,0,42.0641074122059,35.3020635236073,40091,31.59258,-101.4206,8250,34.9255981384609,33.1824404897931,7,27670.4399999999,7982,41.9279039310853,41.9279039310853,32.93,32.4246374317472,170,1636
23.48,2075,9760.94,202699.65,268151.2,695.064447386967,0,42.0641074122059,35.3020635236073,40136,31.60701,-101.40764,8208,33.728401156087,33.1824404897931,7,41505.6599999999,7990,41.9279039310853,41.9279039310853,41.76099037312,34.5946057437589,168,1641.03
23.88,2093,12000,595908,48762,2438.1,6222.15,31.7563420828205,35.3020635236073,40255,31.56387,-101.4089,8593,34.9255981384609,33.1824404897931,7,0,5790,33.6209619039583,34.4445304402515,41.8255384615385,29.491430298115,20,1597.72
26.412,2099,10080,964152,964152,447.402320185615,519.721577726218,43.9274312046667,35.3020635236073,40374,31.53287,-101.55439,8480,33.728401156087,36.1949505422679,1,0,8337,39.9725296318182,34.4445304402515,40.1636950819355,34.9020564554704,2155,1606.67
23.716,2106,10609.1,426000.85,281197.75,520.745163827487,0,42.0641074122059,35.3020635236073,40216,31.59266,-101.4286,8527,42.9852623220513,36.1949505422679,7,83262.8999999999,8356,41.9279039310853,41.9279039310853,41.76099037312,33.264079006429,196,1616.89
30.128,2108,10680.34,378781.01,135156.99,512.009034452333,0,42.0641074122059,35.3020635236073,40238,31.56728,-101.4337,8518,42.9852623220513,32.4164794,8,37272.4799999999,8272,41.9279039310853,41.9279039310853,41.76099037312,32.4246374317472,176,1696.5
27.572,2124,10276.98,358649.4,129733.38,347.934323171418,0,42.0641074122059,35.3020635236073,40301,31.58594,-101.47182,8775,34.9255981384609,33.1824404897931,7,27670.4399999999,8528,41.9279039310853,41.9279039310853,41.76099037312,32.6727109744748,190,1094.79
23.696,2129,10746.94,374271.2,133377.15,485.99116138878,0,42.0641074122059,35.3020635236073,40294,31.59678,-101.4677,8737,34.9255981384609,32.4164794,8,27670.4399999999,8464,41.9279039310853,41.9279039310853,41.76099037312,32.2577167923617,194,1614.19
23.924,2137,10815.04,374892.85,133647.15,496.529427150361,0,42.0641074122059,35.3020635236073,40287,31.60762,-101.46296,8720,34.9255981384609,33.1824404897931,8,27670.4399999999,8470,41.9279039310853,41.9279039310853,41.76099037312,32.3268824893805,192,1609.85
28.812,2153,10231.24,370260.51,209990.81,374.502266294518,0,42.0641074122059,35.3020635236073,40317,31.58227,-101.46788,8737,34.9255981384609,33.1824404897931,7,-1.2973032426089e-10,8526,41.9279039310853,41.9279039310853,41.76099037312,33.5072023988759,190,1636.04
28.78,2162,10410.76,379771.32,129767.22,584.321873742596,0,42.0641074122059,35.3020635236073,40347,31.54912,-101.43397,8549,34.9255981384609,33.1824404897931,8,32471.4599999999,8366,41.9279039310853,41.9279039310853,41.76099037312,32.4246374317472,192,1611
27.02,2164,12660.6848,360877.1,214439.24,366.031569335155,0,42.0641074122059,35.3020635236073,40584,31.57118,-101.45924,8660,34.9255981384609,33.1824404897931,7,-1.2973032426089e-10,8498,41.9279039310853,41.9279039310853,41.76099037312,33.5763680958948,195,1633.07
23.408,2173,11833.68,395106.9,137717.4,353.904509413874,0,42.0641074122059,35.3020635236073,40408,31.61716,-101.44153,8318,34.9255981384609,60.5438804114286,7,19636.6799999999,8032,41.9279039310853,41.9279039310853,41.76099037312,32.4246374317472,165,1648.23
27.532,2185,14439.6096,353660.52,158707.6,532.425603332131,0,42.0641074122059,35.3020635236073,40589,31.59987,-101.42475,8560,42.9852623220513,33.1824404897931,8,32471.4599999999,8350,41.9279039310853,41.9279039310853,41.76099037312,32.4246374317472,188,1625.46
30.508,2186,14087.2096,387365.92,131866.7,517.511164000157,0,42.0641074122059,35.3020635236073,40518,31.6035,-101.42044,8528,34.9255981384609,32.4164794,8,32471.4599999999,8368,41.9279039310853,41.9279039310853,41.76099037312,32.4246374317472,196,1613.06
26.76028006,2192,14484.3496,347993.2,153353.25,364.226762593248,0,42.0641074122059,35.3020635236073,40588,31.61368,-101.44797,8563,34.9255981384609,32.4164794,7,4801.01999999987,8054,41.9279039310853,41.9279039310853,41.76099037312,32.2577167923617,168,1630
26.68,2193,13203.8848,362233.47,223366.44,418.40925219352,0,42.0641074122059,35.3020635236073,40486,31.60771,-101.47152,8776,42.9852623220513,33.1824404897931,7,-1.2973032426089e-10,8524,41.9279039310853,41.9279039310853,41.76099037312,33.5072023988759,194,1614.19
24.12,2198,12917.8896,234742.61,280457.32,852.759079094688,0,42.0641074122059,35.3020635236073,40538,31.57067,-101.41243,8487,42.9852623220513,33.1824404897931,8,32471.4599999999,8324,41.9279039310853,41.9279039310853,41.76099037312,34.2607644649879,204,1711.7
27.724,2200,13567.1048,392464.92,156415.66,365.186394901705,0,42.0641074122059,35.3020635236073,40546,31.58177,-101.425,8530,34.9255981384609,32.4164794,7,4801.01999999987,8324,41.9279039310853,41.9279039310853,41.76099037312,32.4246374317472,190,1633.23
28.208,2202,14191.9896,376656.73,155006.58,546.21306054732,0,42.0641074122059,35.3020635236073,40548,31.5781,-101.42082,8530,34.9255981384609,33.1824404897931,8,32471.4599999999,8298,41.9279039310853,41.9279039310853,41.76099037312,32.4246374317472,182,1620.53
27.824,2206,13175.4048,363664.97,217145.2,359.211163050399,0,42.0641074122059,35.3020635236073,40565,31.5676,-101.46352,8650,34.9255981384609,32.4164794,7,-1.2973032426089e-10,8490,41.9279039310853,41.9279039310853,41.76099037312,33.5072023988759,196,1761.73
24.276,2211,12152.28,378525.17,198056.74,532.122958679758,462.357548647409,42.0641074122059,35.3020635236073,40661,31.62717,-101.4412,8281,34.9255981384609,33.1824404897931,7,17702.2199999999,8056,40.7049800498444,36.3902075478683,39.8540694817799,33.6644462827529,156,1623.49
23.452,2220,10080,836892,836892,381.098360655738,310.66029143898,43.9274312046667,35.3020635236073,40854,31.52916,-101.52375,9958,33.728401156087,36.1949505422679,1,0,9840,39.9725296318182,34.4445304402515,40.1636950819355,34.9307574733447,2196,1371.6279
27.78,2221,10080,826392,826392,325.60756501182,286.72182821119,43.9274312046667,35.3020635236073,40846,31.5342,-101.51575,10144,33.728401156087,33.1824404897931,1,0,9711,39.9725296318182,34.4445304402515,40.1636950819355,35.0117986041603,2538,1047.54
24.508,2250,6477.51,376583.16,1777514.565242,408.480630377696,239.756680424609,42.0641074122059,35.3020635236073,41091,31.63296,-101.43209,9870,42.9852623220513,60.5438804114286,1,363967.34,9652,49.7438523053846,35.3275795319257,33.5340742766667,35.1860855482396,2001,2059.65
25.484,2252,10315.8496,426685.325968,1675768.065242,861.715479092412,0,42.0641074122059,35.3020635236073,41039,31.61058,-101.40334,8150,42.9852623220513,36.1949505422679,1,293368.74,7861,41.9279039310853,41.9279039310853,41.76099037312,36.03520387843,2060,3260.76
42.256,17,5000,198996,500,1.47492625368732,0,31.7563420828205,42.3924508966289,37810,31.65389,-101.62808,8335,34.9255981384609,33.1824404897931,3,0,6843,41.9279039310853,41.9279039310853,41.76099037312,28.1419910709458,339,1585
38.49591628,26,0,317478,317478,118.994752623688,144.299100449775,43.9274312046667,42.3924508966289,38010,31.7163,-101.52017,10550,33.728401156087,32.4164794,1,0,8823,33.6209619039583,34.4445304402515,38.49591628,34.4228467266191,2668,1640
42.264,35,0,0,131800,443.771043771044,165.824915824916,29.2557342966,42.3924508966289,38755,31.65334,-101.53122,8064,42.9852623220513,33.1824404897931,2,0,7938,28.8668561129787,34.4445304402515,33.5340742766667,29.491430298115,297,2567.16
39.468,38,0,0,252900,418.01652892562,164.876033057851,29.2557342966,42.3924508966289,38818,31.70983,-101.54853,8223,34.9255981384609,33.1824404897931,2,0,7961,28.8668561129787,34.4445304402515,33.5340742766667,29.491430298115,605,1621
31.07150317,58,0,0,74004,1850.1,2708.3,31.7563420828205,42.3924508966289,39139,31.70227,-101.6474,8851,33.728401156087,32.4164794,4,0,8440,37.4290091722558,34.4445304402515,28.0475411571008,29.491430298115,40,1564
32.076,112,6000,211068,44167,315.478571428571,996.071428571429,31.7563420828205,42.3924508966289,39542,31.68924,-101.62125,8362,33.728401156087,33.1824404897931,4,0,6680,33.6209619039583,34.4445304402515,32.8343294555433,29.491430298115,140,549
34.512,155,0,0,41512319.5242001,15486.9163367298,297.560283687943,31.3601172292308,42.3924508966289,40211,31.71028,-101.49617,9937,33.728401156087,38.5072629434884,1,0,9833,28.8668561129787,34.4445304402515,40.1636950819355,32.3317208671348,2679,3183.03
41.68,189,15834,24110,24110,5.60176579925651,437085.63622892,43.9274312046667,42.3924508966289,40518,31.6895,-101.52123,10613,34.9255981384609,38.5072629434884,1,0,10474,39.9725296318182,34.4445304402515,40.1636950819355,29.6328424127964,4304,3848.3094
32.736,275,26000,368500,108000,565.44502617801,418.848167539267,31.3601172292308,42.3924508966289,40770,31.65419,-101.4212,10093,42.9852623220513,38.5072629434884,6,0,9521,37.4290091722558,34.4445304402515,35.5152920885714,29.491430298115,191,1093.07
41.792,306,29000,412500,123000,600,365.853658536585,31.3601172292308,42.3924508966289,40794,31.72296,-101.55754,10711,42.9852623220513,60.5438804114286,8,0,10198,37.4290091722558,34.4445304402515,40.5815291866667,29.491430298115,205,3815.73
36.408,332,29000,417000,111000,299.191374663073,264.150943396226,31.3601172292308,42.3924508966289,40898,31.66999,-101.44441,10067,34.9255981384609,38.5072629434884,7,0,9785,37.4290091722558,34.4445304402515,35.5152920885714,36.408,371,3768.03
32.164,386,32000,442000,118000,441.947565543071,310.861423220974,31.3601172292308,42.3924508966289,40935,31.7182,-101.48035,10057,38.7878226527237,40.8159100330752,7,118000,9747,49.7438523053846,34.4445304402515,35.5152920885714,29.491430298115,267,3465.92242190476
36.36439764,398,30500,422000,1500,166.666666666667,0,31.3601172292308,42.3924508966289,40884,31.70137,-101.45425,10024,36.0178669056266,43.7404250224032,7,0,5357,41.9279039310853,41.9279039310853,41.76099037312,28.2684470311867,9,3062.7387
37.772,410,30000,532500,128000,442.906574394464,314.878892733564,31.3601172292308,42.3924508966289,40972,31.72497,-101.46528,10120,38.1225880488519,38.7651274952242,7,0,9909,33.6209619039583,34.4445304402515,33.5340742766667,29.491430298115,289,3614.39535079365
39.552,455,6159.04,317049.02,1824689.860484,431.961557145098,271.215183590928,42.0641074122059,42.3924508966289,41154,31.66281,-101.45887,9922,33.728401156087,60.5438804114286,1,350590.98,9718,49.7438523053846,35.402413266834,33.5340742766667,36.1541817614507,1986,2073.81
38.48,1525,3500,197736,56910,355.6875,835.04375,31.7563420828205,35.3020635236073,37754,31.54521,-101.58526,8112,34.9255981384609,33.1824404897931,3,0,6468,33.6209619039583,34.4445304402515,41.76099037312,29.491430298115,160,2771.06
36.91160307,1561,6000,181370,99400,856.896551724138,264.655172413793,29.2557342966,35.3020635236073,37743,31.64331,-101.55852,8300,34.9255981384609,33.1824404897931,4,0,8178,28.8668561129787,34.4445304402515,38.0793685537911,29.491430298115,116,2655.79
34.89567384,1563,3000,172200,43500,4350,13000,29.2557342966,35.3020635236073,37774,31.6183,-101.54685,8047,42.9852623220513,32.4164794,3,0,6276,39.9725296318182,34.4445304402515,40.1636950819355,29.491430298115,10,572
39.388,1612,5000,190096,49182,153.69375,407.990625,31.7563420828205,35.3020635236073,37963,31.59617,-101.59249,8180,33.728401156087,32.4164794,3,0,6701,33.6209619039583,34.4445304402515,37.4414488907494,29.491430298115,320,1599.33
40.528,1687,5000,195552,56112,287.753846153846,677.28717948718,31.7563420828205,35.3020635236073,38302,31.55403,-101.5968,8150,42.9852623220513,33.1824404897931,3,0,6541,33.6209619039583,34.4445304402515,38.2706619150152,29.491430298115,195,1404.36
36.31888501,1807,0,0,259400,336.883116883117,127.922077922078,29.2557342966,35.3020635236073,38705,31.60346,-101.52867,8500,42.9852623220513,36.1949505422679,2,0,8380,28.8668561129787,34.4445304402515,33.5340742766667,29.491430298115,770,1610.1
38.86579378,1810,0,0,259400,323.441396508728,122.817955112219,29.2557342966,35.3020635236073,38723,31.59383,-101.52146,8480,42.9852623220513,60.5438804114286,2,0,8385,28.8668561129787,34.4445304402515,33.4092019220834,29.491430298115,802,1599.02
31.956,1811,0,0,259400,301.97904540163,114.668218859139,29.2557342966,35.3020635236073,38720,31.58863,-101.51083,8526,34.9255981384609,33.1824404897931,2,0,8434,28.8668561129787,34.4445304402515,32.9801590255993,29.491430298115,859,1629.02
34.4131975,1831,5250,199702,56722,175.067901234568,429.41975308642,31.7563420828205,35.3020635236073,38994,31.61702,-101.59906,8260,29.27409409625,33.1824404897931,3,0,6727,33.6209619039583,34.4445304402515,34.3837680670732,29.491430298115,324,1590
34.664,1844,5250,195638,55997,1806.35483870968,4353.38709677419,31.7563420828205,35.3020635236073,39015,31.62709,-101.58001,8172,34.9255981384609,33.1824404897931,3,0,6372,33.6209619039583,34.4445304402515,28.7396530633946,29.491430298115,31,558
33.50169037,1858,0,0,255700,299.414519906323,129.683840749415,29.2557342966,35.3020635236073,38867,31.58157,-101.50855,8512,42.9852623220513,36.1949505422679,2,0,8409,28.8668561129787,34.4445304402515,33.5340742766667,29.491430298115,854,2834.49
36.77679768,1876,0,0,123732,699.050847457627,347.457627118644,29.2557342966,35.3020635236073,38971,31.61922,-101.56047,8211,42.9852623220513,33.1824404897931,2,0,7886,28.8668561129787,34.4445304402515,33.5340742766666,29.491430298115,177,2764
38.736,1908,5250,193327,52968,1431.56756756757,3601.94594594595,31.7563420828205,35.3020635236073,39083,31.59881,-101.61528,8223,42.9852623220513,32.4164794,3,0,6478,33.6209619039583,34.4445304402515,26.0483415630027,29.491430298115,37,866.08
39.956,1919,0,0,123732,246.97005988024,122.754491017964,29.2557342966,35.3020635236073,39099,31.63719,-101.55234,8111,42.9852623220513,36.1949505422679,2,0,7869,37.4290091722558,34.4445304402515,33.8663280638817,29.491430298115,501,2773
41.63943828,1922,0,0,122738,713.593023255814,357.558139534884,29.2557342966,35.3020635236073,39119,31.63936,-101.54416,8171,42.9852623220513,36.1949505422679,2,0,7879,37.4290091722558,34.4445304402515,33.8669735447659,29.491430298115,172,1617.15
34.8,1936,0,0,215100,267.870485678705,225.716064757161,29.2557342966,35.3020635236073,39282,31.61928,-101.52545,8526,42.9852623220513,33.1824404897931,2,0,8402,28.8668561129787,34.4445304402515,33.5340742766667,29.491430298115,803,1618.53
31.10518902,1959,0,0,57456,171,74.3452380952381,29.2557342966,35.3020635236073,39351,31.58786,-101.49738,8508,42.9852623220513,36.1949505422679,3,0,8395,28.8668561129787,34.4445304402515,33.5340742766667,29.491430298115,336,1627.49
32.204,1960,0,0,227482,267.941107184923,191.259128386337,29.2557342966,35.3020635236073,39315,31.58887,-101.4929,8536,42.9852623220513,36.1949505422679,2,0,8362,28.8668561129787,34.4445304402515,33.5340742766667,29.491430298115,849,1630.56
39.328,2077,11180.34,388157.19,120789.39,358.316826539074,0,42.0641074122059,35.3020635236073,40121,31.58535,-101.42071,8306,34.9255981384609,33.1824404897931,7,27670.4399999999,7972,41.9279039310853,41.9279039310853,32.93,32.4246374317472,176,1644.63
37.532,2084,12000,566138,45066,9013.2,24194.2,31.7563420828205,35.3020635236073,40146,31.56374,-101.39485,9098,34.9255981384609,60.5438804114286,8,0,5739,33.6209619039583,34.4445304402515,41.8255384615385,29.491430298115,5,1576
33.488,2087,10878.1,372033.1,122770.76,454.884536941489,0,42.0641074122059,35.3020635236073,40150,31.62904,-101.41578,8504,33.728401156087,60.5438804114286,7.9,47307.1199999999,8368,41.9279039310853,41.9279039310853,41.76099037312,32.4246374317472,198,1639.98
36.01964551,2101,7560,648102,648102,288.045333333333,366.044444444444,43.9274312046667,35.3020635236073,40291,31.53994,-101.54474,8510,42.9852623220513,36.1949505422679,1,0,8406,33.6209619039583,34.4445304402515,40.3874953238976,35.0689770948559,2250,1620.24
36.188,2107,10234.64,264771.06,314944.42,1227.21540313307,0,42.0641074122059,35.3020635236073,40202,31.57422,-101.39962,8417,42.9852623220513,38.5072629434884,8,289124.64,8226,41.9279039310853,41.9279039310853,41.76099037312,35.2719650568095,196,1586.42
30.7,2125,10762.22,389679.93,141836.16,493.980004786772,0,42.0641074122059,35.3020635236073,40275,31.57076,-101.42029,8510,34.9255981384609,36.1949505422679,8,32471.4599999999,8290,41.9279039310853,41.9279039310853,41.76099037312,32.4246374317472,192,1665.48
42.036,2131,8568,699216,699216,302.690909090909,390.199134199134,43.9274312046667,35.3020635236073,40370,31.57343,-101.51137,8524,34.9255981384609,33.1824404897931,1,0,8412,33.6209619039583,34.4445304402515,40.4508346689821,35.3742291282792,2310,1634.1
39.816,2135,5376.42,193041.61,1184505.465242,195.06964815487,0,42.0641074122059,35.3020635236073,40295,31.5636,-101.42951,8547,42.9852623220513,33.1824404897931,1.27,32471.4599999999,8276,41.9279039310853,41.9279039310853,41.76099037312,36.0683022528808,2432,1613.86
39.044,2147,10584,1646945.7984,1647366,402.385442110405,170.282608695652,43.9274312046667,35.3020635236073,40437,31.52764,-101.46834,10130,42.9852623220513,33.1824404897931,1,0,10020,39.9725296318182,34.4445304402515,40.1636950819355,32.7158153530854,4094,3904.97
32.252,2154,10702.76,376218.56,139773.25,494.711786569878,0,42.0641074122059,35.3020635236073,40312,31.60748,-101.47582,8770,42.9852623220513,43.184,8,47307.1199999999,8510,41.9279039310853,41.9279039310853,41.76099037312,32.3268824893805,196,1614.2
37.14,2155,10020.42,249699.26,274097.81,1220.20448318247,0,42.0641074122059,35.3020635236073,40326,31.52707,-101.3965,8355,34.9255981384609,33.1824404897931,8,32471.4599999999,8138,41.9279039310853,41.9279039310853,41.76099037312,32.4246374317472,204,1899.3
39.416,2156,9810.9,417258.137984,142702.16,599.840820437505,0,42.0641074122059,35.3020635236073,40330,31.50567,-101.45596,8547,42.9852623220513,33.1824404897931,8,32471.4599999999,8302,41.9279039310853,41.9279039310853,41.76099037312,32.2577167923617,188,1596.89
40.828,2159,10705,1020642,1020642,317.75902864259,253.592777085928,43.9274312046667,35.3020635236073,40410,31.53124,-101.46404,10100,42.9852623220513,33.1824404897931,1,0,10000,39.9725296318182,34.4445304402515,40.1636950819355,34.9020564554704,3212,3203.26
38.652,2160,14070,1020810,1020810,247.769417475728,228.567961165049,43.9274312046667,35.3020635236073,40472,31.5275,-101.46409,10100,42.9852623220513,33.1824404897931,1,0,10035,39.9725296318182,34.4445304402515,40.1636950819355,35.1432047146819,4120,3905.37
31.16,2161,10685.76,346180.57,133624.32,494.343098086964,0,42.0641074122059,35.3020635236073,40393,31.60014,-101.44606,8648,34.9255981384609,33.1824404897931,8,32471.4599999999,8468,41.9279039310853,41.9279039310853,41.76099037312,32.3268824893805,198,2925.65
33.034,2180,10748.56,383049.15,131782.27,482.818313598721,0,42.0641074122059,35.3020635236073,40424,31.63583,-101.42431,8586,34.9255981384609,32.4164794,8,32471.4599999999,8388,41.9279039310853,41.9279039310853,41.76099037312,32.4246374317472,200,1644.82
30.632,2184,15059.6896,388347.03,141173.39,362.889576972964,0,42.0641074122059,35.3020635236073,40504,31.61129,-101.43778,8247,42.9852623220513,60.5438804114286,7,19636.6799999999,8034,41.9279039310853,41.9279039310853,41.76099037312,32.4246374317472,168,1652.45
34.624,2190,12395.2748,360801.1,214455.79,381.223265826106,0,42.0641074122059,35.3020635236073,40487,31.58236,-101.47612,8780,34.9255981384609,33.1824404897931,7,-1.2973032426089e-10,8554,41.9279039310853,41.9279039310853,41.76099037312,33.5072023988759,192,1639.27
32.952,2197,14178.1296,389948.49,131776.04,499.808032295972,0,42.0641074122059,35.3020635236073,40520,31.58913,-101.42489,8532,34.9255981384609,32.4164794,8,32471.4599999999,8326,41.9279039310853,41.9279039310853,41.76099037312,32.4246374317472,203,1649.69
31.888,2199,13165.6096,236102.17,277293.49,988.25123806006,0,42.0641074122059,35.3020635236073,40515,31.57432,-101.40813,8500,42.9852623220513,36.1949505422679,8,27670.4399999999,8263,41.9279039310853,41.9279039310853,41.76099037312,32.4246374317472,186,1588.19
30.764,2201,12888.4848,360155.5,213334.83,374.003713462662,0,42.0641074122059,35.3020635236073,40557,31.57869,-101.47193,8764,34.9255981384609,33.1824404897931,7,-1.2973032426089e-10,8591,41.9279039310853,41.9279039310853,41.76099037312,33.5072023988759,207,1636.94
30.608,2204,12933.3848,369764.42,213038.15,397.80258156944,0,42.0641074122059,35.3020635236073,40553,31.54922,-101.44252,8585,42.9852623220513,33.1824404897931,7,4801.01999999987,8376,41.9279039310853,41.9279039310853,41.76099037312,32.4246374317472,197,1617.79
35.9,2216,13902.8048,349101.56,190452.6,338.578676505146,0,42.0641074122059,35.3020635236073,40742,31.62704,-101.43458,8314,42.9852623220513,33.1824404897931,7,-1.2973032426089e-10,8104,41.9279039310853,41.9279039310853,41.76099037312,33.6741230382615,272,1630.8
35.624,2217,10168.6096,331477.107984,2040469.135242,1161.46719414624,0,42.0641074122059,35.3020635236073,40790,31.54109,-101.39595,8370,42.9852623220513,33.1824404897931,1,239282.4,8136,41.9279039310853,41.9279039310853,41.76099037312,35.8682832390445,2440,1606.94
40.632,2234,9642.66959999996,289026.937984,859268.335242001,255.309365998256,0,42.0641074122059,35.3020635236073,40937,31.62685,-101.44729,8295,34.9255981384609,60.5438804114286,1,19636.6799999999,8052,41.9279039310853,41.9279039310853,41.76099037312,35.8203404826796,2054,1617.64
33.152,2238,7865.22,313947.85,543922,265.19843978547,342.78156996587,42.0641074122059,35.3020635236073,40937,31.64411,-101.43121,8330,42.9852623220513,60.5438804114286,1.05,66712.6599999999,8030,37.4290091722558,34.4445304402515,35.5152920885714,39.1657903264325,2051,1625.61
35.184,2241,7952.36479999998,289545.03,1174436.335242,311.828278361733,0,42.0641074122059,35.3020635236073,40958,31.63757,-101.42883,8340,42.9852623220513,36.1949505422679,1,107656.08,8012,41.9279039310853,41.9279039310853,41.76099037312,37.103253712296,1700,1635.83
37.424,2247,10080,960246,960246,303.683111954459,179.633143580013,43.9274312046667,35.3020635236073,41061,31.51177,-101.48887,9935,34.9255981384609,36.1949505422679,1,0,9795,39.9725296318182,34.4445304402515,40.1636950819355,35.126267358078,3162,2254.59
33.536,2248,9072,914004,914004,461.385159010601,304.250378596668,43.9274312046667,35.3020635236073,41010,31.53511,-101.48412,9950,34.9255981384609,32.4164794,1,0,9835,39.9725296318182,34.4445304402515,40.1636950819355,35.2526115457925,1981,2185.58
37.556,2251,6681.71,404989.6,1802035.555242,379.390992892744,251.160387881597,42.0641074122059,35.3020635236073,41151,31.57472,-101.44217,9910,42.9852623220513,32.4164794,1,369612.26,9661,49.7438523053846,35.3190255308282,33.5340742766667,36.2686505153684,2071,2155.17
34.92,2254,10500,940950,658810,726.361631753032,526.553472987872,31.7563420828205,35.3020635236073,41109,31.52041,-101.42604,9678,34.9255981384609,36.1949505422679,3,0,8318,33.6209619039583,34.4445304402515,41.8255384615385,29.491430298115,907,1925.14
55.3862174,55,0,0,241752,233.802707930368,59.4777562862669,29.2557342966,42.3924508966289,39052,31.65737,-101.56293,8177,34.9255981384609,33.1824404897931,1,0,7306,28.8668561129787,34.4445304402515,33.5340742766667,29.491430298115,1034,2480.45
46.04231632,59,0,0,98658,2466.45,3381.2,31.7563420828205,42.3924508966289,38937,31.69705,-101.63656,8835,33.728401156087,33.1824404897931,3,0,8230,37.4290091722558,34.4445304402515,27.8603835539418,29.491430298115,40,1544
58.952,200,22092,1122618,1122618,321.851490825688,291.857798165138,43.9274312046667,42.3924508966289,40558,31.68072,-101.52661,10540,34.9255981384609,60.5438804114286,1,0,10394,39.9725296318182,34.4445304402515,40.1636950819355,33.5310650389959,3488,3630.1
90.188,201,16000,0,306600,1952.86624203822,1168.15286624204,113.629288886667,42.3924508966289,40496,31.67846,-101.47281,10025,33.728401156087,32.4164794,5,0,9866,28.8668561129787,34.4445304402515,36.263788513005,35.0738154726102,157,2170.08
423.792,258,27372.7093999999,323920.017984,305466.89,547.815958672645,0,42.0641074122059,42.3924508966289,40735,31.6577,-101.43634,10200,42.9852623220513,60.5438804114286,12,75500.88,10061,41.9279039310853,41.9279039310853,41.76099037312,32.6728227470012,257,4030.24
152.468,259,15500,0,420000,1031.94103194103,633.906633906634,113.629288886667,42.3924508966289,40665,31.67198,-101.49734,10373,34.9255981384609,60.5438804114286,5,2016000,10223,49.7438523053846,34.4445304402515,33.5340742766667,34.198747596538,407,2496.04
257.668,265,29405.8343999999,326689.96,283971.62,554.107410162364,0,42.0641074122059,42.3924508966289,40881,31.66448,-101.45051,10346,34.9255981384609,60.5438804114286,12,208496.62,10200,41.9279039310853,41.9279039310853,41.76099037312,31.6285237807288,252,3793.2158
109.128,286,12096,0,927948,273.086521483225,254.984696880518,43.9274312046667,42.3924508966289,40771,31.72321,-101.52211,10533,42.9852623220513,36.1949505422679,1,0,10448,37.4290091722558,34.4445304402515,40.1636950819355,30.3313128939745,3398,3567.0406
45.868,322,29000,427000,96000,401.673640167364,355.648535564854,31.3601172292308,42.3924508966289,40888,31.67721,-101.44663,10016,42.9852623220513,38.5072629434884,7,0,9817,37.4290091722558,34.4445304402515,35.5152920885714,29.491430298115,239,3238.18
48.432,324,29000,407000,111000,285.347043701799,250.642673521851,31.3601172292308,42.3924508966289,40853,31.6918,-101.49471,9988,34.9255981384609,38.5072629434884,7,0,9891,37.4290091722558,34.4445304402515,35.5152920885714,29.491430298115,389,3834.42
57.56,325,25000,338000,111000,381.443298969072,335.051546391753,31.3601172292308,42.3924508966289,40863,31.68399,-101.41708,10036,42.9852623220513,38.5072629434884,6,0,9631,37.4290091722558,34.4445304402515,35.5152920885714,29.491430298115,291,3748.41
44.064,333,29000,417000,111000,376.271186440678,332.203389830508,31.3601172292308,42.3924508966289,40833,31.68065,-101.43381,10088,42.9852623220513,38.5072629434884,7,0,9655,37.4290091722558,34.4445304402515,40.5815291866667,29.491430298115,295,3731.87
57.912,360,0,0,168000,55.7768924302789,312.779983315098,32.3756994035714,42.3924508966289,40852,31.72877,-101.43556,9980,36.0226015537206,40.5919044952336,1,0,9888,37.4290091722558,34.4616384424465,36.6920133394344,31.3778105385352,3012,3231.7513
61.836,371,7323.12,263094.897142857,367906,247.581426648721,301.543741588156,42.0641074122059,42.3924508966289,40910,31.67199,-101.46035,8738,34.9255981384609,38.5072629434884,1,-1.26383383758366e-10,8524,37.4290091722558,34.4445304402515,40.5815291866667,46.1834942366667,1486,1103.3
61.80248271,381,8747.38,282308.977142857,639464,261.005714285714,308.919183673469,42.0641074122059,42.3924508966289,40910,31.66467,-101.43187,8637,42.9852623220513,38.5072629434884,1,65532.6599999999,8428,37.4290091722558,34.4445304402515,35.5152920885714,46.1834942366667,2450,1625.53
84.304,396,30000,525500,108000,679.245283018868,484.276729559748,31.3601172292308,42.3924508966289,40989,31.68625,-101.5025,10173,42.9852623220513,38.5072629434884,7,0,9947,33.6209619039583,34.4445304402515,41.8255384615385,29.491430298115,159,3570.85602222222
78.092,402,8118.64479999998,212036.777142857,796741.515242001,464.662459675514,0,42.0641074122059,42.3924508966289,40911,31.65633,-101.51698,8831,29.27409409625,33.1824404897931,1,-1.27474777400494e-10,8702,41.9279039310853,41.9279039310853,41.76099037312,35.5962413525985,1804,1079.83
46.25013093,414,10630.8296,282503.867984,1773390.375242,296.316973891085,0,42.0641074122059,42.3924508966289,40978,31.66163,-101.4309,9895,42.9852623220513,38.5072629434884,1,33471.8999999999,9618,41.9279039310853,41.9279039310853,41.76099037312,33.4120871559752,1974,2574.0844
44.73512294,421,12000,1633170,1633170,563.162068965517,38.6206896551724,32.3756994035714,42.3924508966289,41013,31.67782,-101.50887,10240,36.2486123814422,40.1239823159483,1,0,10111,33.6209619039583,35.29993055,33.5340742766667,27.6654210415605,2900,3383.1995
58.692,425,30000,623000,148000,469.84126984127,315.873015873016,31.3601172292308,42.3924508966289,41106,31.67874,-101.44229,10091,42.9852623220513,38.5072629434884,7,0,9775,33.6209619039583,34.4445304402515,41.8255384615385,29.491430298115,315,3743.33
65.90859364,1565,6000,180200,3000,6.17283950617284,0,29.2557342966,35.3020635236073,37747,31.60975,-101.51736,8450,34.9255981384609,36.1949505422679,4,0,8387,41.9279039310853,41.9279039310853,41.76099037312,28.3207871441281,486,1621.87
44.236,1648,5000,207988,63844,184.520231213873,388.864161849711,31.7563420828205,35.3020635236073,38243,31.59831,-101.58431,8116,33.728401156087,33.1824404897931,3,0,6671,33.6209619039583,34.4445304402515,38.009172675372,29.491430298115,346,2736.44
50.176,1674,5000,194292,55524,385.583333333333,934.569444444444,31.7563420828205,35.3020635236073,38300,31.5498,-101.58232,8188,34.9255981384609,33.1824404897931,3,0,6439,33.6209619039583,34.4445304402515,38.9064633990796,29.491430298115,144,1807.55
51.06845562,1816,3000,0,259400,323.441396508728,122.817955112219,29.2557342966,35.3020635236073,38777,31.61686,-101.51885,8510,34.9255981384609,36.1949505422679,2,0,8392,28.8668561129787,34.4445304402515,33.5781765103233,29.491430298115,802,1622.86
43.676,1852,2000,0,2000,50,0,31.7563420828205,35.3020635236073,38907,31.46265,-101.55054,8160,33.728401156087,33.1824404897931,3,0,7930,41.9279039310853,41.9279039310853,43.676,28.3207871441281,40,1580.3
53.592,1910,8750,229236,62832,405.367741935484,829.096774193548,31.7563420828205,35.3020635236073,39089,31.55135,-101.60871,8213,34.9255981384609,33.1824404897931,3,0,6607,33.6209619039583,34.4445304402515,34.4370105582442,29.491430298115,155,1578.5
52.24596847,1927,0,0,238182,305.753530166881,141.206675224647,29.2557342966,35.3020635236073,39224,31.59645,-101.52648,8519,42.9852623220513,36.1949505422679,2,0,8404,37.4290091722558,34.4445304402515,33.5484695642543,29.491430298115,779,1610.17
49.432,2036,9987.45,322117.75,243162.75,340.894956911364,0,42.0641074122059,35.3020635236073,39681,31.56718,-101.42522,8715,42.9852623220513,32.4164794,6.93,24437.6999999999,8604,41.9279039310853,41.9279039310853,41.76099037312,33.0971583670435,330,3344.11
55.988,2052,0,0,366240,150.283135002052,594.173163725892,55.988,35.3020635236073,40161,31.49834,-101.52659,8817,33.728401156087,36.1949505422679,1,0,8450,37.4290091722558,34.4445304402515,39.1444662208065,36.2255461367578,2437,1680.88
63.15788804,2068,6552,629538,629538,279.422103861518,375.339547270306,43.9274312046667,35.3020635236073,39880,31.58313,-101.50473,8515,42.9852623220513,33.1824404897931,1,0,8347,39.9725296318182,34.4445304402515,40.1636950819355,35.5697390130125,2253,1628.49
49.684,2081,10173.34,367283.32,130633.89,529.350162197861,0,42.0641074122059,35.3020635236073,40325,31.57859,-101.46337,8695,34.9255981384609,33.1824404897931,7,27670.4399999999,8492,41.9279039310853,41.9279039310853,41.76099037312,32.6727109744748,198,1089.96
45.952,2092,9453.14,229700.99,260164.4,861.666370011637,0,42.0641074122059,35.3020635236073,40207,31.55597,-101.39991,8392,42.9852623220513,36.1949505422679,7.95,27670.4399999999,8204,41.9279039310853,41.9279039310853,41.76099037312,32.7584787105182,196,1587.54
44.404,2095,9817.54,230591.29,271124.17,821.112219707669,0,42.0641074122059,35.3020635236073,40197,31.54139,-101.40017,8374,42.9852623220513,33.1824404897931,8,27670.4399999999,8148,41.9279039310853,41.9279039310853,41.76099037312,32.4246374317472,200,1842.02
43.756,2123,10589.4,284197.78,321497.18,1133.5786154693,0,42.0641074122059,35.3020635236073,40222,31.63639,-101.41144,8572,34.9255981384609,38.5072629434884,8,254014.74,8362,41.9279039310853,41.9279039310853,41.76099037312,35.2719650568095,178,1646
48.448,2126,11387.94,388081.42,139738.39,369.483598655494,0,42.0641074122059,35.3020635236073,40334,31.61184,-101.43088,8248,42.9852623220513,36.1949505422679,7,-1.31985871121287e-10,7998,41.9279039310853,41.9279039310853,41.76099037312,33.6741230382615,136,1641.96
46.94832687,2128,9072,760830,760830,245.984481086324,273.999353378597,43.9274312046667,35.3020635236073,40403,31.57999,-101.52292,9710,33.728401156087,36.1949505422679,1,0,9254,39.9725296318182,34.4445304402515,40.1636950819355,35.0689770948559,3093,1625.88
66.52,2133,11592,0,1024296,280.859884836852,280.230326295585,43.9274312046667,35.3020635236073,40406,31.56234,-101.50168,9915,34.9255981384609,33.1824404897931,1,0,9724,37.4290091722558,34.4445304402515,40.1636950819355,35.2288606781989,3647,1698.06
60.988,2149,11592,1112202,1112202,311.978120617111,309.116409537167,43.9274312046667,35.3020635236073,40388,31.53491,-101.46822,10115,33.728401156087,33.1824404897931,1,0,10039,39.9725296318182,34.4445304402515,40.0477210996262,33.9793750716847,3565,3210.04
98.172,2150,11592,1077048,1077048,267.589565217391,259.875776397516,43.9274312046667,35.3020635236073,40422,31.53137,-101.47677,10100,33.728401156087,36.1949505422679,1,0,9996,39.9725296318182,34.4445304402515,40.1636950819355,34.9762840752964,4025,3894.38
45.84,2151,10529.48,345550.05,136801.75,490.109608320557,0,42.0641074122059,35.3020635236073,40318,31.59325,-101.47599,8780,42.9852623220513,33.1824404897931,8,27670.4399999999,8510,41.9279039310853,41.9279039310853,41.76099037312,32.2577167923617,192,1635.83
43.016,2158,10250.24,364329.38,134220.33,578.743412981718,0,42.0641074122059,35.3020635236073,40349,31.57128,-101.46771,8680,42.9852623220513,33.1824404897931,8,27670.4399999999,8456,41.9279039310853,41.9279039310853,41.76099037312,32.3268824893805,194,1631.19
77.724,2167,9709.08,410685.957984,138220.54,599.836393142442,0,42.0641074122059,35.3020635236073,40372,31.49842,-101.4603,8545,34.9255981384609,32.4164794,8,32471.4599999999,8307,41.9279039310853,41.9279039310853,41.76099037312,32.2577167923617,193,1582.23
47.356,2170,10648.92,369838.34,133880.95,506.046022338354,0,42.0641074122059,35.3020635236073,40421,31.60394,-101.45878,8675,34.9255981384609,32.4164794,8,27670.4399999999,8490,41.9279039310853,41.9279039310853,41.76099037312,32.2577167923617,174,1605.53
46.31872541,2174,10593.9,342027.72,132686.34,478.44085158201,0,42.0641074122059,35.3020635236073,40428,31.56774,-101.4763,8710,33.728401156087,32.4164794,8,27670.4399999999,8499,41.9279039310853,41.9279039310853,41.76099037312,32.2577167923617,195,1688.46
55.38,2177,12096,0,852600,302.447676481022,254.404398722951,43.9274312046667,35.3020635236073,40758,31.64534,-101.51921,10313,34.9255981384609,36.1949505422679,1,0,10159,37.4290091722558,34.4445304402515,40.1636950819355,34.3894191035171,2819,3302.62
45.544,2178,0,246000,113000,348.765432098765,262.345679012346,29.2557342966,35.3020635236073,40589,31.49649,-101.48185,9795,34.9255981384609,33.1824404897931,5,0,9630,39.9725296318182,34.4445304402515,38.3432574670581,29.491430298115,324,3032.98
137.964,2179,14231.3896,379625.44,139604.88,372.157340271607,0,42.0641074122059,35.3020635236073,40453,31.64136,-101.43021,8275,42.9852623220513,60.5438804114286,7,19636.6799999999,8016,41.9279039310853,41.9279039310853,41.76099037312,32.4246374317472,174,1629.78
44.784,2181,13539.9696,337256.55,133117.32,511.905692260681,0,42.0641074122059,35.3020635236073,40458,31.6005,-101.47589,8745,33.728401156087,33.1824404897931,8,27670.4399999999,8530,41.9279039310853,41.9279039310853,41.76099037312,32.2577167923617,186,1631.53
45.516,2182,13568.8696,347882.55,133002.09,507.303544432813,0,42.0641074122059,35.3020635236073,40457,31.59294,-101.45039,8660,33.728401156087,33.1824404897931,8,27670.4399999999,8425,41.9279039310853,41.9279039310853,41.76099037312,32.2577167923617,198,1635.63
58.608,2183,14003.7896,376614.91,139172.44,530.19405534169,0,42.0641074122059,35.3020635236073,40453,31.6302,-101.43306,8600,42.9852623220513,60.5438804114286,8,47307.1199999999,8406,41.9279039310853,41.9279039310853,41.76099037312,32.4246374317472,182,1635.97
53.604,2189,14264.1896,403629.227984,137228.19,415.577151051467,0,42.0641074122059,35.3020635236073,40494,31.53432,-101.41733,8434,42.9852623220513,33.1824404897931,7,-1.31985871121287e-10,8192,41.9279039310853,41.9279039310853,41.76099037312,33.6741230382615,180,1592.71
54.116,2207,14461.9096,319143.55,305454.76,874.490700878918,0,42.0641074122059,35.3020635236073,40564,31.53065,-101.41378,8431,34.9255981384609,43.184,7,310388.82,8184,41.9279039310853,41.9279039310853,41.76099037312,34.6042824992674,178,1891.42
44.708,2210,14388.5296,372334.65,153611.79,622.340611866725,0,42.0641074122059,35.3020635236073,40623,31.54554,-101.43835,8550,42.9852623220513,32.4164794,8,32471.4599999999,8344,41.9279039310853,41.9279039310853,41.76099037312,32.493803128766,196,1601.16
66.024,2213,14120.4896,392929.747984,162103.15,510.584730822712,0,42.0641074122059,35.3020635236073,40642,31.53081,-101.42584,8465,42.9852623220513,36.1949505422679,8,27670.4399999999,8236,41.9279039310853,41.9279039310853,41.76099037312,32.4246374317472,192,1866.4
58.35854761,2222,11004,0,865116,370.816973853408,231.088726960994,43.9274312046667,35.3020635236073,40883,31.53023,-101.5001,10130,33.728401156087,36.1949505422679,1,0,9925,37.4290091722558,34.4445304402515,40.1636950819355,35.2240223004447,2333,2306.65
94.36,2223,6875.66,257314.58,635648,260.085106382979,307.490998363339,42.0641074122059,35.3020635236073,40806,31.50161,-101.45585,8500,42.9852623220513,33.1824404897931,1,51697.4399999999,8252,37.4290091722558,34.4445304402515,35.5152920885714,40.0814346541757,2444,1582.99
56.828,2224,8640.10479999998,228463.65,12396,5.9424736337488,0,42.0641074122059,35.3020635236073,40872,31.6155,-101.43209,8362,42.9852623220513,60.5438804114286,1,41205.8999999999,8008,41.9279039310853,41.9279039310853,41.76099037312,36.4880230402217,2086,1643.05
46.472,2235,13500,1023300,717102,963.846774193548,806.047043010753,31.7563420828205,35.3020635236073,40962,31.56379,-101.39971,8614,34.9255981384609,36.1949505422679,3,0,8246,33.6209619039583,34.4445304402515,35.5152920885714,29.491430298115,744,1074.98
126.068,2242,10246.1096,384088.597984,1642652.305242,374.824636012764,0,42.0641074122059,35.3020635236073,41002,31.65067,-101.41874,8270,42.9852623220513,38.5072629434884,1,101331.3,7953,41.9279039310853,41.9279039310853,41.76099037312,36.0303655006757,2016,1626.11
55.5535446,2244,5791.8,309114.287984,1242853.875242,340.652381100176,208.00466235295,42.0641074122059,35.3020635236073,40989,31.61329,-101.4347,8240,42.9852623220513,60.5438804114286,1,346531.34,8005,49.7438523053846,35.8257536729916,35.2543650444917,37.8471390228994,2054,1647.82
47.04,2246,11084.7896,439606.785968,1673108.665242,750.219766519388,0,42.0641074122059,35.3020635236073,41077,31.64056,-101.41175,8210,34.9255981384609,38.5072629434884,1,265314.84,7957,41.9279039310853,41.9279039310853,41.76099037312,36.5359657965865,2052,1635.93
109.772,2249,8064,898044,898044,464.105426356589,287.276485788114,43.9274312046667,35.3020635236073,41012,31.53831,-101.48093,9983,42.9852623220513,33.1824404897931,1,0,9750,33.6209619039583,34.4445304402515,41.8255384615385,34.6255054399214,1935,1478.2656
47.032,2253,12000,1299378,179936,3213.14285714286,2574.32142857143,31.7563420828205,35.3020635236073,41082,31.51949,-101.41753,9703,34.9255981384609,60.5438804114286,4,0,9538,33.6209619039583,34.4445304402515,41.8255384615385,29.491430298115,56,3307.29
53.61673798,2255,7909.12479999998,300874.88,1210740.645242,317.063552555627,0,42.0641074122059,35.3020635236073,41088,31.61735,-101.43469,8233,42.9852623220513,36.1949505422679,1,62292.3399999999,8025,41.9279039310853,41.9279039310853,41.76099037312,35.0191649088541,1709,1643.18
