Subarea,Operator.Numeric,County.Numeric,Completion.Year,Surface.Latitude,Surface.Longitude,Depth.Total.Driller..ft.,WB.Spacing.Proxy,SPBY.Spacing.Proxy,DeepestZoneNumeric,Frac.Stages,Treatment.Records,Proppant...Total..lbs.,Fluid...Total..lbs.,EUR_o..Mstb.
D,27,1,2003,31.71139,-101.70645,8605,160,20,7,3,8,471100,194252,40.04565233
D,27,1,2011,31.89498,-101.72244,10451,160,40,1,4,8,1390858,1398056,49.112
A,10,2,2012,31.83429,-102.135,10977,80,40,1,1,1,888500,1409520,36.652
A,13,2,2005,31.737,-101.968,10520,40,80,7,4,8,181757,297175,11.199
B,27,4,2012,31.50111,-102.00708,10855,40,80,1,3,6,1344527,1268582,44.156
B,27,4,2007,31.49626,-102.04286,10767,40,160,7,5,10,317200,461702,50.01729324
C,27,2,2004,31.77164,-101.85117,9060,40,40,7,3,6,475120,205238,46.312
F,2,3,2008,31.61568,-101.5237,8534,40,80,7,3,3,381000,374000,21.292
B,13,2,2006,31.6541,-101.9841,10718,40,80,7,1,1,258000,328986,35.08
B,27,2,2006,31.72489,-101.93896,10532,40,40,7,6,11,403220,477059,26.9138779
C,27,2,2011,31.94914,-101.83684,10581,40,40,1,4,8,1475648,1371521,18.89
F,14,1,2012,31.67853,-101.42438,10035,NA,NA,NA,7,14,845000,578000,19.944
D,14,1,2011,31.73728,-101.59195,10593,40,160,1,7,13,685000,608000,30.492
B,10,4,2006,31.51054,-102.09198,10671,40,Over 160,7,1,2,760500,956500,96.516
C,27,2,2011,31.85775,-101.9676,10843,40,80,6,4,8,1223434,1049823,48.756
B,2,4,2012,31.56407,-101.91437,10899,40,80,6,9,9,922100,1017500,11.184
F,13,3,2010,31.57343,-101.51137,8524,80,40,7,1,2,901360,707784,42.036
A,2,2,2007,31.69855,-102.1625,10083,80,40,7,6,12,528357,409977,1.224
F,18,3,2010,31.55632,-101.42962,8520,80,40,7,8,8,NA,NA,38.75937114
B,27,4,2012,31.50212,-102.03923,10833,20,160,7,3,6,1533446,1396263,69.26
A,13,2,2003,31.76507,-102.01066,11000,40,160,7,1,1,401920,421008,68.90641599
D,2,1,2011,31.8308,-101.54607,10885,NA,NA,NA,7,7,520438,694000,15.464
E,27,1,2003,31.65753,-101.72135,8550,160,40,7,3,6,471330,190946,40.2
E,27,3,2004,31.53355,-101.62035,8205,80,40,7,3,6,473390,200262,28.67926976
A,3,2,2008,31.77224,-102.06153,10187,80,40,7,8,16,538500,22400,45.716
A,2,2,2007,31.69502,-102.19268,10082,80,40,7,7,14,539746,475458,31.008
B,13,2,2004,31.6877,-102.0657,10520,80,80,7,4,8,174296,282080,43.176
B,27,4,2012,31.50978,-102.02101,10907,40,160,6,2,4,1113757,1244056,87.508
B,5,2,2011,31.6993,-101.94911,11731,80,40,1,15,15,613084,804672,0.292
B,2,4,2010,31.55987,-102.01531,10800,40,40,7,3,3,NA,NA,66.76
B,2,4,2010,31.50843,-102.03808,10345,40,160,7,3,3,459125,554400,64.33160572
A,13,2,2008,31.78995,-102.19231,10996,80,80,6,1,1,605250,615510,28.148
B,10,4,2012,31.50543,-102.0815,10945,40,Over 160,7,1,1,792212,1205526,25.36517554
B,3,4,2010,31.62561,-102.072,10300,160,40,7,1,2,6720000,685916,41.364
A,27,2,2003,31.74378,-101.97116,10520,40,80,7,5,10,388286,381034,46.92
B,13,2,2003,31.6616,-102.0168,10500,40,80,7,5,10,274296,330964,45.17484084
F,13,3,2010,31.56234,-101.50168,9915,80,40,7,1,2,1144640,1035888,66.52
E,2,3,2003,31.48016,-101.63969,8218,80,40,7,1,1,482040,260484,48.13532361
A,24,2,2003,31.79229,-102.02351,10900,40,160,7,1,2,39200,155500,37.467
E,27,3,2006,31.51176,-101.73341,8491,160,40,5,3,6,470500,193178,41.23692755
B,3,2,2008,31.66928,-102.09523,10055,160,40,7,8,16,815400,964596,16.964
B,27,2,2008,31.65638,-101.97487,10513,80,40,7,6,12,751509,707777,53.684
F,14,1,2012,31.67599,-101.41896,9920,NA,NA,NA,7,14,879800,598000,10.816
E,2,3,2009,31.48339,-101.65834,8177,20,40,5,2,2,268625,297000,17.03817508
D,4,1,2011,31.98601,-101.68949,10370,160,Over 160,1,8,16,612000,26040,46.9
A,13,2,2003,31.76532,-101.99273,10520,40,80,7,4,8,165500,290388,87.43651256
F,18,3,2010,31.56714,-101.42099,8510,40,20,7,NA,1,NA,NA,44.716
E,27,3,2005,31.57009,-101.65913,8335,160,40,5,3,6,480040,190233,17.988
A,10,2,2012,31.84494,-102.15148,11005,80,40,1,1,1,926180,1445514,67.568
E,27,3,2005,31.47772,-101.70042,9270,40,40,7,5,11,506310,359487,63.044
D,5,1,2012,31.95066,-101.7749,11245,NA,NA,4,9,18,948376,1096176,65.64977319
C,27,2,2011,31.83316,-101.97452,10860,NA,NA,6,2,4,1027250,1140396,116.928
B,25,4,2012,31.6008,-101.97147,12152,40,40,4,1,1,1263360,1272138,89.408
B,2,4,2010,31.55594,-101.91607,10786,80,40,6,3,3,619627,732000,22.884
B,34,4,2011,31.55359,-102.00891,10907,40,40,1,1,2,840066,862680,68.208
D,13,1,2007,31.96402,-101.7528,10840,40,80,1,1,1,802700,649698,45.27229149
C,27,2,2003,31.75038,-101.94247,10500,80,160,7,5,10,388890,361856,29.12342212
A,12,2,2010,31.84541,-102.03526,10170,80,Sub 20,7,1,2,436450,509300,43.112
B,23,2,2011,31.70779,-101.93308,10873,40,40,7,1,2,892456,638902,64.704
C,17,2,2004,31.89854,-101.90584,8962,80,20,7,3,3,575000,220000,28.016
A,27,2,2006,31.87755,-102.02808,10330,40,Sub 20,7,5,9,682912,407413,34.48
A,2,2,2008,31.79339,-102.16256,10005,80,40,7,5,10,564100,534815,37.72997991
B,27,2,2007,31.72431,-101.92502,10540,40,40,7,7,13,549019,457646,51.112
D,27,1,2003,31.70902,-101.71715,8650,40,40,7,3,8,471570,200787,54.56512178
B,10,4,2010,31.50249,-102.0936,10630,40,Over 160,7,1,2,684500,22214,34.192
B,13,4,2007,31.6496,-102.0355,10599,80,80,7,1,1,800820,1072134,25.244
F,18,3,2008,31.55993,-101.42533,8720,80,20,7,NA,9,NA,NA,44.144
B,28,4,2008,31.56122,-101.97573,10050,40,80,7,5,5,221500,573000,58.388
A,10,2,2012,31.85546,-102.15482,11028,40,80,1,1,2,843000,1295608,76.764
E,2,3,2005,31.43548,-101.65264,8239,40,20,7,2,2,100450,383200,20.25828222
B,27,4,2008,31.49475,-101.99463,10540,80,80,7,8,16,849260,708296,46.4913173
F,18,3,2009,31.60025,-101.45459,8197,80,40,7,7,7,NA,NA,13.256
A,14,2,2011,31.83423,-102.19834,10574,80,80,7,1,1,805680,1157520,43.248
D,27,1,2008,31.79072,-101.64008,10176,160,40,7,6,12,514420,445228,24.14
B,27,4,2012,31.49566,-101.98907,10983,80,20,1,1,2,298750,373632,27.04989817
E,27,3,2003,31.54523,-101.62044,8198,80,40,5,3,8,470740,207337,35.02434343
D,4,1,2012,31.84969,-101.57873,10430,80,Over 160,NA,1,2,960000,1163414,20.472
F,27,1,2007,31.70227,-101.6474,8851,160,20,7,4,4,449160,273756,31.07150317
A,13,2,2004,31.73909,-101.97508,11100,40,Sub 20,7,1,1,349710,426888,39.38
C,13,2,2004,31.85985,-101.94259,11750,40,20,7,1,1,434510,305340,67.268
C,27,2,2012,31.92695,-101.84699,10428,40,40,7,3,6,1444110,1392470,123.4073116
F,2,3,2006,31.58415,-101.51374,8500,80,40,7,2,2,151023,492870,30.248
D,27,1,2011,31.87397,-101.72086,10306,80,80,7,3,6,1285422,1639377.184,23.642
F,2,1,2006,31.71755,-101.56402,8255,80,40,7,2,2,155650,497600,18.55149194
A,13,2,2007,31.83971,-102.21262,11186,80,Over 160,1,1,2,491380,655116,31.828
F,4,1,2011,31.70158,-101.42258,9993,160,Over 160,1,7,14,501500,28014,19.484
D,27,1,2008,31.98413,-101.73284,9976,80,Over 160,7,11,22,1328840,697906,17.38
B,10,4,2011,31.50493,-102.06801,10814,40,160,7,1,1,698500,1096074,47.26
F,14,1,2011,31.72296,-101.55754,10711,40,160,1,8,15,823000,667500,41.792
F,18,3,2008,31.57789,-101.40384,8700,80,160,7,NA,7,NA,NA,26.296
A,13,2,2004,31.78397,-102.15479,11000,160,80,7,1,1,357950,457338,33.5191448
E,27,3,2003,31.61864,-101.64783,8345,160,40,7,3,6,472920,192976,42.688
B,17,4,2012,31.55591,-102.12495,11318,160,80,1,11,22,1164992,835204,72.148
C,27,2,2012,31.88041,-101.9667,10810,40,Sub 20,6,4,8,1506739,1375652,95.82
F,27,3,2009,31.56374,-101.39485,9098,80,160,7,8,16,722180,578138,37.532
A,13,2,2003,31.8236,-102.0512,10503,160,80,7,4,8,170000,265364,23.48530212
E,27,1,2004,31.65926,-101.69933,8560,160,40,7,3,6,472190,188918,51.73461391
B,28,4,2008,31.56216,-101.97163,10013,40,40,7,3,3,356750,454500,36.436
E,27,3,2003,31.46127,-101.72219,9250,80,20,7,3,8,471451,204202,33.312
D,2,1,2011,31.73955,-101.62893,10985,80,80,4,7,7,993540,1134264,94.12444184
B,13,4,2010,31.50607,-102.10293,12700,40,Over 160,4,1,2,572500,987462,21.748
C,27,2,2005,31.78865,-101.82521,8850,80,20,7,2,4,370720,154462,31.136
F,2,3,2006,31.6287,-101.54973,8072,40,80,7,2,2,124500,387700,26.04
C,27,2,2007,31.83189,-101.96414,10243,40,160,7,6,12,404060,424314,65.584
C,27,2,2005,31.81198,-101.85492,8814,Over 160,20,7,2,4,336760,137741,33.076
C,27,2,2012,31.92667,-101.89737,10429,80,80,7,3,6,1299161,1101776,14.904
D,11,1,2012,31.82267,-101.5843,10567,80,Over 160,NA,1,1,935200,936726,24.56
F,18,3,2008,31.57057,-101.40396,8693,40,160,7,7,7,NA,NA,20.18
F,13,3,2007,31.64282,-101.45287,8012,Over 160,80,7,1,1,750420,533778,11.324
B,3,4,2010,31.63271,-102.07431,10110,80,40,7,6,12,720000,626940,5.68
B,27,4,2011,31.51661,-101.98006,10900,40,80,1,4,8,935460,876800,66.252
B,2,4,2012,31.51677,-102.01928,10845,80,80,1,8,8,794375,887500,49.844
A,13,2,2006,31.83454,-102.21098,11176,80,Over 160,7,1,1,550420,606396,39.916
A,13,2,2003,31.7056,-102.1026,10527,80,80,6,5,10,283000,330795,45.38
E,27,3,2010,31.5253,-101.74867,10675,40,20,6,10,20,968831,990020,67.29519571
F,2,3,2009,31.62538,-101.53113,8500,40,80,7,2,2,64750,502250,20.56059578
B,13,2,2004,31.7204,-101.9734,10500,40,80,7,4,8,186700,289110,23.75980535
B,23,2,2011,31.71062,-101.93136,10952,40,80,6,1,2,530100,431800,4.528
F,18,3,2010,31.56728,-101.4337,8518,40,20,7,8,8,NA,NA,30.128
F,18,3,2010,31.60014,-101.44606,8648,80,40,7,8,8,NA,NA,31.16
D,5,1,2012,31.94439,-101.73731,11420,80,20,2,9,19,754603,914684,20.776
E,2,3,2005,31.50308,-101.63808,8265,20,40,7,2,2,100450,383200,29.104
A,10,2,2011,31.8131,-102.17307,11445,80,Over 160,1,1,1,782000,1169910,57.208
F,2,3,2006,31.58863,-101.51083,8526,80,40,7,2,2,149700,504800,31.956
B,27,4,2010,31.60639,-102.02649,10892,80,20,7,9,18,1012580,1022406,48.844
C,27,2,2012,31.82874,-101.79834,11147,Over 160,40,3,4,8,1509415,1688884,69
E,2,3,2005,31.44672,-101.66954,8259,80,40,7,2,2,100450,383200,20.695
E,2,3,2003,31.52689,-101.6323,8240,40,40,7,1,1,290200,197782,16.66110048
F,18,3,2009,31.60701,-101.40764,8208,160,40,7,7,7,NA,NA,23.48
E,27,3,2003,31.58599,-101.73897,8620,160,40,7,3,7,472280,197649,24.501905
F,27,3,2007,31.55135,-101.60871,8213,80,40,7,3,6,473820,237986,53.592
D,14,1,2007,31.74921,-101.60913,8750,40,160,7,4,7,603100,602308,20.11541731
F,18,3,2011,31.54897,-101.42127,8500,40,160,7,8,8,NA,NA,27.74933842
E,27,3,2004,31.45627,-101.69414,9208,40,40,7,4,8,510150,351969,33.608
A,2,2,2008,31.79067,-102.15701,9902,80,40,7,6,12,638540,497377,49.64048366
C,27,2,2006,31.83933,-101.94861,10093,40,80,7,6,12,414280,441148,67.74792166
C,27,2,2008,31.73613,-101.83289,9082,40,20,7,3,6,456640,174603,16.264
A,20,2,2011,31.73831,-102.20196,10800,40,160,1,1,1,600000,840000,165.852
F,18,3,2009,31.58535,-101.42071,8306,80,40,7,7,7,NA,NA,39.328
A,27,2,2011,31.80353,-102.20111,10354,40,Over 160,7,3,6,1308120,1251750,70.588
E,27,3,2005,31.46632,-101.68399,9206,80,40,7,5,11,509690,357066,51.59316437
F,18,3,2008,31.5851,-101.39944,8495,80,160,7,NA,1,NA,NA,19.908
C,27,2,2006,31.85219,-101.92604,10012,40,80,7,5,10,686660,553119,59.18129168
E,27,3,2005,31.46522,-101.70543,9254,80,40,7,5,10,509510,330452,21.748
E,27,3,2004,31.56653,-101.74174,8610,40,40,7,3,6,471020,204458,55.96
C,27,2,2007,31.78086,-101.95682,10550,40,160,7,6,12,576520,441745,41.824
A,24,2,2004,31.76622,-101.98814,11000,40,80,7,1,2,329600,94900,36.16
E,2,3,2003,31.54763,-101.67463,8237,20,40,7,1,1,290360,193372,39.96278973
E,2,3,2005,31.54289,-101.64619,8360,40,80,7,2,2,100450,383200,36.55831701
F,27,1,2003,31.65389,-101.62808,8335,80,40,7,3,8,472820,203996,42.256
A,3,2,2012,31.73356,-102.08893,11350,20,20,1,1,2,123000,1541994,86.52
E,2,3,2004,31.47781,-101.61691,8210,40,80,7,2,2,350000,220506,25.66
F,14,1,2012,31.7182,-101.48035,10057,NA,NA,NA,7,14,889000,592000,32.164
B,10,4,2012,31.53922,-102.10145,11373,40,160,1,1,1,910000,1398978,80.144
D,27,1,2011,31.91226,-101.74536,10275,80,40,6,4,8,1494110,1360358,73.544
F,2,1,2006,31.70857,-101.57012,8205,160,80,7,2,2,101720,383600,12.164
B,13,2,2003,31.70266,-102.03501,10700,80,160,7,1,1,386540,317940,14.66478303
F,13,3,2011,31.64534,-101.51921,10313,80,80,1,1,2,717166,864696,55.38
E,2,3,2003,31.42459,-101.64939,8200,40,40,7,1,1,135000,90365,49.95212264
A,13,2,2003,31.7462,-102.027,10542,80,160,7,5,9,260479,323611,53.92
B,10,4,2011,31.50704,-102.05935,11487,40,80,NA,1,1,996212,1563240,41.064
E,2,3,2003,31.5389,-101.68047,8246,40,40,7,1,1,291000,154000,13.363
C,27,2,2008,31.78892,-101.95455,10538,40,160,7,6,12,577240,387303,43.384
B,2,4,2012,31.56951,-101.90725,10832,40,40,6,7,7,875000,790000,55.08842362
E,2,3,2003,31.52899,-101.6904,8310,20,40,5,1,1,290680,134832,36.78123071
E,2,3,2003,31.45887,-101.63308,8225,40,40,7,1,1,290180,185136,40.292
F,18,3,2010,31.57076,-101.42029,8510,80,80,7,8,8,NA,NA,30.7
E,2,3,2008,31.52342,-101.66206,8284,40,40,7,2,2,293100,242240,23.904
E,27,3,2010,31.52215,-101.75427,8580,40,40,5,4,8,556756,241416,38.064
F,14,1,2012,31.68625,-101.5025,10173,40,Over 160,NA,7,14,843000,555500,84.304
B,13,4,2004,31.6316,-102.0473,10500,80,80,7,4,8,190460,298768,54.99745852
D,27,1,2011,31.86166,-101.70396,10340,160,20,6,4,8,1380160,1252851,39.84
A,24,2,2004,31.77179,-101.98067,11000,40,80,7,1,2,301000,292000,34.484
B,13,2,2003,31.68367,-102.08208,10520,80,80,7,5,10,259800,333255,48.24447828
F,13,3,2010,31.56444,-101.53416,8525,Over 160,80,7,1,2,2069536.055,738024,17.524
B,27,4,2011,31.52087,-101.97454,10890,40,160,1,3,6,1082917,857126,61.344
E,20,3,2007,31.48161,-101.7329,9320,160,40,7,1,1,610350,676032,54.768
F,18,3,2010,31.63639,-101.41144,8572,80,Over 160,7,8,8,NA,NA,43.756
A,27,2,2006,31.87085,-102.05693,10341,40,160,7,4,8,612489,322923,19.24822649
F,18,3,2010,31.62608,-101.42818,8260,80,160,7,7,7,NA,NA,41.536
C,27,2,2006,31.84716,-101.96459,10243,40,80,7,6,12,412940,487816,48.948
D,27,1,2011,31.8478222,-101.6853695,10344,160,40,6,4,8,1424293,1367077,44.632
B,28,4,2008,31.56771,-101.9646,10033,40,40,7,3,3,356750,368000,36.356
F,2,3,2007,31.63936,-101.54416,8171,40,80,7,2,2,123000,364490,41.63943828
A,13,2,2007,31.7231,-102.0774,10571,80,160,6,1,1,803710,819294,59.852
F,14,1,2011,31.69927,-101.44853,10064,80,Over 160,6,7,14,446000,527000,15.6
B,10,4,2011,31.49749,-102.05204,10665,80,160,7,1,1,657000,925778,29.91337288
E,27,3,2006,31.53227,-101.72656,8500,80,40,5,3,6,470820,197074,30.32445978
A,32,2,2011,31.75734,-102.14178,10555,160,40,6,1,1,830181,1314264,84.592
F,2,3,2007,31.61928,-101.52545,8526,40,40,7,2,2,319375,383100,34.8
F,2,3,2008,31.62604,-101.5624,8043,40,20,7,2,2,293100,242240,10.508
F,27,3,2007,31.59881,-101.61528,8223,40,20,5,3,6,470499,198577,38.736
E,2,3,2003,31.46139,-101.63917,8238,20,40,7,1,1,291891,189966,35.07129045
E,2,3,2004,31.43409,-101.64222,8267,40,40,7,2,2,360000,367506,8.388
B,28,4,2007,31.54646,-101.95725,10010,40,40,7,1,1,207348,569436,52.712
B,13,2,2005,31.7157,-101.9768,10530,80,160,7,4,8,170481,294428,46.052
F,2,3,2006,31.61703,-101.56814,8061,160,40,7,2,2,100450,383200,27.472
F,14,1,2011,31.67721,-101.44663,10016,40,Over 160,1,7,14,820000,552000,45.868
D,11,1,2012,31.81143,-101.56201,10623,NA,NA,NA,1,1,627400,732312,18.684
E,2,3,2006,31.39727,-101.67185,8534,40,80,7,2,2,170516,480144,21.62124164
B,27,4,2011,31.52425,-101.9599,10900,40,40,1,3,6,1258004,941472,39.652
E,27,3,2005,31.47835,-101.71422,9274,80,40,7,5,10,509190,345278,29.26563545
C,27,2,2012,31.84783,-101.94692,10726,40,80,1,4,8,1345603,1363808,78.66
A,32,2,2012,31.72785,-102.14918,10667,80,40,7,1,1,802974,1161972,125.6
D,11,1,2011,31.81269,-101.59484,10438,40,Over 160,1,1,1,985400,951720,84.72
B,17,4,2010,31.55121,-102.0348,10900,160,80,7,9,18,1053000,36291,81.38080816
D,27,1,2009,31.79265,-101.63186,10161,160,80,7,6,12,554580,453297,39.94539112
F,2,3,2003,31.61,-101.56592,8000,80,40,5,3,6,463200,175000,25.408
A,10,2,2011,31.85195,-102.15367,11042,40,80,1,1,1,965380,1476930,51.354
E,27,3,2010,31.53657,-101.75736,8660,40,20,5,4,8,512012,227400,42.76791385
E,27,3,2006,31.51283,-101.74698,8539,40,40,7,3,4,471140,194730,43.98483889
D,27,1,2011,31.97763,-101.71255,10285,80,160,6,4,8,1525120,1306628,29.21941362
A,13,2,2003,31.7199,-102.0585,10510,40,40,7,5,9,277400,334328,40.888
A,13,2,2005,31.8043,-102.0359,10510,40,40,7,4,8,182317,298653,57.032
F,14,1,2012,31.72497,-101.46528,10120,NA,NA,NA,7,14,827000,562500,37.772
B,10,4,2010,31.49102,-102.09423,11540,40,160,1,1,2,1167040,22500,106.66
F,18,3,2010,31.57859,-101.46337,8695,80,40,7,7,7,NA,NA,49.684
A,13,2,2006,31.76283,-102.0857,10771,80,160,1,1,1,700800,655956,48.14260508
A,27,2,2006,31.88201,-102.02508,10234,40,Sub 20,7,6,12,525080,444639,47.436
A,9,2,2006,31.82184,-102.01087,10460,80,80,7,5,6,549375,312000,78.06
B,10,4,2011,31.63012,-102.13071,10896,80,20,1,1,1,498353,944454,93.704
F,18,3,2010,31.58227,-101.46788,8737,80,40,7,7,7,NA,NA,28.812
E,2,3,2006,31.54559,-101.66468,8334,40,40,7,2,2,123000,353400,25.05108889
E,27,3,2010,31.53076,-101.74153,10710,40,20,6,10,20,932678,1112538,49.108
B,10,4,2011,31.57283,-102.08586,10728,80,40,7,1,1,747540,1087686.633,99.744
A,13,2,2008,31.813,-101.98058,10217,80,80,7,1,1,744410,304248,21.632
F,18,3,2011,31.54524,-101.41286,8410,40,160,7,8,8,NA,NA,14.80278957
E,27,3,2005,31.60121,-101.63805,8325,80,40,5,3,6,471000,198864,17.6
A,27,2,2008,31.76883,-102.18548,10715,NA,NA,7,4,8,111520,297889,15.003
F,2,3,2009,31.59294,-101.52539,8527,40,40,7,2,2,63350,448250,23.77308795
F,27,3,2012,31.54188,-101.39231,8992,40,80,7,3,6,1215316,1049999,13.992
E,2,3,2007,31.40627,-101.66589,8147,40,40,7,2,2,123000,370104,18.7
C,27,2,2007,31.87692,-101.96556,10101,40,Sub 20,7,5,11,388540,350034,33.952
C,27,2,2006,31.79145,-101.9598,10512,40,80,7,5,12,384232,507816,48.764
D,13,1,2007,31.85385,-101.66055,10499,160,Over 160,1,1,1,799820,616476,40.092
E,2,3,2004,31.43709,-101.66175,8231,40,40,7,2,2,360000,367506,27.77576071
D,27,1,2003,31.71566,-101.71787,8550,40,40,7,3,8,476570,206390,39.05038257
F,18,3,2010,31.59294,-101.45039,8660,160,40,7,8,8,NA,NA,45.516
A,24,2,2003,31.78587,-102.03544,10500,40,80,7,1,2,366000,303000,54.188
F,4,1,2011,31.70065,-101.48874,10200,40,Over 160,1,8,16,562000,24108,26.888
A,13,2,2006,31.7377,-102.0954,10626,80,40,6,1,2,580100,594128,32.8
F,18,3,2010,31.56723,-101.42946,8532,40,20,7,8,8,NA,NA,27.556
E,27,3,2004,31.57116,-101.72116,8532,80,20,7,3,6,471970,199292,34.12554949
C,27,2,2012,31.91885,-101.99661,11267,Over 160,Over 160,6,4,8,1058922,1098116,56.644
C,27,2,2008,31.80739,-101.95612,10252,40,80,7,6,12,538540,564510,32.316
E,2,3,2004,31.50218,-101.62458,8300,80,40,7,2,2,350000,220506,26.52292632
B,27,4,2008,31.50219,-102.03612,10528,40,160,7,10,20,843089,848418,73.2
B,13,2,2004,31.7076,-102.0459,10520,40,40,7,4,8,188306,298979,62.57131418
B,13,2,2004,31.7214,-101.9693,10530,40,40,7,4,8,187800,275369,20.608
A,2,2,2007,31.71654,-102.18229,10111,80,40,7,6,12,592184,450221,27.816
B,27,4,2011,31.51813,-101.97369,10864,40,80,1,4,8,1030901,1141818,77.416
C,27,2,2012,31.85802,-101.90099,10606,160,40,6,3,6,1445816,1192926,132.544
A,13,2,2003,31.74844,-102.01795,10300,80,40,7,1,1,447660,284844,59.86412198
B,27,2,2003,31.73105,-101.94476,10502,160,40,7,4,8,372160,291005,36.512
B,10,4,2011,31.498,-102.09653,10610,40,Over 160,7,1,1,743500,1087044,43.176
B,10,4,2010,31.5176,-102.09393,10600,80,160,7,1,2,732500,16500,96.684
E,2,3,2003,31.47996,-101.62649,8276,40,40,7,1,1,289330,220500,26.95602748
A,10,2,2011,31.8371,-102.15379,10980,40,160,1,1,1,821000,1312584,83.38
B,2,4,2012,31.54912,-102.01186,10819,40,160,6,8,8,837125,940500,88.172
A,10,2,2008,31.81662,-102.16098,10480,40,160,6,1,1,598889,980043,51.64466495
B,27,4,2011,31.50216,-102.04134,10725,20,160,7,4,8,1492176,1593347,53.336
C,13,2,2008,31.86388,-101.95663,11022,40,Sub 20,7,1,2,775280,1487724,51.82
E,2,3,2005,31.4541,-101.65391,8180,40,40,7,2,2,100450,383200,26.688
C,27,4,2004,31.59312,-101.82143,8881,160,20,5,3,6,473590,206350,28.074
A,2,2,2006,31.69759,-102.1976,10500,40,40,7,5,10,432298,354603,33.84
E,27,3,2003,31.46657,-101.73258,9315,80,20,7,5,10,508120,348454,23.639
F,4,1,2011,31.72597,-101.44786,9990,40,Over 160,1,7,15,552400,20580,29.636
A,9,2,2006,31.81951,-102.01878,10455,80,80,7,5,5,405930,472542,49.91380818
A,13,2,2004,31.77534,-102.20545,10750,80,Over 160,7,1,1,200690,300510,60.292
B,13,2,2003,31.6922,-102.0627,10525,40,80,7,4,8,143500,290455,69.4284143
C,27,2,2006,31.84675,-101.90111,10017,40,40,7,6,12,400400,445234,40.77282225
C,27,2,2009,31.92418,-101.89152,9670,80,80,7,6,12,567060,531478,79.56669217
D,27,1,2010,31.86384,-101.72647,10752,40,80,7,8,16,1152937,1095929,37.35049321
B,17,4,2010,31.54825,-102.07773,10885,160,80,6,10,20,1030282,636238,68.288
B,13,2,2005,31.6863,-102.0874,10500,80,40,7,4,8,155654,330415,33.832
A,13,2,2005,31.76821,-101.99774,10530,80,160,7,6,12,421620,474264,55.664
F,27,3,2007,31.6252,-101.58825,8176,80,40,7,3,6,471620,185877,22.34
C,13,2,2003,31.87185,-101.95495,10800,40,Sub 20,7,1,1,413830,270816,63.68472659
B,10,4,2011,31.64743,-102.15038,10750,Over 160,Sub 20,1,1,1,349500,763518,26.364
D,2,1,2006,31.75812,-101.75965,9843,80,40,7,6,12,523700,440534,30.20941884
F,14,1,2011,31.72394,-101.53538,10919,Over 160,Over 160,6,7,14,789000,581000,29.108
E,2,3,2005,31.53754,-101.65328,8339,40,40,7,2,2,100450,383200,40.668
E,2,3,2005,31.50115,-101.64613,8326,40,40,7,2,2,100450,383200,33.756
D,14,1,2010,31.75784,-101.60308,10901,80,Over 160,4,10,20,952000,973000,41.77
F,18,3,2010,31.59266,-101.4286,8527,40,80,7,7,7,NA,NA,23.716
D,19,1,2012,31.79513,-101.55325,11041,NA,NA,8,1,1,NA,NA,45.796
A,2,2,2008,31.7689,-102.15437,10380,80,40,7,6,12,583403,431283,15.08381372
A,13,2,2003,31.71597,-102.07502,10525,80,160,7,4,8,144000,287662,34.60778643
B,13,2,2004,31.6721,-101.9724,10510,20,80,7,4,8,191500,293927,40.024
B,13,4,2005,31.6513,-101.9777,10515,40,40,7,4,8,187351,293373,27.552
C,27,2,2003,31.75353,-101.83149,8907,80,40,7,4,7,472470,198006,40.9539479
D,14,1,2011,31.75537,-101.59803,10710,80,Over 160,1,7,14,843000,747000,31.096
E,1,3,2010,31.44664,-101.60315,8121,40,40,7,1,2,656313,184504,20.104
C,27,2,2009,31.91716,-101.88929,9650,40,40,7,6,12,650040,640140,27.901
B,27,2,2003,31.73682,-101.94974,10520,40,40,7,4,8,372173,289274,27.604
C,27,2,2009,31.71281,-101.78596,8880,80,20,7,4,8,550360,227880,28.488
E,27,3,2003,31.59362,-101.76857,8700,Over 160,40,7,3,8,454404,212020,21.976
F,18,3,2012,31.65067,-101.41874,8270,40,Over 160,7,1,1,NA,NA,126.068
B,13,4,2004,31.6432,-102.0466,10515,40,80,7,4,8,150700,284430,68.516
B,3,2,2010,31.69346,-102.05813,10190,40,40,7,5,10,864000,671790,25.18
B,27,4,2010,31.60272,-101.99334,10910,80,40,7,9,18,959540,1041600,75.43824424
E,2,3,2006,31.53354,-101.68756,8351,40,40,7,2,2,123000,365750,49.928
E,2,3,2004,31.44684,-101.6528,8174,40,20,7,2,2,350000,220506,29.15185689
F,18,3,2010,31.60394,-101.45878,8675,80,20,7,8,8,NA,NA,47.356
E,2,3,2009,31.43794,-101.67541,8157,40,40,7,2,2,362375,291500,33.416
D,14,1,2007,31.75205,-101.6277,8750,80,160,7,3,4,610000,540943,20.7
F,27,3,2006,31.61702,-101.59906,8260,Over 160,40,7,3,6,477380,204952,34.4131975
E,2,3,2008,31.50811,-101.68274,8364,40,40,7,2,2,244025,242240,43.67591628
E,27,1,2003,31.65428,-101.6588,8440,80,40,7,3,8,470300,203685,29.45106486
E,27,3,2005,31.57026,-101.63923,8345,160,40,5,3,6,471000,189813,13.952
B,13,4,2007,31.6221,-102.0397,10525,80,Over 160,7,1,1,799762,118272,95.57577585
B,28,4,2008,31.56316,-101.96728,10033,40,40,7,4,4,356750,1051000,26.56
E,2,3,2006,31.50421,-101.64518,8269,20,20,5,2,2,100450,383200,23.48265515
F,18,3,2010,31.61129,-101.43778,8247,40,160,7,7,7,NA,NA,30.632
E,2,3,2005,31.49123,-101.64967,8254,20,20,7,2,2,100450,383200,33.556
D,5,1,2011,31.92965,-101.70684,10913,80,160,3,10,11,866588,650545,153.18
A,2,2,2008,31.82823,-102.09806,10282,Over 160,40,7,6,12,437140,470788,46.732
F,2,1,2006,31.70983,-101.54853,8223,80,40,7,2,2,155650,497600,39.468
A,2,2,2008,31.73623,-102.17925,10207,160,40,7,7,14,561380,595426,34.07126625
F,18,3,2012,31.63757,-101.42883,8340,40,80,7,1,1,NA,NA,35.184
D,27,1,2011,31.86995,-101.71895,10376,40,160,1,4,8,1414833,1469999,37.312
E,2,3,2004,31.51985,-101.63012,8340,40,20,7,2,2,362000,367506,18.52846714
F,4,1,2011,31.72877,-101.43556,9980,NA,NA,NA,1,1,NA,168000,57.912
B,5,2,2012,31.69135,-101.95096,11895,40,Sub 20,1,10,20,936440,839484,23.292
E,2,3,2003,31.54827,-101.63901,8227,40,40,7,1,1,289640,189533,29.19716485
B,13,2,2004,31.6658,-101.9421,10501,40,20,7,4,8,174500,283023,39.632
E,2,3,2007,31.48978,-101.65759,8237,40,20,7,2,2,123000,365484,21.50685053
A,20,2,2004,31.68173,-102.17021,10145,80,40,7,1,2,653345,387576,57.53915632
D,14,1,2011,31.74163,-101.59273,10710,80,Over 160,1,7,14,738000,659000,30.044
B,25,2,2012,31.65193,-101.99097,12205,80,80,1,1,1,1245440,1539006,87.928
C,27,2,2006,31.82868,-101.9136,10022,40,40,7,6,12,603272,496458,40.26411279
E,2,3,2004,31.44537,-101.64218,8154,40,20,7,2,2,350000,220506,17.03591569
E,2,3,2006,31.5507,-101.6618,8365,80,40,7,2,2,123000,353400,38.252
D,6,1,2012,31.84035,-101.71894,10848,NA,NA,1,1,1,1155840,945504,76.148
A,13,2,2003,31.82537,-102.04341,11500,80,80,7,1,1,444980,371028,62.932
E,2,3,2005,31.49934,-101.65454,8314,80,40,7,2,2,100450,383200,26.992
A,13,2,2006,31.76389,-102.17477,11247,40,80,7,1,1,601900,563976,45.81984815
E,2,3,2007,31.53381,-101.66976,8296,40,40,7,2,2,123000,385032,49.16
F,27,1,2006,31.69705,-101.63656,8835,160,40,7,3,3,350761,244692,46.04231632
A,2,2,2009,31.79404,-102.0827,10485,160,40,7,5,10,542416,426334,55.82033012
A,12,2,2003,31.77244,-102.04362,10125,40,80,7,1,2,116500,303000,50.888
C,27,2,2008,31.8109,-101.95727,10259,40,40,7,6,12,480360,545474,49.94
F,14,1,2010,31.71895,-101.50778,9990,80,160,6,1,1,877792,1068228,61.80434803
D,2,1,2012,31.8485,-101.567,10922,80,Over 160,4,8,9,514927,723516,24.28251337
D,13,1,2011,31.95503,-101.75882,10654,80,80,1,1,2,972860,993174,46.584
D,27,1,2011,31.8012,-101.64413,10287,40,40,6,4,8,1412896,1472640,85.224
B,27,4,2011,31.523,-101.95416,10870,20,80,1,3,6,1209728,1013678,47.424
B,27,2,2007,31.65738,-102.00221,10488,80,40,7,6,12,560060,418546,108.724
A,13,2,2004,31.713,-102.0562,10507,40,160,7,4,8,190000,285217,36.10162939
C,27,4,2003,31.56046,-101.84707,8950,80,40,7,3,6,466630,206474,29.576
B,25,4,2012,31.63928,-102.00131,10472,80,Over 160,7,1,1,1456000,1242612,113.412
C,27,2,2011,31.84243,-101.96747,10905,40,80,6,4,8,869716,980743,76.81494263
B,27,4,2011,31.50711,-102.02134,10778,40,160,1,3,6,1354816,1134300,55.86
D,27,1,2007,31.73285,-101.59494,9487,40,80,7,5,10,225120,329397,25.31341516
C,27,2,2010,31.83274,-101.92852,10610,40,40,7,3,6,907957,919964,44.276
A,13,2,2004,31.78249,-102.208,11005,40,Over 160,7,1,1,349430,407484,27.99322887
F,2,3,2006,31.65067,-101.56088,8131,40,40,7,2,2,123000,368046,21.264
B,28,4,2008,31.56399,-101.96371,10027,40,40,7,3,3,27500,410750,41.136
A,5,2,2012,31.75449,-102.05632,11212,40,80,1,12,24,797429,839510,28.19693786
A,2,2,2008,31.78196,-102.163,10400,80,40,7,7,14,587256,361370,47.496
E,2,3,2006,31.40133,-101.70376,8358,40,40,7,2,2,173822,483756,32.832
F,18,3,2011,31.64753,-101.43226,8315,40,160,7,7,7,NA,NA,56.028
C,27,2,2012,31.84936,-101.93807,10719,40,80,6,4,8,1347700,1403199,49.028
E,2,3,2005,31.46733,-101.65792,8253,40,20,7,2,2,100450,383200,33.424
B,25,4,2010,31.62804,-102.01465,10972,80,80,6,1,2,1219456.055,236954,69.34
D,14,1,2011,31.73012,-101.62132,10818,40,80,1,8,16,834000,675500,18.056
F,18,3,2010,31.59325,-101.47599,8780,40,40,7,8,8,NA,NA,45.84
D,27,1,2012,31.97544,-101.73516,10326,NA,NA,NA,4,8,1236550,1276470,53.216
B,27,4,2011,31.50956,-101.9858,10892,40,160,1,3,6,1452371,2213261.734,90.052
D,21,1,2008,31.75941,-101.72288,9500,Over 160,40,7,NA,1,NA,NA,68.40805807
E,2,3,2006,31.41884,-101.70958,9112,160,40,7,2,2,200600,576422,20.248
C,27,2,2006,31.78436,-101.95796,10494,40,160,7,6,12,414608,467623,47.92
F,18,3,2009,31.59971,-101.40775,8121,160,40,7,NA,1,NA,NA,20.812
B,27,4,2012,31.51971,-101.968,10885,20,80,1,3,6,1360760,1267438,66.07164649
A,14,2,2011,31.80574,-102.21909,10675,40,Over 160,7,1,1,656568,1041167.367,57.64
E,2,3,2007,31.45015,-101.62205,8266,20,40,7,2,2,123000,365484,27.792
A,10,2,2010,31.82052,-102.17548,11280,80,80,1,1,2,723000,18480,82.656
E,2,3,2003,31.4544,-101.63619,8225,40,40,7,1,1,290950,212226,31.19237239
F,2,3,2003,31.60975,-101.51736,8450,80,80,7,4,8,498500,271200,65.90859364
A,12,2,2010,31.76512,-102.0453,10174,40,40,7,1,2,508690,561230,35.488
B,13,2,2003,31.7089,-101.9754,10500,80,160,7,4,8,312260,351629,65.232
A,10,2,2010,31.85677,-102.1505,11100,40,160,1,1,2,978251,23016,72.36
A,12,2,2010,31.84877,-102.04194,10164,40,Sub 20,7,1,3,508046,558237,50.06
D,2,1,2007,31.72807,-101.74337,9900,80,40,7,5,10,561280,468007,10.56
D,4,1,2011,31.79269,-101.56571,10039,NA,NA,NA,1,2,79000,2016,80.704
E,2,3,2004,31.50933,-101.62683,8237,80,40,7,2,2,350000,220506,20.668
E,27,3,2004,31.63272,-101.76269,8710,Over 160,40,7,3,6,472660,200174,45.8702266
A,2,2,2009,31.71155,-102.20256,10083,80,40,7,6,12,590620,562701,12.528
B,27,2,2010,31.72803,-101.92556,10565,40,80,7,10,20,1032200,992922,42.016
E,2,3,2003,31.43354,-101.66084,8184,40,40,7,1,1,135000,90365,11.52
A,27,2,2012,31.77932,-102.17599,10548,40,40,7,3,6,1250497,1029771,58.508
E,2,3,2004,31.44229,-101.6726,8260,80,Sub 20,7,2,2,360000,367506,39.86164692
F,18,3,2009,31.5892,-101.44197,8326,80,40,7,7,7,NA,NA,20.272
D,27,1,2012,31.9694,-101.69667,10229,NA,NA,NA,4,7,1344000,1506732,32.396
C,27,2,2006,31.83481,-101.95186,10106,40,80,7,6,12,406880,447203,34.792
B,17,4,2011,31.56276,-102.04776,10960,160,40,7,8,16,639272,753032,51.00215902
C,27,2,2003,31.68504,-101.81851,8840,80,40,7,3,8,471640,213110,34.404
C,27,2,2003,31.8153,-101.78963,8598,Over 160,40,7,3,6,469510,199720,28.99923783
A,27,2,2006,31.8785,-102.02397,10168,40,Sub 20,7,6,12,645488,442545,31.912
E,27,3,2004,31.46258,-101.68286,9118,160,40,7,4,8,507210,349712,34.24012514
C,27,2,2003,31.80377,-101.95493,10500,40,160,7,4,8,507220,291226,25.85262153
A,10,2,2012,31.79508,-102.12732,10908,80,40,1,1,2,789550,1236810,70.092
E,2,3,2006,31.53378,-101.69076,8352,40,40,7,2,2,123000,353400,17.37549798
C,27,2,2012,31.85412,-101.96623,10849,40,80,1,4,8,1437569,1131650,51.136
D,14,1,2012,31.74285,-101.61588,10880,NA,NA,6,6,12,683500,529000,42.18
F,14,1,2011,31.66599,-101.4159,10135,160,Over 160,7,7,14,851500,539500,26.516
B,3,2,2010,31.67656,-102.09761,10240,80,40,7,6,12,698000,1000944,32.612
E,2,3,2003,31.45684,-101.64135,8245,20,40,7,1,1,290050,209197,55.292
A,12,2,2010,31.8297,-102.07229,10130,80,20,7,1,2,477600,530350,28.75787777
C,27,2,2006,31.82249,-101.95667,10126,80,40,7,6,12,400005,3600949,57.444
E,2,3,2005,31.51264,-101.64542,8360,40,40,7,2,2,100450,383200,20.312
B,27,4,2008,31.52535,-101.9307,10010,40,40,7,7,14,837980,457584,26.32
F,13,3,2010,31.5275,-101.46409,10100,40,40,1,1,2,941700,1034880,38.652
A,3,2,2010,31.74012,-102.0202,10475,40,40,7,6,12,880000,735444,24.024
B,13,2,2003,31.7189,-102.0136,10500,160,40,7,3,5,96126,258614,53.48724843
A,12,2,2003,31.77689,-102.04097,10125,80,80,7,2,4,264000,515000,47.144
B,17,4,2008,31.55119,-102.06958,10550,160,80,7,7,7,645000,528864,44.856
E,2,3,2008,31.5198,-101.64771,8271,40,40,7,2,2,258000,220655,21.948
F,2,1,2006,31.65334,-101.53122,8064,40,40,7,2,2,100450,383200,42.264
B,13,2,2007,31.6532,-102.0321,10600,80,80,7,1,1,901480,1191414,77.98311204
F,18,3,2010,31.6005,-101.47589,8745,160,40,7,8,8,NA,NA,44.784
B,2,4,2012,31.54227,-102.01671,10821,20,160,7,7,7,698625,766000,51.712
A,13,2,2003,31.8106,-102.025,10500,80,80,7,3,5,153760,219950,51.75635454
F,18,3,2008,31.57462,-101.43359,8530,160,20,7,NA,8,NA,NA,27.468
D,11,1,2012,31.81542,-101.57769,10531,80,Over 160,3,1,1,892700,861630,21.264
B,28,4,2008,31.55523,-101.96911,10000,40,20,7,3,3,359875,405250,34.05661012
C,27,2,2010,31.83735,-101.95706,10575,40,160,7,7,14,614501,892846,45.956
B,10,4,2011,31.50942,-102.06507,11490,40,160,1,1,1,776000,1255367.367,115.2346599
E,2,3,2005,31.43957,-101.66677,8327,40,40,7,2,2,100450,383200,28.22
F,18,3,2010,31.53432,-101.41733,8434,40,40,7,7,7,NA,NA,53.604
C,2,1,2008,31.71701,-101.75875,9890,NA,NA,7,6,12,474820,417946,9.735
E,27,3,2008,31.61262,-101.69658,8515,80,20,5,4,8,601360,246762,17.184
D,4,1,2010,31.96115,-101.68141,10579,160,Over 160,1,5,13,398000,25116,32.96370677
D,2,1,2011,31.8386,-101.54503,10935,40,80,4,8,8,609263,809200,26.81893188
C,27,2,2003,31.74802,-101.93701,10590,80,40,7,4,8,370431,303571,15.893
A,27,2,2006,31.89491,-102.00225,10185,40,Sub 20,7,6,11,520620,450120,42.824
C,27,2,2003,31.75528,-101.93938,10500,40,160,7,4,8,219633,300678,18.94660235
A,14,2,2011,31.81433,-102.21871,10645,80,Over 160,7,1,1,698959,1080156,73.48365573
A,24,2,2003,31.78472,-102.04792,10525,80,40,7,1,2,390000,283000,45.712
D,14,1,2011,31.75392,-101.6194,10885,80,160,4,1,1,NA,1055334,95.636
D,27,1,2012,31.98156,-101.72766,10743,80,Over 160,3,5,9,1238986,1235601,17.556
D,13,1,2009,31.9457,-101.75215,10560,80,40,1,1,3,1373343.945,1040046,69.756
B,13,2,2003,31.6715,-101.9753,10520,20,40,7,4,8,161048,281890,59.83319228
E,2,3,2007,31.39708,-101.68929,8532,80,20,7,2,2,169100,481530,20.396
C,27,2,2011,31.82675,-101.92212,10590,40,40,6,4,8,1007299,981497,112.904
A,13,2,2005,31.7168,-102.0396,10530,80,80,7,4,8,190200,290780,28.53084338
A,10,2,2010,31.82487,-102.12739,11110,160,40,1,1,2,947000,18984,64.762
D,27,1,2003,31.71259,-101.71632,8635,40,40,7,3,6,471030,188309,55.65707668
E,2,3,2008,31.53082,-101.65117,8276,40,20,7,2,2,271750,220538,12.592
A,5,2,2011,31.75186,-102.0514,11175,40,80,1,10,10,967108,622146,23.3
C,27,2,2006,31.78182,-101.95272,10510,40,160,7,6,12,633024,466247,28.836
C,27,2,2012,31.92027,-101.85936,10445,80,40,7,3,6,1423437,1349935,56.468
A,13,2,2006,31.8149,-101.9723,11529,80,20,7,1,2,543040,477666,58.35472283
E,2,3,2008,31.52097,-101.70988,8415,80,40,7,2,2,258000,220911,16.276
A,13,2,2005,31.81568,-102.03594,10980,80,80,7,1,1,401720,579516,77.38134441
A,13,2,2003,31.8018,-102.0306,10500,80,40,7,4,8,171340,289934,37.596
A,20,2,2010,31.74272,-102.19934,10618,40,160,7,4,8,895000,1028770,162.696
F,13,3,2010,31.53137,-101.47677,10100,160,80,1,1,2,1171520,1088640,98.172
B,27,4,2011,31.51144,-102.02718,10935,40,160,1,3,6,1218727,948342,63.628
C,27,2,2003,31.82287,-101.96955,10590,40,80,7,4,8,370520,287922,19.84023768
E,2,3,2007,31.4844,-101.64598,8153,20,20,7,2,2,123000,365484,18.768
C,27,2,2012,31.91622,-101.8934,10385,40,20,7,3,6,1458884,1252408,48.14
B,13,2,2004,31.6988,-102.0025,10505,40,80,7,4,8,191199,298644,38.192
B,13,2,2005,31.68745,-102.00262,11250,40,40,7,1,1,350670,453978,91.768
E,2,3,2007,31.46071,-101.70873,8524,80,20,7,2,2,344375,457002,19.43242355
B,27,4,2006,31.59182,-102.008,9289,160,40,7,3,6,470580,198104,30.184
F,18,3,2010,31.54559,-101.44258,8585,40,20,7,8,8,NA,NA,90.868
B,27,4,2004,31.53072,-101.91047,9080,160,40,7,3,6,472150,202232,32.264
A,13,2,2007,31.77759,-102.08616,10410,40,160,7,1,1,700324,613662,62.78514382
B,27,2,2008,31.66348,-102.00862,10481,80,40,7,5,10,500445,392187,26.62828616
C,27,2,2003,31.7787,-101.93778,10500,40,80,7,5,10,387340,401474,49.79286603
B,2,4,2012,31.5172,-102.03305,10878,40,40,6,6,6,719500,920354,128.3355706
D,27,1,2009,31.89392,-101.7133,9582,80,160,7,6,12,485020,586154,36.49085403
D,5,1,2012,31.92229,-101.70388,10880,NA,NA,8,9,18,853791,889944,39.168
A,13,2,2007,31.82613,-102.2432,11265,40,Over 160,7,1,1,555860,690144,25.432
F,18,3,2010,31.5524,-101.40423,8432,80,20,7,8,8,NA,NA,21.52
A,9,2,2006,31.82916,-102.02629,10440,40,80,7,4,4,358656,72450,39.04780219
F,18,3,2011,31.61368,-101.44797,8563,80,20,7,7,7,NA,NA,26.76028006
E,2,3,2004,31.46737,-101.66234,8250,40,40,7,1,1,350000,159000,35.576
F,14,1,2011,31.66999,-101.44441,10067,80,Over 160,1,7,14,896000,557000,36.408
D,2,1,2007,31.73249,-101.74037,9792,80,40,7,6,12,523253,426297,13.624
F,18,3,2011,31.57118,-101.45924,8660,80,40,7,7,7,NA,NA,27.02
E,2,3,2003,31.49026,-101.64712,8225,20,40,7,1,1,290230,192696,21.03030391
F,2,3,2006,31.59383,-101.52146,8480,40,160,7,2,2,149700,504800,38.86579378
A,2,2,2007,31.73066,-102.18653,10111,80,40,7,6,12,524440,407788,24.856
A,2,2,2009,31.75534,-102.16317,10388,80,40,7,7,14,655300,506153,29.752
C,27,2,2003,31.72739,-101.86284,9050,160,40,7,3,8,470600,197045,23.092
F,14,1,2011,31.69677,-101.44318,10080,40,Over 160,1,7,14,785500,571500,29.81065115
E,2,3,2005,31.45856,-101.65109,8124,40,40,7,2,2,100450,383200,25.304
A,27,2,2003,31.762,-101.9903,10500,40,80,7,4,8,367600,309393,56.28002967
A,10,2,2011,31.81322,-102.14197,11035,80,40,1,1,2,934001,18480,76.504
E,2,3,2006,31.48518,-101.66149,8313,40,80,7,2,2,123000,365750,40.748
E,2,3,2008,31.52064,-101.65128,8278,20,20,7,2,2,273280,196751,21.152
B,10,4,2011,31.53107,-102.13475,10500,40,160,7,1,1,631100,974891,100.196
D,27,2,2011,31.94907,-101.82352,10452,80,20,6,4,8,1573985,1460609,19.98
B,13,2,2004,31.6878,-101.9675,10497,80,Sub 20,7,4,8,149500,290146,28.392
B,10,4,2010,31.52416,-102.11392,10550,40,Over 160,7,1,1,393500,937190,71.56
F,2,1,2006,31.65592,-101.53639,8103,40,40,7,2,2,123000,353400,30.18
F,18,3,2008,31.56346,-101.41678,8710,80,40,7,7,7,NA,NA,36.12
B,10,4,2012,31.51423,-102.12372,10655,NA,NA,7,1,1,694000,1090992,22.9
F,18,1,2012,31.66163,-101.4309,9895,40,Over 160,NA,1,1,NA,NA,46.25013093
F,14,1,2012,31.6878,-101.44929,10122,40,Over 160,1,7,14,845000,567000,9.5
D,2,1,2011,31.82076,-101.53848,10863,80,160,8,7,7,522438,686750,35.412
F,18,1,2011,31.65687,-101.50167,10144,80,80,1,12,12,NA,NA,88.32861051
F,18,3,2012,31.57472,-101.44217,9910,40,20,6,1,1,NA,NA,37.556
B,27,4,2012,31.51815,-101.98781,10890,40,160,1,2,4,1361638,1195850,55.148
E,27,3,2006,31.59746,-101.6545,8344,80,40,5,3,6,471200,198881,29.364
F,14,1,2011,31.6918,-101.49471,9988,80,Over 160,1,7,14,873500,547000,48.432
B,10,4,2011,31.5814,-102.09789,11305,160,40,1,1,1,651821,1323798,77.244
B,25,4,2010,31.62739191,-102.0014106,11000,80,40,6,1,2,1256640,256952,118.884
C,27,2,2007,31.80533,-101.96479,10413,40,80,7,6,12,486021,552316,42.728
B,2,4,2012,31.54364,-102.01882,10800,NA,NA,7,8,8,756750,876500,49.624
B,10,4,2012,31.59873,-102.15155,11125,80,40,1,1,2,465600,935529,64.4331449
D,27,1,2009,31.97958,-101.652,10017,160,Over 160,7,8,16,744620,992712,55.332
F,2,3,2007,31.59645,-101.52648,8519,40,80,7,2,2,191500,480102,52.24596847
B,5,2,2011,31.69311,-101.92723,11773,Over 160,40,1,11,22,609809,858000,7.608
A,3,2,2010,31.73704,-102.05005,10245,40,80,7,6,12,718000,727010,31.08
C,27,2,2003,31.75071,-101.84015,8970,80,20,7,4,8,472170,195181,28.54388452
A,27,2,2012,31.76732,-102.17618,10509,40,80,7,3,6,1154722,947669,78.02
D,14,1,2011,31.74802,-101.59546,10801,80,Over 160,1,7,14,733000,636000,29.132
F,18,3,2010,31.58594,-101.47182,8775,80,40,7,7,7,NA,NA,27.572
E,27,1,2003,31.67106,-101.68159,8530,80,40,7,2,5,335820,149870,24.156
E,2,3,2009,31.47608,-101.60758,10270,80,40,6,2,2,137000,449500,36.584
F,2,3,2008,31.63161,-101.55869,8234,80,20,7,2,2,258000,220375,8.544
F,2,3,2006,31.61922,-101.56047,8211,40,40,7,2,2,123000,365482,36.77679768
D,27,1,2009,31.76336,-101.62769,10091,160,40,7,6,12,563980,428505,55.758
F,2,3,2006,31.60947,-101.55163,8218,80,40,7,2,2,123000,365500,16.772
F,2,1,2006,31.69948,-101.57606,8283,160,80,7,2,2,100975,374500,10.876
F,27,3,2010,31.56387,-101.4089,8593,80,40,7,7,14,848060,607908,23.88
B,27,4,2011,31.51414,-102.0153,10889,80,80,6,3,6,1133771,875218,55.292
B,10,4,2012,31.50764,-102.11716,11512,40,Over 160,7,1,2,573050,14500,69.256
B,10,4,2012,31.51511,-102.08872,11517,40,Over 160,1,1,1,699004,1181544,176.1857485
C,27,2,2007,31.87597,-101.96966,9986,20,Sub 20,7,5,10,522660,336925,33.036
B,25,4,2012,31.648,-102.0078,12161,40,160,1,1,1,1417920,1803816,23.064
D,27,1,2011,31.97724,-101.69533,10166,80,160,6,4,8,2904943,1622730,19.164
F,28,3,2007,31.50394,-101.51953,8521,160,20,7,1,1,560050,380342,19.604
E,27,3,2005,31.49004,-101.69573,9334,80,20,7,5,10,506667,370560,44.232
C,2,2,2006,31.74599,-101.78104,9973,40,40,7,6,12,523240,437483,27.264
E,2,3,2007,31.46229,-101.64137,8084,20,20,7,2,2,123000,364938,21.004
C,27,2,2004,31.77514,-101.85229,9050,40,40,7,3,6,471910,205303,80.32913438
C,27,2,2003,31.7097,-101.79151,8750,40,20,7,2,4,335540,130206,27.84973229
E,2,3,2005,31.44406,-101.61534,8282,40,40,7,2,2,100450,383200,22.39416894
C,27,2,2004,31.79926,-101.82893,8955,NA,NA,7,3,6,473760,200972,30.336
B,23,2,2011,31.70621,-101.92425,10955,80,80,6,1,2,693800,410700,8.604
A,12,2,2005,31.85368,-102.03837,11478,80,Sub 20,7,1,2,175000,154000,74.9528507
D,2,2,2007,31.93394,-101.78352,8826,80,40,7,1,2,168500,485562,35.52561313
F,2,3,2007,31.59996,-101.52757,8531,40,40,7,2,2,171384,478002,29.488
F,18,3,2009,31.60748,-101.4502,8275,80,40,7,NA,7,NA,NA,16.496
E,2,3,2004,31.51869,-101.66894,8307,40,20,7,2,2,362000,367506,21.0058
C,2,2,2006,31.75463,-101.7927,9865,80,40,7,7,14,561279,533918,21.25904119
E,2,3,2012,31.48826,-101.62017,8025,40,40,7,4,4,465000,459668,21.94
B,13,2,2005,31.70681,-102.04947,10515,40,40,7,4,8,188421,295717,29.68
B,10,4,2012,31.51967,-102.13041,10725,40,Over 160,7,1,1,772500,1170960,53.736
F,27,1,2008,31.69162,-101.60838,8295,80,40,5,4,8,579200,238412,15.55114674
B,3,4,2011,31.6331,-102.05671,10439,160,40,7,7,7,1042520,1067892,54.916
C,27,2,2003,31.72485,-101.84168,8900,160,40,7,3,6,472170,210628,42.128
A,13,2,2003,31.75426,-102.00885,10265,40,40,7,1,1,257320,197232,35.86682289
A,24,2,2004,31.80228,-101.99589,11100,40,40,7,1,2,250000,86000,46.744
E,2,3,2008,31.47627,-101.65664,8186,40,40,7,2,2,16750,278750,14.376
C,27,2,2012,31.79764,-101.79802,11279,80,20,1,5,10,1551766,1489446,120.0347822
A,10,2,2011,31.81163,-102.15056,11094,80,40,1,1,1,851000,1273818,76.292
A,13,2,2006,31.73401,-102.0632,10592,40,80,7,1,1,648106,602154,48.27209734
A,10,2,2011,31.81065,-102.12352,11105,80,20,1,1,2,1125600,22512,195.747454
B,13,2,2004,31.68548,-102.0114,11250,80,40,7,1,1,350290,394800,97.884
D,14,1,2011,31.75591,-101.6113,10715,40,160,1,8,16,846000,646000,36.824
E,27,3,2003,31.6031,-101.74503,8540,40,40,5,3,8,472550,2541052,32.70993787
F,14,1,2011,31.72146,-101.46417,10705,160,Over 160,2,7,15,840000,777700,21.2
E,27,3,2010,31.54401,-101.74443,8587,80,40,7,4,8,512957,237090,38.91903009
F,27,3,2004,31.55403,-101.5968,8150,40,40,5,3,6,472270,200552,40.528
F,27,3,2005,31.62216,-101.58293,8150,80,40,7,3,6,473940,173362,22.956
B,27,4,2011,31.51268,-101.99773,10900,40,160,1,2,4,1116006,870612,57.116
B,2,4,2009,31.54706,-102.02025,10324,40,160,7,3,3,449300,581600,68.756
A,10,2,2011,31.82752,-102.1777,11288,80,80,1,1,1,978500,1523424,71.07859197
B,10,4,2011,31.61858,-102.11414,11033,Over 160,Sub 20,1,1,1,497189,994938,52.316
B,3,2,2010,31.66229167,-102.0929306,10180,80,40,7,6,12,750000,1184988,16.628
A,10,2,2011,31.82989,-102.1831,11470,80,160,1,1,1,751000,1247568,59.28813167
A,13,2,2010,31.71836,-102.08099,10575,80,80,7,1,2,828220,880194,48.46
F,18,3,2010,31.5931,-101.46317,8725,80,40,7,7,7,NA,NA,19.036
E,2,3,2008,31.46572,-101.6532,8156,40,40,7,2,2,16750,278750,15.656
D,34,1,2012,31.92888,-101.7731,10655,160,40,6,1,1,1818880,295008,107.336
A,27,2,2006,31.8939,-102.00664,10184,40,Sub 20,7,7,14,675047,532444,37.38
A,13,2,2006,31.77,-102.088,10435,40,160,7,1,1,746360,555702,39.92
A,12,2,2008,31.77672,-102.05858,10291,80,40,7,1,2,431000,463150,42.052
B,13,2,2007,31.6619,-101.99707,10632,40,40,7,1,1,747800,602322,55.72469755
B,13,2,2004,31.6752,-102.0392,10525,160,80,7,4,8,169528,280233,41.116
D,11,1,2012,31.80385,-101.58227,10669,40,Over 160,4,1,1,944021,1074780,218.792
C,27,2,2006,31.78638,-101.94933,10492,40,160,7,6,11,401360,466922,50.748
A,2,2,2008,31.72568,-102.1758,10104,80,40,7,6,12,602400,548832,40.388
A,24,2,2004,31.79786,-101.99885,11000,80,80,7,1,2,312000,14000,25.503
E,27,3,2008,31.44017,-101.60093,8615,80,40,7,7,14,853450,706162,22.696
A,2,2,2009,31.7112,-102.18869,10090,160,40,7,6,12,404360,432764,11.38
E,30,3,2010,31.55983,-101.66473,8298,160,40,7,3,3,390000,298410,31.20847532
D,5,2,2012,31.95364,-101.78102,11503,40,40,4,9,18,996200,902106,57.16
A,13,2,2003,31.7346,-102.0277,10500,160,80,7,4,7,247891,272650,38.20476317
B,13,2,2006,31.69801,-102.006,11258,40,40,7,1,1,639520,581616,36.552
B,27,2,2008,31.67222,-102.02027,10500,160,40,7,7,14,688562,721611,42.5222477
B,10,4,2006,31.4915,-102.07673,10674,40,80,7,1,2,763000,922900,90.536
D,27,1,2008,31.76303,-101.59157,10430,80,Over 160,7,6,12,695140,635437,27.776
A,10,2,2012,31.81556,-102.11977,11207,80,40,1,1,1,929580,1363320,66.948
F,14,1,2012,31.72459,-101.48299,10034,NA,NA,NA,7,14,838500,561500,24.288
C,27,2,2004,31.93173,-101.8308,9365,80,20,7,4,7,437481,341722,60.648
A,13,2,2003,31.8296,-101.9903,10520,160,80,7,4,8,168000,288672,29.28650586
F,2,3,2007,31.58887,-101.4929,8536,40,80,7,2,2,352554,387060,32.204
F,14,1,2011,31.71955,-101.47231,10080,160,Over 160,1,7,14,885000,757000,24.084
F,18,3,2012,31.64264,-101.47006,8331,Over 160,20,7,1,1,NA,NA,32.19555527
B,2,4,2011,31.52599,-102.04404,10931,40,40,6,8,8,1609663,754313,76.244
C,27,2,2006,31.83892,-101.96636,10336,40,80,7,6,11,399440,463018,52.692
B,13,2,2004,31.6916,-101.9886,10515,160,80,7,4,8,163000,268005,158.02
A,13,2,2005,31.74965,-101.99676,11102,80,80,7,1,1,397760,447678,52.128
B,27,2,2006,31.66763,-101.98048,10392,NA,NA,7,4,8,595424,388265,38.603443
A,10,2,2011,31.80471,-102.11693,11208,80,40,1,1,1,858500,1401666,62.216
E,2,3,2006,31.53936,-101.66273,8342,80,40,7,2,2,123000,365806,32.076
E,2,3,2005,31.52303,-101.66633,8310,40,40,7,2,2,100450,383200,37.72
B,10,4,2010,31.51153,-102.0879,10595,40,Over 160,7,1,1,644037,1067052,46.432
D,27,1,2012,31.97211,-101.68047,10076,40,Over 160,NA,4,8,1249577,1360277,21.284
C,27,2,2003,31.78129,-101.93888,10500,40,80,7,6,14,535133,400910,48.24429574
C,2,2,2008,31.75036,-101.77816,9905,40,40,7,7,14,626140,610283,7.68
E,2,3,2003,31.4242,-101.63561,8246,40,20,7,1,1,289000,166295,39.0632123
E,2,3,2004,31.46022,-101.6608,8284,80,40,7,2,2,360000,367506,32.42348826
B,25,4,2011,31.64124,-101.92573,11093,80,40,1,1,1,1515583.945,1074822,43.216
B,13,2,2005,31.6979,-102.0868,10510,40,80,7,3,6,145509,198460,48.332
B,25,4,2010,31.63887,-101.92025,11015,80,40,1,1,1,602440,725466,44.95842123
D,27,1,2008,31.76686,-101.61135,10568,40,80,7,7,14,672071,767718,19.24918288
B,27,4,2012,31.50194,-102.02499,10870,40,80,1,3,6,1356070,1225744,46.096
F,2,3,2006,31.57637,-101.49816,8500,80,80,7,2,2,151023,492870,26.39411735
E,2,3,2005,31.528,-101.68779,8451,20,20,7,2,2,100450,383200,36.764
E,2,3,2003,31.45166,-101.68412,8200,160,40,7,1,1,290310,153212,22.30126664
A,12,2,2006,31.84966,-102.06792,10125,40,160,7,1,1,319000,655250,73.06722001
A,10,2,2008,31.68939,-102.19964,10350,40,80,7,1,2,750000,827800,70.14
B,2,4,2012,31.53745,-102.01252,10820,NA,NA,7,8,8,785730,877500,90.088
D,13,1,2005,31.77613,-101.59246,10255,80,80,7,1,1,521740,398454,39.1412402
F,27,3,2004,31.59831,-101.58431,8116,160,40,7,3,6,470270,212988,44.236
B,27,4,2011,31.5069,-101.9956,10884,80,80,1,3,6,1187003,956326,65.652
E,27,3,2008,31.6148,-101.7334,8672,20,20,5,4,8,607030,245005,30.672
C,2,1,2008,31.71336,-101.77513,9886,80,40,7,7,14,621902,589219,16.768
F,18,1,2012,31.67496,-101.45422,9965,80,Over 160,6,1,1,NA,NA,26.6
C,27,2,2009,31.76145,-101.90322,9188,160,40,5,4,8,550040,221636,14.988
E,2,3,2006,31.49628,-101.67239,8317,40,80,7,2,2,127548,366270,27.8
A,3,2,2010,31.71104,-102.09558,10200,40,40,7,6,12,710000,684468,39.1
D,5,1,2012,31.92375,-101.73075,11015,NA,NA,8,10,20,1089724,871380,67.44403123
D,6,1,2011,31.81407,-101.65145,10827,160,40,8,1,1,999200,969192,35.588
A,13,2,2004,31.75465,-101.99714,11100,40,80,7,1,1,370580,461832,27.19189199
D,27,1,2011,31.97423,-101.59722,9903,Over 160,Over 160,6,2,4,1484532,1524504,4.196
E,2,3,2007,31.52841,-101.67709,8298,40,20,7,2,2,160527,240240,38.724
C,27,2,2010,31.85077,-101.93441,10580,40,20,7,7,14,768442,933312,72.46
B,10,4,2011,31.57578,-102.11831,11205,Over 160,40,1,1,1,765300,1231188,56.956
F,18,3,2010,31.61716,-101.44153,8318,80,160,7,7,7,NA,NA,23.408
B,10,4,2008,31.49899,-102.09245,10505,40,Over 160,7,1,2,660000,816000,83.504
B,28,4,2008,31.55165,-101.96831,10011,40,40,7,3,3,365875,406000,19.3364338
B,13,2,2004,31.6859,-101.9759,10528,80,80,7,4,8,191000,297292,24.8743132
F,27,3,2006,31.46265,-101.55054,8160,160,40,7,3,4,257733,231649,43.676
A,2,2,2007,31.6848,-102.17563,10104,40,20,7,5,10,559262,487560,38.48073554
B,17,4,2012,31.54215,-102.10265,11364,40,80,1,13,15,1303430,1381180,41.028
E,2,3,2005,31.42331,-101.63997,8235,40,40,7,2,2,100450,383200,23.784
E,2,3,2005,31.51718,-101.6425,8322,20,40,7,2,2,100450,383200,24.644
F,27,1,2007,31.72677,-101.58867,9510,160,40,7,4,8,234101,256538,12.64935437
F,18,3,2010,31.57799,-101.41232,8495,80,40,7,8,8,NA,NA,33.96
E,2,3,2008,31.46833,-101.65087,8179,40,20,7,2,2,16750,278750,13.43492656
A,12,2,2007,31.82424,-102.06513,10117,40,80,7,1,2,292800,522000,42.448
A,13,2,2005,31.8207,-101.9963,10550,80,80,7,6,12,495000,538146,43.372
A,5,2,2011,31.71924,-102.09364,11125,40,80,1,12,12,450707,721350,21.736
F,27,3,2006,31.59098,-101.617,8215,80,40,5,3,4,471560,195243,28.104
C,27,2,2003,31.95258,-101.83381,9415,80,40,7,4,9,489980,273917,58.376
A,12,2,2007,31.83192,-102.08158,10143,160,80,7,1,2,316750,547500,46.41027426
B,10,4,2011,31.5247,-102.09625,10715,40,160,7,1,1,813500,1219722,70.732
B,13,2,2011,31.70723,-102.03156,10725,80,80,7,1,2,718040,1041684,51.612
C,27,2,2007,31.79486,-101.92934,10474,80,40,7,6,12,405740,463499,36.072
C,2,1,2007,31.72145,-101.75576,9844,NA,NA,7,4,8,207880,279747,18.328
B,27,4,2007,31.49181,-102.00748,10354,80,80,7,6,12,340492,356781,58.74358986
F,18,3,2011,31.6155,-101.43209,8362,40,160,7,1,1,NA,NA,56.828
B,3,2,2008,31.68374,-102.05087,10265,NA,NA,7,5,10,849000,10000,28.04
A,13,2,2004,31.77534,-102.14324,11000,40,40,7,1,1,352040,326352,31.02059944
F,4,1,2008,31.70944,-101.48711,10200,160,Over 160,1,5,10,318295,486155,28.724
C,27,2,2010,31.84488,-101.95944,10652,40,80,7,6,12,661222,921264,78.22
D,27,1,2008,31.97212,-101.68489,9983,40,Over 160,7,7,14,552180,571036,21.94799122
E,27,3,2006,31.59039,-101.65261,8295,40,40,5,3,6,475020,195510,32.812
E,2,3,2008,31.52648,-101.64981,8296,40,40,7,2,2,293100,242240,33.484
A,13,2,2004,31.7354,-101.9914,10515,40,80,7,4,8,173000,284131,31.67528813
D,5,1,2012,31.93689,-101.70848,10815,NA,NA,8,8,16,970699,850532,28.48
B,13,2,2005,31.7139,-101.9865,10505,40,80,7,4,8,190497,300937,26.3487155
A,24,2,2006,31.76849,-101.97813,11026,40,20,1,1,2,550300,572900,35.284
C,13,2,2004,31.84944,-101.95491,10750,80,40,7,1,1,291940,342300,43.884
A,13,2,2007,31.792,-102.18387,11005,80,80,1,1,2,602860,604380,71.452
E,27,3,2006,31.54091,-101.73812,8525,80,40,5,3,6,471210,195691,31.108
A,13,2,2004,31.8175,-101.9773,10529,80,20,7,4,8,175000,288534,23.763
E,2,3,2003,31.42677,-101.64079,8295,40,20,7,1,1,290310,153212,40.66573967
D,2,1,2012,31.82001,-101.54341,10900,NA,NA,NA,7,8,520188,695000,34.8
E,27,3,2006,31.5513,-101.75897,8660,40,40,5,3,6,468840,195952,71.34268838
E,2,3,2006,31.40963,-101.6672,8112,40,80,7,2,2,123000,365484,27.86321554
A,13,2,2003,31.8118,-102.0022,10530,160,80,7,4,8,171000,288705,35.94017441
B,3,2,2012,31.66521,-102.08433,11462,40,40,1,1,1,120000,124000,5.604
D,2,1,2008,31.71945,-101.73191,9878,80,40,7,6,12,522900,398382,8.808
B,27,4,2010,31.50123,-102.04515,10745,40,160,7,10,20,2331540,1290688,94.936
A,12,2,2005,31.77903,-102.03206,10127,80,160,7,1,2,307000,512250,32.93505397
F,18,3,2010,31.6035,-101.42044,8528,80,20,7,8,8,NA,NA,30.508
F,2,1,2006,31.70647,-101.5785,8243,160,40,7,2,2,100450,383200,12.48
E,27,3,2003,31.57456,-101.7398,8630,80,20,5,3,8,471640,206138,25.01447869
B,10,4,2011,31.53547,-102.10022,11394,40,80,1,1,1,967500,1560426,48.74
B,10,4,2012,31.51553,-102.11975,11460,40,Over 160,1,1,1,879500,1429386,18.56
F,18,3,2008,31.57442,-101.41661,8725,80,20,7,NA,7,NA,NA,16.4500793
E,2,3,2008,31.51698,-101.67336,8264,40,20,7,2,2,265075,209000,29.356
A,32,2,2011,31.75062,-102.13583,10609,80,80,7,1,2,859990,1100652,124.768
D,27,1,2011,31.97697,-101.66415,9975,40,Over 160,6,4,8,1483342,1212862,41.86032034
C,27,2,2012,31.87772,-101.97023,10771,20,Sub 20,6,4,8,1415768,1234173,64.344
D,5,1,2012,31.94586,-101.72011,10956,NA,NA,4,10,20,1222148,1091074,45.732
D,27,1,2010,31.96948,-101.71061,10095,160,160,7,8,16,696467,891294,25.224
A,13,2,2005,31.81789,-102.07704,10937,80,80,7,1,1,350840,430542,48.18907111
C,2,1,2008,31.72585,-101.75281,9886,80,40,7,6,12,474363,383661,8.086191594
A,12,2,2009,31.83664,-102.07725,10150,80,80,7,1,3,456500,505900,57.436
E,27,3,2003,31.64919,-101.66118,8440,80,40,7,3,7,471640,218452,21.748
F,18,3,2011,31.58177,-101.425,8530,80,20,7,7,7,NA,NA,27.724
F,18,3,2011,31.59987,-101.42475,8560,40,40,7,8,8,NA,NA,27.532
C,2,1,2008,31.76379,-101.76925,9880,40,40,7,6,12,539400,501369,24.40562809
E,2,3,2012,31.49176,-101.62127,8055,40,80,5,4,4,473000,547000,21.56
F,18,3,2010,31.54529,-101.41709,8478,40,160,7,8,8,NA,NA,29.072
E,2,3,2005,31.50392,-101.65398,8320,20,20,7,2,2,100450,383200,24.496
F,18,3,2010,31.59678,-101.4677,8737,80,20,7,8,8,NA,NA,23.696
D,27,1,2011,31.93995,-101.74466,10330,40,40,6,4,8,1333245,1346749,64.232
B,27,4,2008,31.51474,-101.91452,8454,40,80,5,3,6,416707,154134,15.496
E,2,3,2003,31.48299,-101.64487,8225,20,40,7,1,1,290030,186984,34.33198681
F,18,3,2011,31.62704,-101.43458,8314,40,40,7,7,7,NA,NA,35.9
B,5,2,2011,31.71082,-101.95281,11732,160,40,1,13,13,1000630,735066,0.7
F,27,3,2005,31.57201,-101.56736,8065,Over 160,40,7,3,6,477347,168803,21.156
E,2,3,2004,31.4549,-101.64987,8140,40,40,7,2,2,360000,367506,29.992
A,33,2,2009,31.7434,-102.2128,10500,160,Over 160,6,7,14,NA,2224656,60.824
C,27,2,2008,31.7889,-101.95037,10548,20,160,7,6,12,430179,386500,66.664
C,27,2,2004,31.76988,-101.85904,9095,160,40,7,3,6,471380,203190,52.85194007
E,27,3,2006,31.56495,-101.71478,8456,160,40,5,3,6,427570,190727,41.936
E,27,3,2005,31.48515,-101.69561,9315,80,40,7,5,10,508200,354812,35.592
F,18,1,2011,31.66448,-101.45051,10346,80,160,4,12,12,NA,NA,257.668
E,27,3,2004,31.59139,-101.64819,8345,40,40,7,3,6,475894,201224,32.59924597
C,27,2,2006,31.81577,-101.96765,10515,NA,NA,7,4,9,544020,457406,23.084
E,27,3,2010,31.52574,-101.75539,8630,40,40,7,4,8,502400,235662,26.236
E,2,3,2004,31.51953,-101.66523,8306,40,40,7,2,2,350000,220506,17.94
E,27,3,2006,31.56692,-101.70665,8425,160,40,5,3,6,472300,198067,41.952
C,3,2,2004,31.91882,-101.81391,8905,80,40,7,2,4,200270,175750,9.608
A,12,2,2005,31.77459,-102.03484,10125,80,80,7,2,4,334000,530000,49.55407614
B,27,4,2010,31.50972,-102.03472,10735,40,160,7,9,18,976122,1198084,97.788
A,13,2,2003,31.7036,-102.1107,10515,160,40,6,5,9,301870,356635,26.8747488
B,17,4,2011,31.5541,-102.13359,10770,160,80,7,8,16,758258,550012,80.232
A,13,2,2004,31.7482,-101.9683,10520,40,40,7,4,8,173500,280240,56.79350791
F,14,1,2011,31.65419,-101.4212,10093,40,Over 160,7,6,12,762000,502500,32.736
F,13,1,2010,31.67693,-101.59032,10230,80,80,6,1,2,1145088.027,1131564,28.372
A,27,2,2008,31.79245,-102.19753,10554,40,160,7,9,18,763170,682611,61.028
A,2,2,2008,31.77739,-102.16622,10378,80,40,7,8,16,653420,515056,31.68
F,18,3,2010,31.50567,-101.45596,8547,40,40,7,8,8,NA,NA,39.416
C,27,4,2003,31.60823,-101.80401,8805,Over 160,40,7,3,6,473330,180000,28.968
F,18,3,2012,31.62685,-101.44729,8295,80,160,7,1,1,NA,NA,40.632
E,27,2,2004,31.66337,-101.77644,8780,Over 160,40,7,3,6,473110,203282,40.98067921
A,27,2,2006,31.88585,-102.00849,10164,40,Sub 20,7,5,10,678677,345789,55.956
F,18,3,2010,31.58575,-101.45479,8670,160,40,7,8,8,NA,NA,30.188
B,10,4,2006,31.4935,-102.06845,10655,40,80,7,1,2,763000,926900,63.79352249
F,18,3,2011,31.61428,-101.40351,8144,40,40,7,NA,1,NA,NA,14.912
E,2,3,2003,31.47291,-101.63801,8235,40,40,7,1,1,290390,181546,44.50083322
E,27,3,2005,31.54317,-101.62832,8215,80,40,5,3,6,471560,163048,34.848
A,10,2,2012,31.81496,-102.18312,11475,40,Over 160,1,1,1,801000,1278690,70.35833286
F,14,1,2011,31.72073,-101.53835,10464,80,160,6,7,14,795000,542000,12.116
B,10,4,2012,31.53212,-102.13045,10635,40,Over 160,7,1,1,618812,1029504,26.44
A,27,2,2007,31.77798,-102.17963,10692,NA,NA,7,4,8,140871,376388,38.15611142
B,10,4,2011,31.57593,-102.07363,10685,160,80,7,1,1,708500,1101114,80.024
B,16,4,2011,31.53937,-102.12832,10725,40,160,7,1,1,909874,1143828,113.072
F,18,3,2010,31.57501,-101.46766,8700,40,20,7,7,7,NA,NA,24.244
B,10,4,2011,31.5197,-102.11672,10610,40,Over 160,7,1,1,699035,1075620,163.956
E,2,3,2009,31.45584,-101.66299,8153,40,40,7,2,2,268625,292000,40.768
F,27,3,2003,31.55151,-101.59197,8120,40,40,7,3,8,472560,197595,28.91222461
A,9,2,2006,31.82658,-102.02105,10450,80,80,7,4,7,426034,253336,42.972
A,13,2,2007,31.7509,-102.0242,10680,80,80,7,1,1,500200,511350,40.396
C,27,2,2012,31.83024,-101.92327,10730,40,20,1,4,8,1192763,1291432,98.776
B,2,4,2011,31.52597,-102.06218,10907,80,40,6,9,9,884126,959500,31.468
A,13,2,2004,31.82285,-102.03787,11000,80,80,7,1,1,346550,428064,45.37418401
C,13,2,2007,31.84788,-101.96065,10910,40,20,6,1,1,654960,595686,52.67011824
C,27,2,2012,31.9465,-101.8381,10577,40,20,1,4,4,1563055,1231488,204.808
A,13,2,2006,31.8173,-102.02647,10817,80,160,6,1,1,589080,510972,21.7819457
B,13,4,2006,31.49626,-102.10366,12554,40,Over 160,7,1,1,351380,324534,34.5821022
C,27,2,2007,31.86507,-101.90324,9075,160,20,7,3,6,480600,180716,18.192
B,22,4,2012,31.55543,-102.00094,11147,160,40,1,1,2,807151,762426,46.248
C,27,2,2012,31.84708,-101.91557,10683,40,20,1,4,8,1389239,1355128,131.648
D,5,1,2011,31.97478,-101.73801,11050,NA,NA,4,12,12,1061120,889938,19.624
F,14,1,2012,31.68765,-101.41755,10015,NA,NA,NA,7,14,910000,602000,38.58
E,27,3,2004,31.44973,-101.72305,9300,160,40,7,5,10,524210,384756,34.904
F,18,3,2010,31.51968,-101.40904,8462,40,40,7,NA,1,NA,NA,71.048
F,27,3,2008,31.58751,-101.59855,8201,40,40,5,4,8,578829,213161,27.38
C,13,2,2007,31.85618,-101.94104,10941,40,20,1,1,1,749860,586278,30.68
E,27,3,2005,31.57271,-101.74805,8662,80,20,7,3,6,475750,224198,57.10141561
F,14,1,2011,31.68399,-101.41708,10036,40,Over 160,1,6,12,737500,474000,57.56
D,2,1,2011,31.75303,-101.63589,11000,160,80,4,7,7,1084729,1201204,82.72679578
F,18,3,2010,31.58236,-101.47612,8780,80,40,7,7,7,NA,NA,34.624
B,16,4,2011,31.54288,-102.11507,10674,40,160,7,1,1,838380,1165080,97.424
B,13,4,2011,31.50716,-102.10833,12684,80,Over 160,4,1,2,800620,1188264,53.87031232
B,27,4,2010,31.63806,-102.03608,10950,40,80,6,5,5,1560743,1900062,96.344
E,2,3,2003,31.47761,-101.63429,8225,40,40,7,1,1,289940,222222,26.20745867
C,27,2,2007,31.84285,-101.94974,10085,40,160,7,6,12,404260,424754,58.592
D,27,1,2010,31.98761,-101.681,10100,160,Over 160,7,7,14,1018714,1371338,63.824
E,2,3,2003,31.47219,-101.62448,8243,40,40,7,1,1,291310,197292,43.108
D,31,1,2011,31.93507,-101.70192,10350,80,Over 160,1,2,4,689000,1428800,97.304
F,13,3,2012,31.51177,-101.48887,9935,80,80,6,1,2,568000,970326,37.424
F,4,1,2011,31.73672,-101.43366,9980,80,Over 160,1,8,16,650000,22000,9.968
C,27,2,2011,31.82771,-101.91802,10617,40,20,6,4,8,1460529,1446150,202.956
A,13,2,2007,31.73338,-102.04957,10650,40,80,7,1,1,749500,648102,47.03003331
A,13,2,2007,31.7674,-102.0829,10400,80,160,7,1,1,869407,734454,57.34912221
B,5,4,2008,31.59411,-102.06164,10628,40,40,7,1,2,1303680,1054872,61.572
F,18,3,2010,31.57128,-101.46771,8680,40,40,7,8,8,NA,NA,43.016
C,27,2,2011,31.91757,-101.83021,10642,80,20,6,2,4,1285393,1171426,68.996
B,13,2,2005,31.69,-102.00783,11265,40,40,7,1,1,500460,502194,68.128
F,2,3,2006,31.60813,-101.57414,8267,40,40,5,2,2,123000,375250,23.70705727
F,18,3,2012,31.63296,-101.43209,9870,40,160,6,1,1,NA,NA,24.508
E,2,3,2003,31.46918,-101.63631,8250,40,20,7,1,1,290080,138440,17.685
E,27,3,2004,31.57651,-101.71405,8545,20,40,7,3,6,470640,208204,40.932
B,25,4,2012,31.64976,-101.99861,12200,80,160,1,1,1,1426880,1394904,89.228
A,27,2,2007,31.79894,-102.18641,10532,NA,NA,7,5,10,520740,775052,33.424
F,18,3,2010,31.53438,-101.42153,8468,40,160,7,8,8,NA,NA,76.612
F,27,3,2005,31.60283,-101.62998,8290,80,40,7,3,6,470520,200492,16.38451018
F,18,3,2011,31.53081,-101.42584,8465,40,80,7,8,8,NA,NA,66.024
D,4,1,2011,31.8576,-101.57674,10295,80,80,1,8,16,510500,24360,15.792
B,27,4,2011,31.51797,-101.98443,10896,40,160,7,3,6,1375281,1423902.816,69.892
F,13,3,2012,31.53383,-101.47735,10054,Sub 20,40,1,1,2,503744,771498,7.836
F,18,3,2009,31.57834,-101.44212,8195,40,40,7,6,6,NA,NA,21.412
E,2,3,2004,31.50822,-101.6484,8312,20,40,7,2,2,350000,220506,29.62307158
A,12,2,2005,31.84666,-102.06198,11485,80,80,7,2,4,264000,441000,83.324
F,18,3,2010,31.54902,-101.4255,8515,40,80,7,8,8,NA,NA,21.844
E,2,3,2005,31.49751,-101.62751,8287,80,40,7,2,2,100450,383200,13.56
F,13,3,2010,31.55127,-101.52655,8480,160,40,7,1,2,846560,588630,30.31861183
F,13,1,2004,31.7163,-101.52017,10550,160,20,7,1,1,384990,317478,38.49591628
B,10,4,2012,31.53526,-102.1176,11410,40,Over 160,1,1,1,837500,1442490,92.204
F,27,1,2008,31.68924,-101.62125,8362,160,40,5,4,8,606324,217068,32.076
B,10,2,2010,31.66946,-102.13948,10538,160,40,1,1,2,473900,12012,64.6
E,2,3,2005,31.52373,-101.67991,8359,40,40,7,2,2,100450,383200,49.3320329
D,5,1,2011,31.93998,-101.74156,11400,40,80,8,11,11,685031,656040,44.108
F,27,3,2006,31.46883,-101.55689,8116,Over 160,40,7,4,5,465061,272814,10.38
A,12,2,2003,31.76902,-102.07469,10115,80,80,7,2,4,243000,474550,38.332
E,27,3,2005,31.53151,-101.62938,8282,40,40,7,2,4,327480,125510,35.212
A,24,2,2007,31.77678,-101.99141,10993,80,80,1,1,2,560000,845000,41.71620714
B,17,4,2008,31.55337,-102.08819,11000,160,80,1,1,1,NA,NA,67.91190947
D,13,1,2007,31.96851,-101.76248,10660,80,80,7,1,1,902460,15848,49.36
E,2,3,2007,31.43126,-101.64122,8066,40,40,7,2,2,123000,364938,31.684
F,14,1,2011,31.71565,-101.48907,10086,80,Over 160,1,7,14,827000,601000,25.35257157
A,27,2,2012,31.76925,-101.95716,10924,80,40,1,4,8,1408928,1396392,51.928
C,27,2,2007,31.75643,-101.94885,10450,40,80,7,6,12,400930,413313,36.708
D,21,2,2011,31.91252,-101.77672,10330,40,40,6,1,2,737270,1422888,36.408
F,2,3,2006,31.63558,-101.54302,8149,40,40,7,2,2,123000,365750,18.50933409
F,18,3,2010,31.58197,-101.44207,8605,40,20,7,8,8,NA,NA,15.34
C,27,2,2012,31.85245,-101.97501,10992,40,80,1,5,10,1377555,1463328,88.68
F,13,3,2010,31.52764,-101.46834,10130,40,40,1,1,2,697137,1657950,39.044
A,13,2,2006,31.81528,-102.07181,10897,80,80,7,1,1,498480,513870,59.04
B,13,2,2004,31.6662,-102.0454,10525,160,80,7,4,8,166000,288112,34.972
A,24,2,2004,31.77212,-102.01207,11000,80,40,7,1,2,317000,376000,62.23906507
F,19,1,2010,31.67846,-101.47281,10025,160,20,1,5,10,1266600,1948000,90.188
C,2,1,2007,31.71903,-101.75111,9853,80,40,7,5,6,506200,3000,13.684
F,27,3,2003,31.59617,-101.59249,8180,160,20,7,3,6,470460,195096,39.388
B,10,4,2011,31.52273,-102.10431,10605,40,Over 160,7,1,1,733702,1177806,54.86
A,24,2,2003,31.80578,-101.99703,11300,40,20,7,1,2,461000,202000,36.564
B,10,2,2010,31.6554,-102.13486,10750,160,40,1,1,1,471540,12012,45.344
D,5,2,2010,31.9502,-101.78044,10555,40,40,6,1,2,3528616,780182,57.41172984
E,2,3,2003,31.47097,-101.64569,8225,40,40,7,1,1,292190,185517,27.41962381
E,2,3,2006,31.53877,-101.64531,8339,20,40,7,2,2,123000,365750,31.58
D,27,1,2011,31.88806,-101.67531,10184,Over 160,Over 160,1,4,8,1398631,1280860,38.444
E,27,3,2005,31.46773,-101.71091,9270,40,20,7,6,12,530458,429998,36.86935873
F,2,3,2003,31.64331,-101.55852,8300,80,40,7,4,8,504000,286770,36.91160307
F,18,3,2010,31.57432,-101.40813,8500,40,80,7,8,8,NA,NA,31.888
B,3,2,2011,31.67881,-102.10276,11375,80,40,1,1,1,107600,1351602,5.083
B,27,4,2010,31.52225,-101.9687,10872,20,80,1,4,8,1223170,1253850,89.88
F,4,1,2012,31.66753,-101.49968,10256,80,Over 160,1,1,1,NA,NA,25.952
C,27,2,2006,31.79103,-101.94552,10508,40,80,7,6,12,408780,530520,71.968
D,13,1,2007,31.95298,-101.75386,10510,80,80,1,4,4,799108,546126,44.02376458
E,2,3,2004,31.53486,-101.64796,8329,40,40,7,2,2,360000,367506,39.92984664
E,2,3,2008,31.47801,-101.66555,8212,40,40,5,2,2,271750,208000,47.16539174
F,2,3,2007,31.62445,-101.53523,8504,40,160,7,2,2,205522,270791,28.836
B,27,4,2012,31.51393,-101.97155,10888,40,40,1,2,4,1512590,1433526,68.30228208
A,13,2,2003,31.75031,-102.00977,10300,40,80,7,1,1,341850,340998,35.397
B,10,4,2007,31.50859,-102.09996,10680,40,Over 160,NA,1,2,741000,896390,72.612
C,27,2,2011,31.79941,-101.95801,10709,40,160,7,3,6,1127263,969365,52.44
F,27,3,2004,31.5498,-101.58232,8188,80,40,5,3,6,471820,199292,50.176
A,27,2,2007,31.80201,-102.20502,10503,40,Over 160,7,4,8,369480,584673,29.7
C,27,2,2012,31.83808,-101.95273,10803,40,160,1,4,8,1423712,1389341,56.772
F,4,1,2011,31.71173,-101.44339,9989,80,160,1,8,9,703000,1008,29.444
D,4,1,2012,31.85376,-101.58113,10261,80,160,1,1,2,940000,1192478,19.408
A,27,2,2006,31.87435,-102.05805,10285,40,160,7,6,12,522980,447122,56.73353027
C,27,2,2011,31.83431,-101.93788,10619,80,20,6,4,8,1437820,1274164,94.432
B,28,4,2008,31.5596,-101.96643,9991,40,40,7,3,3,356750,454500,48.028
C,13,2,2003,31.85797,-101.95072,10750,80,20,7,1,1,241000,219786,56.57014461
F,18,3,2010,31.60748,-101.47582,8770,40,Sub 20,7,8,8,NA,NA,32.252
B,3,2,2012,31.65588,-102.04129,11707,40,40,1,1,1,130000,189000,38.888
E,2,3,2012,31.47793,-101.59965,10241,160,20,7,7,7,679250,760000,56.668
D,27,1,2011,31.85591,-101.71452,10406,160,80,6,4,8,1302146,1225372,74.448
B,27,4,2011,31.52141,-101.986,10884,40,80,1,3,6,1138269,3920893,60.44
B,27,4,2012,31.49269,-101.97111,10755,20,80,1,3,6,1400091,1276705,66.716
A,27,2,2009,31.79952,-102.19981,10500,40,Over 160,7,7,15,857919,863123,39.612
A,2,2,2008,31.82661,-102.08886,10300,160,40,7,6,12,582080,497735,29.636
D,27,1,2008,31.77082,-101.59428,10404,40,160,1,4,9,257881,473171,62.13588059
C,27,2,2012,31.95324,-101.85144,10526,160,20,7,3,6,995147,1121640,87.08
F,13,3,2010,31.53124,-101.46404,10100,40,40,1,1,2,814540,1031347,40.828
C,27,2,2011,31.79699,-101.95311,10697,80,160,7,3,6,941476,907353,51.432
D,27,1,2011,31.95678,-101.70281,10232,40,Over 160,1,3,6,1513148,1317458,107.0470321
B,2,4,2011,31.52391,-102.02159,10905,80,80,7,8,8,774138,838500,56.68
C,13,2,2003,31.86433,-101.9524,10800,40,Sub 20,7,1,1,403560,304080,32.36
B,27,4,2007,31.59152,-102.02548,9203,Over 160,40,5,3,6,476670,195443,32.056
D,27,1,2012,31.91239,-101.68314,10562,Over 160,Over 160,1,3,6,1348977,1219954,79.94
B,3,4,2012,31.62684,-102.07745,11400,80,40,1,1,2,126000,1511728,13.24119333
D,5,1,2011,31.97805,-101.7447,11500,NA,NA,NA,12,12,898544,849450,15.236
E,27,3,2005,31.48677,-101.67704,9221,160,40,7,5,10,505520,357311,72.9921932
A,10,2,2011,31.83699,-102.18537,11370,80,80,1,1,1,849973,1421574,49.24
A,10,2,2011,31.85988,-102.14896,11105,40,160,1,1,1,851126,1565760,105.98
A,12,2,2004,31.7719,-102.07991,10125,80,80,7,2,4,273000,475000,56.3998334
E,2,3,2007,31.4547,-101.61865,8292,40,40,7,2,2,123000,364450,23.78
A,13,2,2003,31.80806,-102.06962,10950,80,80,1,1,1,371330,297696,41.692
B,25,2,2012,31.6533,-102.00592,12020,80,40,1,1,1,304380,405048,286.748
B,5,2,2011,31.71384,-101.93991,11761,40,40,1,11,11,1056441,867836,1.372
B,10,4,2012,31.52731,-102.13358,10681,40,160,7,1,1,723275,1136646,57.84
A,27,2,2011,31.7607,-102.20104,10432,40,160,7,3,6,1312915,975840,90.7
B,13,2,2003,31.71,-102.0196,10500,80,40,7,4,8,210542,283818,34.95435561
D,2,1,2012,31.81294,-101.54123,10980,NA,NA,NA,7,8,520437,695008,10.788
B,13,2,2004,31.693,-102.0273,10515,160,80,7,4,8,170320,295605,43.268
D,13,2,2006,31.96385,-101.80206,10516,160,Sub 20,1,1,1,362004,535458,23.49
C,27,2,2003,31.74105,-101.83669,8900,80,40,7,3,8,473100,181026,48.98034099
B,27,4,2011,31.49217,-102.01876,10752,40,80,1,3,6,1239630,1081580,61.92
A,27,2,2007,31.76434,-102.18843,10752,NA,NA,7,4,8,110139,316905,37.03210804
F,14,1,2011,31.70137,-101.45425,10024,NA,NA,NA,7,15,849500,563500,36.36439764
A,12,2,2009,31.76776,-102.06448,10089,40,40,7,1,3,433600,586200,22.104
C,27,2,2011,31.95106,-101.82864,10446,80,40,6,3,6,1238775,1408227,73.664
C,27,2,2006,31.80842,-101.96577,10526,40,40,7,6,12,667460,451860,27.448
E,2,3,2005,31.46671,-101.62439,8214,40,20,7,2,2,100450,383200,20.16
A,14,2,2011,31.82971,-102.21763,10644,160,80,7,1,1,644499,931392,34.168
F,18,3,2010,31.56388,-101.4551,8651,80,40,7,8,8,NA,NA,12.89341834
F,14,1,2012,31.71186,-101.50558,10182,NA,NA,NA,7,14,826000,552000,19.74
B,13,2,2011,31.70005,-102.02924,10715,80,80,7,1,2,264370,84504,4.216
B,10,4,2011,31.61938,-102.1409,11550,160,Sub 20,1,1,1,471000,951468,106.52
B,3,2,2010,31.69394,-102.07219,10175,40,40,7,6,12,713000,612920,11.7
A,27,2,2011,31.87898,-102.01972,10929,40,Sub 20,6,4,8,1411688,1307592,73.992
A,10,2,2011,31.8464,-102.193,11395,80,40,1,1,1,735000,1042944,36.508
F,18,3,2012,31.61058,-101.40334,8150,40,80,7,1,1,NA,NA,25.484
B,2,4,2010,31.533,-102.01528,10790,40,80,1,3,3,643865,436500,53.86
E,27,3,2008,31.44429,-101.59783,8610,80,40,7,6,12,782240,398987,22.748
F,18,1,2012,31.65633,-101.51698,8831,Over 160,40,7,1,1,NA,NA,78.092
A,2,2,2008,31.77988,-102.17143,10249,40,40,7,5,10,495179,386704,35.972
C,27,2,2003,31.802,-101.96354,10505,40,40,7,5,10,390120,380042,15.96090849
D,5,2,2011,31.95453,-101.77674,10633,40,20,6,4,4,296375,560322,14.964
D,13,1,2011,31.96223,-101.76108,10622,NA,NA,1,1,2,786080,963942,74.564
F,13,1,2011,31.69479,-101.53103,10622,80,160,4,1,2,1329888.027,1118880,36.92
A,27,2,2003,31.78,-101.9609,10500,40,80,7,4,4,199940,341483,42.39503173
E,27,3,2010,31.54392,-101.75716,8598,80,40,7,4,8,533560,230832,43.20116525
F,2,3,2006,31.63872,-101.56208,8215,80,40,5,2,2,123000,365500,30.284
C,2,1,2006,31.77755,-101.77365,9882,80,40,7,7,14,553160,493325,29.40701198
B,17,4,2011,31.54126,-102.07544,10763,40,80,7,8,16,728484,780844,40.5
B,10,4,2012,31.52309,-102.11833,11465,40,Over 160,1,1,1,891950,1473948,137.532
D,14,1,2007,31.74169,-101.6067,8547,80,160,7,4,4,584800,633108,20.072
C,27,2,2007,31.81951,-101.96856,10240,40,80,7,6,12,406660,426162,33.04
A,20,2,2010,31.73556,-102.19671,10499,40,160,6,1,1,831000,1049664,98.26
E,27,3,2005,31.5308,-101.6159,8160,80,40,5,3,6,470140,186612,27.51995035
F,18,3,2011,31.54554,-101.43835,8550,40,20,7,8,8,NA,NA,44.708
E,2,3,2007,31.4033,-101.6784,8350,80,80,7,2,2,123000,363594,20.484
B,27,4,2010,31.64515,-102.03843,10921,40,80,6,11,22,1281980,1336650,60.408
B,2,4,2010,31.52231,-102.02967,10898,80,40,1,5,5,1306003,770500,56.358
F,2,3,2006,31.58157,-101.50855,8512,40,80,7,2,2,172250,507500,33.50169037
A,2,2,2008,31.8212,-102.0958,10320,160,40,7,7,14,800820,589657,28.252
F,14,1,2011,31.68065,-101.43381,10088,40,Over 160,1,7,14,888000,557000,44.064
F,14,1,2012,31.71403,-101.49735,10068,NA,NA,NA,7,14,839000,564000,23.02
B,10,4,2011,31.53259,-102.09487,11465,80,Sub 20,1,1,1,993500,1534806,164.402811
A,27,2,2008,31.77192,-102.20403,10746,NA,NA,7,5,10,295300,408076,16.99490709
B,10,4,2011,31.56336,-102.10938,10693,160,80,7,1,1,732500,1141690.184,59.452
E,2,3,2005,31.50804,-101.666,8360,40,80,7,2,2,100450,383200,17.676
E,2,3,2005,31.42852,-101.6502,8202,40,Sub 20,7,2,2,100450,383200,32.44123301
F,18,3,2008,31.59629,-101.42903,8707,40,20,7,NA,5,NA,NA,20.288
D,14,1,2010,31.7382,-101.61949,10856,80,160,4,8,16,884000,778000,36.072
B,23,4,2012,31.492,-102.04581,10932,40,160,1,1,2,516900,395200,77.016
F,2,3,2006,31.62241,-101.56096,8182,40,40,7,2,2,123000,365500,18.384
C,27,2,2011,31.91579,-101.83796,10626,80,20,6,3,6,1020569,840142,60.336
B,2,4,2008,31.51928,-102.02449,10403,40,160,7,3,3,36500,546000,28.50589361
B,5,4,2010,31.59087,-102.0606,11327,40,80,1,9,9,818300,645011,37.424
C,27,2,2004,31.93425,-101.83609,9397,80,20,7,3,6,388238,304923,46.456
D,6,1,2011,31.86062,-101.7288,10880,40,40,1,1,1,623671,735000,185.44
A,12,2,2008,31.83922,-102.08248,10143,80,160,7,1,2,478000,517000,33.5106793
E,2,3,2007,31.47588,-101.69134,8412,80,20,7,2,2,474289,268624,33.73002076
A,5,2,2011,31.753,-102.04641,11195,40,40,1,10,10,1064281,809681,9.188
F,18,3,2009,31.55643,-101.43818,8532,80,20,7,8,8,NA,NA,44.296
B,13,2,2007,31.6567,-102.0378,10604,40,40,7,1,1,800581,1046220,82.8613699
E,27,3,2008,31.53483,-101.73183,8564,80,40,5,4,8,584747,228308,33.728
C,20,2,2009,31.89466,-101.91771,10672,40,80,7,1,2,996000,1194000,66.556
F,13,3,2010,31.53287,-101.55439,8480,160,80,7,1,2,1253728.027,974232,26.412
A,5,2,2010,31.75393,-102.04231,11250,40,80,1,10,10,896780,799722,8.092
A,12,2,2009,31.84703,-102.04974,10155,40,80,7,1,3,451000,545000,43.372
C,2,1,2008,31.71538,-101.76703,9876,80,40,7,7,14,648070,696928,25.4251233
C,29,2,2010,31.92395,-101.82149,10600,160,20,1,3,5,486000,753318,63.75034099
A,13,2,2006,31.7121,-102.091,10615,40,80,6,1,1,598760,634452,49.28139875
D,27,1,2011,31.97912,-101.70475,10401,80,160,6,3,6,1353425,1533212.367,23.042
E,2,3,2006,31.54104,-101.65438,8359,40,40,7,2,2,123000,353400,27.748
A,13,2,2012,31.80908,-102.22015,11350,40,Over 160,1,1,2,798120,943152,54.692
A,9,2,2006,31.82209,-102.02402,9960,80,160,7,8,8,1036124,1304488,54.64
E,2,3,2003,31.45611,-101.65859,8200,40,40,7,1,1,135000,90365,39.324
B,13,2,2004,31.7225,-101.9655,10510,40,40,7,3,6,175460,222985,17.58
E,27,3,2006,31.60448,-101.65667,8355,160,40,5,3,6,470360,203060,42.556
D,27,1,2009,31.77052,-101.6114,10488,40,40,6,5,13,516840,520460,16.288
B,17,4,2011,31.54673,-102.11313,10896,40,80,7,8,16,778358,563586,63.59055022
E,2,3,2004,31.52338,-101.63121,8337,40,40,7,2,2,350000,220506,23.852
A,27,2,2012,31.89295,-102.01074,11236,40,Sub 20,1,5,10,1528015,1407711,133.616
E,27,3,2007,31.57805,-101.63961,8307,160,40,7,3,6,486860,184506,23.532
A,13,2,2003,31.80695,-102.04137,11000,40,40,7,1,1,284200,320628,51.36853882
B,2,4,2008,31.51385,-102.03133,10081,40,160,7,3,3,36500,516000,36.45196917
F,18,3,2010,31.57422,-101.39962,8417,40,Over 160,7,8,8,NA,NA,36.188
E,2,3,2008,31.51162,-101.66719,8298,40,40,7,2,2,293100,242240,19.328
F,27,3,2012,31.56379,-101.39971,8614,80,80,7,3,6,1260620,1036800,46.472
E,27,3,2010,31.52989,-101.74538,10705,40,20,6,10,20,999885,1151228,41.48374654
A,13,2,2004,31.80361,-102.04028,10100,40,80,7,1,1,452250,366408,31.45750307
E,27,3,2003,31.62843,-101.74845,8590,Over 160,40,5,3,6,668600,196946,26.152
D,2,1,2011,31.82961,-101.55073,10848,40,80,4,5,6,533788,617300,53.116
D,3,2,2010,31.94021,-101.80586,10506,40,20,6,1,2,559956,59240,25.856
E,27,3,2003,31.53781,-101.6181,8210,80,40,5,3,8,468860,201980,29.088
B,13,2,2003,31.69204,-101.99936,10500,40,160,7,4,7,293688,352536,75.676
B,10,4,2010,31.51556,-102.10229,10590,80,Over 160,7,1,2,892500,18000,93.748
C,13,2,2008,31.85843,-101.96404,10947,40,20,1,1,2,800960,789222,29.731
E,2,3,2006,31.53222,-101.63673,8334,20,20,7,2,2,676500,365750,16.568
C,27,2,2011,31.83718,-101.92557,10745,40,20,6,4,8,930948,708488,87.176
B,17,4,2011,31.56052,-102.0767,10885,80,80,7,5,10,573320,557016,47.492
E,2,3,2006,31.43181,-101.65224,8210,40,40,7,2,2,104941,393965,29.852
E,2,3,2004,31.51931,-101.68288,8418,40,40,7,2,2,360000,367506,32.723344
B,17,4,2010,31.55133,-102.09619,10840,160,80,7,8,16,938079,1180146,73.564
A,10,2,2012,31.84901,-102.1662,11110,40,40,1,1,1,846000,1353282,84.272
E,27,3,2012,31.52189,-101.73661,10615,80,Sub 20,6,3,6,883655,859969,29.30455739
B,27,4,2011,31.50995,-102.00983,10882,80,160,1,3,6,1080119,1009694,35.784
C,27,2,2012,31.83539,-101.96525,11175,40,160,1,3,6,1376898,1445226,131.848
A,11,2,2012,31.86447,-102.01949,11510,160,Sub 20,1,1,1,970400,897120,164.344
F,27,1,2008,31.68763,-101.61187,8338,80,40,5,4,8,580155,223988,22.828
A,13,2,2003,31.78964,-102.17907,11000,80,80,7,1,1,392150,367584,55.27195048
A,13,2,2004,31.78981,-102.06841,10765,80,40,7,1,1,325190,329532,69.96060032
D,27,1,2012,31.9998,-101.65399,10178,80,160,NA,3,6,1375887,1236605,94.26
B,13,2,2007,31.70324,-101.99955,10865,40,160,7,1,1,500122,732564,72.94253599
E,2,3,2007,31.46904,-101.61579,8062,20,20,7,2,2,123000,363594,10.67964234
B,27,4,2003,31.5609,-101.94454,9313,80,80,7,3,8,471980,200342,27.11062516
A,13,2,2006,31.77891,-102.06478,10849,80,40,7,1,1,613250,665322,43.964
E,27,3,2003,31.60893,-101.75121,8690,160,40,7,3,8,470980,200760,45.448
B,28,4,2008,31.55367,-101.95957,10035,40,40,7,3,3,365875,400250,39
A,2,2,2008,31.72217,-102.20576,10092,80,40,7,7,14,680379,629151,56.996
F,14,1,2011,31.68975,-101.44101,10085,40,Over 160,1,7,14,800000,645000,41.33660355
A,27,2,2012,31.76297,-102.1924,10497,40,80,7,3,6,1197571,1349339,28.744
B,3,2,2010,31.6799,-102.01884,10415,160,40,7,6,12,783000,1011990,10.352
B,10,4,2010,31.52919,-102.12475,10563,40,Over 160,7,1,2,673200,14500,71.148
C,27,2,2006,31.85266,-101.97081,10380,40,160,7,6,12,405820,466099,37.752
A,10,2,2011,31.85225,-102.1671,10990,40,40,1,1,1,956000,1533924,68.68
E,27,3,2008,31.44557,-101.58996,8600,80,40,7,6,12,713091,478754,30.744
A,13,2,2005,31.8385,-101.9844,10530,80,80,7,6,12,422040,459354,21.948
C,13,2,2009,31.86993,-101.96326,10890,80,Sub 20,1,1,2,597980,738906,49.59876072
E,2,3,2005,31.52521,-101.65785,8314,40,40,7,2,2,100450,383200,29.104
E,2,3,2007,31.47884,-101.63051,8112,40,80,7,2,2,293100,240240,19.898
F,19,1,2011,31.67198,-101.49734,10373,80,160,3,5,9,1167000,2031500,152.468
E,2,3,2007,31.53085,-101.68287,8309,40,40,7,2,2,293100,337020,37.668
B,13,4,2006,31.6331,-102.0253,10546,80,40,7,1,1,946180,848862,97.30476843
D,4,1,2012,31.80143,-101.56103,10236,NA,NA,NA,1,2,175000,1344942,82.908
D,11,1,2012,31.81841,-101.56479,10615,160,Over 160,NA,1,1,809068,907368,27.64
F,18,3,2008,31.56718,-101.42522,8715,40,20,7,NA,7,NA,NA,49.432
B,25,4,2012,31.63613,-101.91497,11606,80,40,1,1,1,876280,989142,101.464
A,13,2,2006,31.78545,-102.19527,10713,80,160,7,1,1,600100,579726,20.72
B,16,4,2011,31.54724,-102.1308,10554,80,40,7,1,1,978413,1211154,106.628
A,27,2,2007,31.79489,-102.20301,10510,80,Over 160,7,7,14,405560,711813,32.612
A,13,2,2006,31.71644,-102.08857,10609,40,80,6,1,1,538660,13294,32.14
D,27,1,2011,31.83816,-101.59794,10152,40,Over 160,NA,4,8,1451372,1519371,113.672
F,13,3,2010,31.53491,-101.46822,10115,160,40,1,1,2,1234463.945,1123794,60.988
B,10,4,2009,31.61163,-102.16073,10226,160,40,7,1,1,430101,891129,46.908
A,12,2,2011,31.84726,-102.04626,10140,40,40,7,1,3,500000,545500,34.888
D,27,1,2009,31.97545,-101.66831,9996,40,Over 160,7,6,12,449794,878409,55.764
E,27,3,2006,31.55037,-101.76306,8670,40,40,7,3,6,416800,180090,38.7437565
F,14,1,2011,31.72947,-101.44898,10092,40,Over 160,6,5,10,627000,529000,23.62
D,4,1,2008,31.9583,-101.69382,10500,80,Over 160,6,8,16,413900,547689,66.2739258
B,13,4,2004,31.6502,-102.049,10502,80,80,7,3,6,116000,294444,33.648
E,27,3,2004,31.58082,-101.72859,8615,160,40,7,3,6,471060,200636,32.49670036
E,2,3,2005,31.51191,-101.63203,8283,40,40,7,2,2,100450,383200,18.928
B,10,4,2011,31.53152,-102.11636,10584,40,Over 160,7,1,1,735000,1092651,60.584
E,2,3,2007,31.51335,-101.67661,8350,40,40,7,2,2,293100,337020,37.62
A,13,2,2005,31.7375,-102.06435,10510,40,160,7,3,6,161200,212335,35.008
C,27,2,2006,31.84853,-101.8936,10004,40,40,7,6,12,406160,473472,86.956
F,27,1,2005,31.67149,-101.5849,8240,80,20,7,4,8,488570,280797,28.60094527
F,18,3,2011,31.62717,-101.4412,8281,80,40,7,7,7,NA,NA,24.276
A,13,2,2006,31.74055,-102.0019,11111,40,80,6,1,1,715960,588168,61.528
E,2,3,2003,31.4905,-101.66057,8252,80,40,7,1,1,289760,172536,15.7871887
E,27,3,2006,31.5865,-101.63343,8260,40,40,7,3,6,473540,191211,22.828
E,2,3,2008,31.47911,-101.66069,8220,40,40,7,2,2,271750,208000,25.54
F,18,3,2010,31.54139,-101.40017,8374,40,40,7,8,8,NA,NA,44.404
A,9,2,2006,31.82392,-102.01581,10521,80,80,7,3,5,349486,344764,36.5817199
A,10,2,2011,31.79605,-102.11882,11140,160,40,1,1,2,700740,1028438,60.616
B,2,4,2011,31.55056,-102.02138,10872,40,160,7,4,4,678625,716000,85.712
D,26,1,2012,31.96911,-101.67954,10251,40,Over 160,NA,1,2,2771860,656428,30.164
E,2,3,2004,31.55144,-101.64,8336,40,40,7,2,2,362000,367506,42.43844071
E,20,3,2007,31.48091,-101.71941,9300,80,40,7,1,1,601000,676032,33.176
E,27,3,2003,31.56325,-101.65698,8355,80,40,7,3,6,470290,191715,24.1
E,2,3,2005,31.43174,-101.66913,8236,40,40,7,2,2,100450,383200,21.596
F,18,3,2010,31.60762,-101.46296,8720,80,40,7,8,8,NA,NA,23.924
D,11,1,2011,31.82485,-101.58966,10539,40,Over 160,3,1,1,955869,1028748,124.084
B,3,4,2011,31.64144,-102.07267,11584,80,40,1,1,1,150000,NA,6.809624121
F,18,3,2010,31.64136,-101.43021,8275,40,160,7,7,7,NA,NA,137.964
B,16,4,2010,31.53888,-102.11375,10565,40,160,7,1,1,1216320,1365462,50.188
B,10,4,2011,31.51306,-102.09707,11389,40,Over 160,1,1,1,870000,1361934,140.7955167
F,18,3,2010,31.56774,-101.4763,8710,160,20,7,8,8,NA,NA,46.31872541
E,27,3,2006,31.58488,-101.64377,8260,80,20,5,3,4,470095,193889,37.32541472
D,2,1,2007,31.74408,-101.73978,9850,160,40,7,6,12,535260,400174,20.67705873
D,5,1,2012,31.93254,-101.7128,11320,40,80,8,10,20,991305,949662,43.46283285
A,12,2,2006,31.761,-102.04465,10061,40,80,7,1,2,105000,360500,16.55643722
E,2,3,2008,31.50484,-101.68249,8355,40,40,7,2,2,293100,242240,30.556
D,2,1,2008,31.7278,-101.72911,9878,40,40,7,6,12,638440,466207,11.934
C,27,2,2010,31.84879,-101.94282,10596,40,80,7,6,12,775966,777462,46.992
F,2,1,2007,31.66779,-101.55234,8181,160,80,7,2,2,123000,366450,15.424
B,10,4,2006,31.49847,-102.07903,10662,40,Over 160,7,1,2,788000,967900,99.872
B,13,2,2003,31.6806,-102.0678,10525,80,40,7,4,8,174500,284749,34.74
D,25,1,2011,31.77637,-101.5826,11328,80,160,4,1,1,1207360,915348,43.24659366
C,27,2,2012,31.84216,-101.90455,10637,40,20,1,4,8,1395880,1420266,89.4
E,2,3,2006,31.52284,-101.64225,8295,20,20,7,2,2,100450,383200,27.228
C,13,2,2009,31.87247,-101.96851,10990,40,Sub 20,1,1,3,761600,605094,76.10923649
C,27,2,2005,31.78416,-101.86358,8985,20,40,7,2,4,337440,141530,25.23054799
C,25,2,2012,31.90127,-101.91037,11600,80,40,4,1,1,1135680,1675674,63.7
D,11,1,2011,31.81348,-101.57206,10505,80,Over 160,3,1,1,884922,1013334,95.452
B,10,4,2011,31.49245,-102.05501,10665,80,40,7,1,1,732500,1139905.184,128.1435505
A,13,2,2003,31.8181,-101.9911,10515,80,80,7,4,8,171000,294361,38.64026668
F,14,1,2011,31.72083,-101.49947,10057,80,Over 160,7,7,14,839500,537000,6.988
E,27,3,2004,31.5407,-101.62262,8270,80,40,5,3,6,471420,194756,38.304
E,2,3,2007,31.47216,-101.70784,8476,80,20,7,2,2,325300,269073,26.652
C,2,2,2006,31.77573,-101.78187,9900,80,40,7,6,12,521720,431475,30.31831686
C,27,2,2003,31.71408,-101.80575,8840,160,40,7,3,8,471920,215336,44.628
B,27,4,2008,31.5183,-101.91536,8468,40,40,5,3,6,479800,164013,32.132
F,13,3,2010,31.57999,-101.52292,9710,160,80,7,1,2,847480,769902,46.94832687
E,27,3,2008,31.57525,-101.71147,8595,20,20,7,3,6,469960,196371,5.784
B,13,2,2007,31.70771,-101.99648,10871,80,80,7,1,1,651880,528276,50.2
C,27,2,2012,31.85604,-101.90967,10664,160,40,6,4,8,1320008,1221621,55.836
B,3,4,2010,31.64466,-102.05608,10140,40,40,7,6,12,730000,686950,35.896
D,5,1,2009,31.95289,-101.72332,10262,160,Over 160,1,1,2,314800,735054,26.556
A,13,2,2004,31.74256,-101.97648,11077,40,40,7,1,1,350780,410088,54.928
F,18,3,2010,31.56021,-101.45084,8612,80,20,7,8,8,NA,NA,13.324
F,13,1,2011,31.67115,-101.52251,10680,80,80,4,1,2,905898,1105860,10.636
A,2,2,2008,31.73671,-102.19262,10205,40,40,7,7,14,508180,648880,47.458
B,13,4,2006,31.6206,-102.0615,10410,80,80,7,1,1,947126,1318170,200.612
E,2,3,2003,31.48383,-101.62316,8270,40,40,7,1,1,284000,113000,41.02
B,27,4,2008,31.49853,-101.97049,10658,40,80,7,8,16,883105,817606,34.36550187
C,27,2,2012,31.82346,-101.96595,11135,40,160,1,5,10,1347850,1499424,90.432
F,4,1,2012,31.67782,-101.50887,10240,NA,NA,NA,1,2,112000,1645170,44.73512294
B,27,2,2010,31.72936,-101.93595,10895,40,40,7,9,18,897850,872874,39.588
A,13,2,2003,31.7568,-102.1723,10900,160,80,6,1,1,3112480,313992,32.696
E,27,3,2006,31.55974,-101.72159,8517,160,40,5,4,8,607000,253094,56.76203076
C,27,2,2011,31.84301,-101.93189,10740,40,40,6,4,7,1251542,1166157,44.324
A,13,2,2004,31.8105,-102.10881,10099,40,40,7,3,7,223000,161750,36.412
E,2,3,2005,31.52156,-101.63945,8303,40,40,7,2,2,100450,383200,33.272
B,10,4,2009,31.51367,-102.10995,10410,40,Over 160,7,1,2,675000,827835,53.768
F,2,3,2007,31.64513,-101.56794,8122,80,40,7,2,2,397500,147484,27.024
C,27,2,2011,31.83978,-101.97666,10875,NA,NA,6,3,6,942201,912874,94.484
E,2,3,2006,31.52635,-101.65416,8345,40,20,7,2,2,123000,365750,28.096
A,10,2,2012,31.84474,-102.12422,11245,80,Sub 20,1,1,2,496525,988889,70.06
D,2,1,2007,31.74807,-101.72345,9775,40,40,7,5,9,702360,326653,19.20842649
F,2,3,2011,31.49649,-101.48185,9795,80,40,7,5,5,860188,941900,45.544
B,2,4,2010,31.56503,-101.91028,10825,40,40,6,7,7,659375,763000,11.04
E,2,3,2004,31.49518,-101.62236,8206,40,40,7,2,2,351130,183782,19.024
B,13,4,2006,31.6311,-102.0336,10545,80,80,7,1,1,801640,677796,69.67213496
F,3,1,2011,31.7026,-101.59822,10610,80,40,1,1,2,125000,151200,3.42574173
B,2,4,2011,31.53275,-102.03303,10835,80,40,6,7,7,604688,743500,75.196
A,12,2,2010,31.85388,-102.05201,10152,80,40,7,1,3,488000,560750,62.456
C,27,2,2003,31.72589,-101.85365,9000,80,40,7,3,7,313940,192330,23.53290545
F,2,3,2007,31.63719,-101.55234,8111,40,80,7,2,2,123000,365484,39.956
E,27,3,2005,31.57995,-101.649,8360,80,Sub 20,7,3,6,470340,187249,43.03807665
A,13,2,2005,31.7095,-102.0862,10515,40,80,7,4,8,189380,289120,38.44772302
E,27,3,2010,31.52035,-101.76218,8665,80,40,5,4,8,524033,237396,19.544
D,2,1,2011,31.83431,-101.54715,10880,80,20,8,7,7,484688,656000,49.16
F,18,3,2012,31.61735,-101.43469,8233,40,80,7,1,1,NA,NA,53.61673798
A,27,2,2007,31.80603,-102.1887,10537,NA,NA,7,6,12,478126,700230,50.89287072
E,2,3,2008,31.51211,-101.68209,8314,20,40,7,2,2,293100,242240,37.644
D,27,1,2012,31.88452,-101.73701,10457,NA,NA,NA,4,7,1426469,1433542,91.968
B,10,4,2005,31.49799,-102.06553,10775,40,160,7,1,2,1208031.973,1246198.184,106.1477728
F,18,3,2011,31.5676,-101.46352,8650,80,20,7,7,7,NA,NA,27.824
F,2,3,2003,31.63937,-101.57493,8050,160,40,5,3,6,461800,177200,33.07515132
F,13,1,2011,31.68072,-101.52661,10540,80,160,3,1,2,1139711.973,1144710,58.952
A,2,2,2006,31.69046,-102.19558,10067,40,40,7,6,12,445620,468844,56.172
C,27,2,2007,31.79768,-101.78441,8967,160,40,5,3,6,473620,201993,30.988
F,18,3,2010,31.62199,-101.45073,8293,80,160,7,7,7,NA,NA,20.028
C,13,2,2008,31.85329,-101.96239,11040,40,40,1,1,2,897700,303492,71.68747308
A,13,2,2005,31.8199,-102.06746,10905,40,80,7,1,1,351360,407064,61.45273928
B,27,4,2011,31.51676,-102.00374,10890,40,80,1,3,6,1799100,1074630,54.856
B,13,2,2005,31.6835,-101.9893,10515,20,Over 160,7,4,8,190640,297630,48.6
B,27,4,2011,31.5197305,-101.9528889,10854,40,40,1,3,6,1479543,1408510,65.012
F,27,3,2006,31.57699,-101.59526,8125,80,40,5,3,6,452300,197568,24.652
B,10,4,2012,31.51054,-102.06048,11506,40,40,1,1,1,973500,1532874,58.896
C,13,2,2009,31.86541,-101.96618,11030,80,Sub 20,1,1,2,848110,1158444,48.39886208
E,27,3,2008,31.61497,-101.76866,10657,Over 160,20,7,5,12,256111,472366,13.824
B,27,4,2006,31.53011,-101.94534,9614,40,40,7,6,12,523720,439552,41.41698122
D,6,1,2011,31.81484,-101.66631,10870,80,40,3,1,1,1261120,1001406,35.636
E,27,2,2009,31.69924,-101.79477,8872,40,20,7,3,6,420186,159664,27.54
A,24,2,2006,31.7972,-102.03435,10999,40,160,1,1,2,496700,441500,41.82115739
A,13,2,2004,31.7326,-101.987,10492,80,160,7,4,8,181500,283100,46.61631594
