Subarea,Operator,County,Completion.Year,Depth.Total.Driller..ft.,Deepest_Zone,Top_Zone,Frac.Stages,Number,Depth.Top,Fluid.Type,Propping.Agent.Type,Additive,Mesh.Size,EUR_o..Mstb.
3,14,3,2003,10500,8,6,3,5,10214,2,7,1,1,53.487248
2,14,3,2003,10900,7,4,1,1,8044,10,4,1,1,32.696
2,14,3,2003,10950,2,4,1,1,7742,10,4,1,1,41.692
4,28,3,2003,8970,8,4,4,8,7205,2,7,1,1,28.543885
4,28,5,2003,8805,8,2,3,7,7026,12,4,12,1,28.968
4,28,5,2003,8750,8,2,3,6,6972,12,4,1,7,18.522
2,14,3,2003,10370,8,3,1,2,8538,12,4,1,8,59.141131
2,28,3,2003,10500,8,3,4,4,10256,10,4,10,1,42.395032
6,3,4,2003,8218,8,4,1,1,6378,7,4,1,7,48.135324
4,28,3,2003,8907,8,2,4,2,7136,12,4,1,7,40.953948
6,3,4,2003,8225,6,4,1,1,6467,7,4,1,7,33.270034
2,14,3,2003,10300,8,4,1,1,7666,10,4,1,1,59.864122
2,16,3,2003,10500,8,3,4,4,8396,10,4,10,1,29.684
6,3,4,2003,8243,8,4,1,1,6308,7,4,1,7,43.108
6,3,4,2003,8225,8,4,1,1,6440,7,4,1,7,21.030304
4,28,3,2003,8840,8,4,3,3,7055,12,4,1,7,44.628
6,28,3,2003,8800,8,4,3,7,7011,12,4,1,7,72.617068
4,28,3,2003,8840,8,4,3,3,7082,12,4,1,1,34.404
6,3,4,2003,8225,8,4,1,1,6403,7,4,1,7,27.419624
6,3,4,2003,8225,8,4,1,1,6328,7,4,1,7,40.292
3,14,3,2003,10500,8,4,4,8,10195,10,4,10,1,34.954356
4,28,3,2003,9000,8,4,3,3,7248,12,4,1,7,23.532905
4,28,3,2003,8940,8,4,3,3,7158,12,4,1,7,42.628078
6,3,4,2003,8238,8,4,1,1,6354,7,4,1,7,35.07129
2,25,3,2003,10525,8,4,1,2,7728,10,4,10,7,45.712
6,3,4,2003,8225,8,4,1,1,6404,7,4,10,7,34.331987
6,3,4,2003,8237,8,2,1,1,6548,7,4,1,7,36.516218
6,3,4,2003,8235,8,4,1,1,6352,7,4,1,7,44.500833
2,13,3,2003,10125,8,4,1,2,9428,10,4,1,1,50.888
2,25,3,2003,10500,8,4,1,2,7689,10,4,10,7,54.188
3,14,3,2003,10500,8,4,4,7,10204,7,4,1,1,75.676
6,28,2,2003,8550,8,4,3,5,6825,12,4,12,7,40.2
5,28,2,2003,8550,8,2,3,3,6832,2,7,12,1,39.050383
6,3,4,2003,8225,8,4,1,1,6345,7,4,1,7,26.207459
6,3,4,2003,8245,8,4,1,1,6342,7,4,10,7,55.292
6,3,4,2003,8225,8,4,1,1,6322,7,4,1,7,31.192372
6,3,4,2003,8237,8,4,1,1,6605,7,4,10,7,39.96279
6,3,4,2003,8227,8,4,1,1,6521,7,4,1,7,29.197165
6,28,4,2003,8660,8,4,3,3,6913,12,4,1,7,59.672811
6,28,4,2003,8355,6,4,3,3,6604,12,4,1,7,36.283996
6,3,4,2003,8240,8,4,1,1,6495,7,4,10,7,16.6611
7,14,2,2003,8900,8,2,1,1,6155,10,4,1,1,22.156
3,14,3,2003,10500,8,4,4,8,10212,7,4,1,1,65.232
3,14,3,2003,10500,8,4,5,10,10235,7,4,1,1,45.174841
2,13,3,2003,10115,8,4,2,4,8051,10,4,1,1,38.332
6,28,4,2003,8198,6,4,3,3,6458,12,4,1,7,35.024343
4,28,5,2003,8950,8,4,3,6,7191,12,4,10,7,29.576
2,14,3,2003,11000,8,2,1,1,7651,10,4,1,1,68.906416
4,14,3,2003,10800,8,4,1,1,7508,10,4,1,1,32.36
6,3,4,2003,8258,8,4,1,1,6382,7,4,10,7,42.468
4,14,3,2003,10800,8,4,1,1,7455,10,4,1,1,13.256
6,28,4,2003,8590,6,4,3,6,6882,12,4,1,7,26.152
6,28,4,2003,8210,6,2,3,3,6413,12,4,1,7,29.088
4,28,3,2003,9018,8,2,3,6,7214,2,7,12,1,35.081716
6,28,4,2003,8540,6,4,3,3,6827,7,4,1,7,32.709938
6,28,4,2003,8590,8,2,3,6,6820,12,4,1,7,40.412
6,28,2,2003,8575,8,4,3,8,6839,2,7,12,1,45.276
6,28,2,2003,8600,8,4,3,7,6816,12,4,1,7,57.805695
6,28,4,2003,8690,8,2,3,3,6830,12,4,1,7,45.448
6,28,4,2003,8577,8,2,3,7,6760,2,7,12,1,44.124
6,3,4,2003,8276,8,4,1,1,6317,7,4,10,7,26.956027
6,3,4,2003,8246,8,4,1,1,6602,7,4,10,7,13.363
6,3,4,2003,8270,8,4,1,1,6305,7,4,1,7,41.02
6,3,4,2003,8246,8,2,1,1,6200,7,4,1,7,39.063212
3,14,3,2003,10515,8,3,4,8,10214,10,4,10,1,37.027789
7,3,4,2003,8300,8,2,4,8,8062,10,4,1,7,36.911603
4,28,3,2003,9415,8,4,4,9,7122,2,7,12,1,58.376
7,3,4,2003,8450,8,4,4,8,7901,2,7,12,1,65.908594
2,14,3,2003,10500,8,4,4,7,9778,7,4,1,1,38.204763
2,14,3,2003,10300,8,4,1,1,7630,10,4,1,1,35.397
7,28,4,2003,8120,8,2,3,8,6321,2,7,12,1,28.912225
6,3,4,2003,8252,8,2,1,1,6472,7,4,1,7,15.787189
7,28,4,2003,8112,8,2,3,6,6308,12,4,12,7,38.48
7,28,4,2003,8135,8,4,3,8,6368,2,7,1,1,56.83181
6,28,4,2003,8440,8,2,3,7,6626,2,7,12,1,21.748
3,14,3,2003,10700,8,4,1,1,7704,4,4,1,1,14.664783
4,28,3,2003,10500,8,4,6,14,10144,2,7,12,1,48.244296
7,3,4,2003,8050,6,4,3,6,6360,7,4,10,7,33.075151
6,3,4,2003,8280,8,2,1,1,6316,7,4,10,7,24.752
7,3,4,2003,8047,6,4,3,6,6266,7,4,10,7,34.895674
7,3,4,2003,8000,6,4,3,6,6316,7,4,10,7,25.408
2,14,3,2003,10265,8,3,1,1,8396,10,4,1,1,35.866823
3,14,3,2003,10480,8,4,5,10,10113,10,4,10,1,61.440998
2,14,3,2003,10515,7,4,5,9,10194,7,4,1,1,26.874749
3,14,3,2003,10500,8,4,5,9,10165,10,4,10,1,42.604159
6,3,4,2003,8250,8,4,1,1,6327,7,4,1,7,17.685
4,28,3,2003,9080,8,4,3,7,7302,2,7,12,1,19.403876
4,28,3,2003,8900,8,4,3,8,7195,2,7,12,1,48.980341
3,14,3,2003,10495,8,4,4,8,9645,10,4,10,1,34.02
4,28,3,2003,9400,8,2,4,9,9120,3,4,1,7,52.728
6,3,4,2003,8200,8,4,1,1,6494,7,4,10,7,22.301267
2,14,3,2003,10500,8,3,4,8,10124,7,4,1,1,37.418514
2,14,3,2003,10542,8,4,5,10,10178,10,4,10,1,53.92
2,14,3,2003,10515,8,3,3,6,9774,7,4,1,1,21.751252
6,28,2,2003,8440,8,4,3,8,6624,2,7,12,1,29.451065
6,28,2,2003,8530,8,3,2,5,7410,2,7,17,1,24.156
7,28,2,2003,8335,8,4,3,8,6504,2,7,12,1,42.256
6,28,4,2003,9300,8,2,5,10,9080,7,4,1,7,25.76
6,28,4,2003,9250,8,4,3,8,6580,2,7,12,1,33.312
6,28,4,2003,8550,8,2,3,8,6732,2,7,12,1,37.176
6,28,4,2003,8540,8,2,3,7,6722,2,7,12,1,31.38
5,28,3,2003,9265,8,2,4,8,8980,12,4,1,7,28.908
6,3,4,2003,8266,8,4,1,1,6270,7,4,1,7,44.397086
2,14,3,2003,10510,8,4,5,9,10127,7,4,1,1,40.888
2,14,3,2003,11000,8,4,1,1,8034,10,4,1,1,55.27195
2,25,3,2003,10900,8,2,1,2,7661,7,4,10,1,37.467
4,28,3,2003,10500,8,4,4,8,7476,7,4,1,7,25.852622
2,14,3,2003,10515,8,3,4,7,8355,7,4,1,1,20.972
6,28,4,2003,8345,8,4,3,6,6594,12,4,1,7,42.688
7,28,4,2003,8430,8,4,3,6,7916,12,4,21,7,23.428
3,14,3,2003,10502,8,4,5,10,10102,7,4,1,1,46.213273
6,3,4,2003,8310,6,2,1,1,6625,7,4,1,1,36.781231
4,28,3,2003,10500,8,3,5,12,9678,7,4,10,7,26.4944
6,3,4,2003,8295,8,4,1,1,6278,7,4,10,7,40.66574
2,14,3,2003,11000,8,2,1,1,7968,10,4,1,7,74.076
5,28,2,2003,8635,8,2,3,6,6826,12,4,1,7,55.657077
5,28,2,2003,8640,8,4,3,7,6815,12,4,1,7,37.975705
4,28,3,2003,8900,8,2,3,6,7167,12,4,1,7,42.128
3,14,3,2003,10510,8,4,4,10,10107,10,4,10,1,41.712578
2,13,3,2003,10120,8,4,2,2,7964,12,4,8,7,54.508
3,28,5,2003,9305,8,4,3,8,7456,2,7,12,1,29.334138
3,28,5,2003,9520,8,4,3,6,8856,12,4,10,7,46.251482
6,3,4,2003,8184,8,2,1,1,6364,7,4,10,7,11.52
2,14,3,2003,10527,7,4,5,10,10288,11,4,10,1,45.38
3,14,3,2003,10520,8,4,5,10,10152,11,4,10,1,48.244478
6,3,4,2003,8208,8,2,1,1,6257,7,4,1,7,17.302574
6,3,4,2003,8200,8,2,1,1,6361,7,4,1,7,44.38544
4,28,3,2003,10505,8,3,5,10,10389,7,4,10,7,15.960908
2,14,3,2003,10950,8,2,1,1,7712,10,4,1,7,49.617516
6,28,3,2003,8750,8,3,2,5,7743,2,7,12,1,25.848
4,28,3,2003,8750,8,3,2,4,7762,12,4,1,7,27.849732
4,28,3,2003,9050,8,2,3,8,7262,2,7,12,1,23.092
3,28,5,2003,9313,8,4,3,8,7429,2,7,12,1,27.110625
4,28,3,2003,10590,8,3,4,8,8222,12,4,1,7,19.840238
4,28,3,2003,10500,8,3,4,8,10044,7,4,10,7,32.213593
2,14,3,2003,10500,8,3,3,5,9778,11,4,10,1,51.756355
3,14,3,2003,10525,8,3,4,8,10124,10,4,10,1,69.428414
2,14,3,2003,10520,8,3,4,7,10094,11,4,10,1,62.188473
6,28,4,2003,8620,8,2,3,7,6802,2,7,12,1,24.501905
6,28,4,2003,8630,6,2,3,8,6810,2,7,12,1,25.014479
3,28,5,2003,9240,8,4,3,6,7485,12,4,1,7,28.842416
5,28,2,2003,8605,8,2,3,8,6806,2,7,12,1,40.045652
5,28,2,2003,8650,8,2,3,8,6816,2,7,12,1,54.565122
2,14,3,2003,11500,8,3,1,1,8427,11,4,1,1,62.932
2,14,3,2003,10900,8,3,1,2,8396,2,7,12,1,69.061386
2,14,3,2003,10520,8,3,4,8,9948,11,4,10,1,29.286506
2,25,3,2003,11300,8,4,1,2,7617,7,4,10,1,36.564
2,14,3,2003,10500,8,3,4,8,9982,7,4,10,1,37.596
6,3,4,2003,8200,8,4,1,1,6330,7,4,1,7,49.952123
6,3,4,2003,8200,8,4,1,1,6387,7,4,1,7,39.324
2,14,3,2003,10525,8,3,4,8,10138,10,4,1,1,29.356
2,14,3,2003,10535,8,3,4,8,10121,10,4,1,1,29.064
4,28,3,2003,10500,8,3,3,6,8186,12,4,1,7,19.833256
4,28,3,2003,10500,8,3,4,8,8172,12,4,1,7,18.946602
2,14,3,2003,10520,8,3,4,8,10031,10,4,1,1,87.436513
4,28,3,2003,8598,8,4,3,6,8387,12,4,1,7,28.999238
4,28,3,2003,10500,8,3,5,10,8172,12,4,1,7,29.123422
4,28,3,2003,10500,8,3,3,6,8157,12,4,1,7,24.110906
2,14,3,2003,10200,8,2,4,8,7838,12,4,1,2,102.91546
2,14,3,2003,10530,8,3,4,8,10131,7,4,1,1,35.940174
4,14,3,2003,10750,8,3,1,1,8184,4,4,18,7,56.570145
4,28,3,2003,10590,8,3,4,8,9837,7,4,1,7,15.893
4,14,3,2003,10800,8,3,1,1,8237,10,4,1,1,63.684727
2,14,3,2003,11000,8,3,1,1,8310,7,4,1,1,51.368539
4,28,3,2003,10500,8,3,5,12,9580,7,4,1,7,49.792866
4,28,3,2003,9050,8,4,3,8,7268,2,7,12,1,60.887277
2,14,3,2003,10515,8,3,4,8,10043,7,4,1,1,38.640267
3,14,3,2003,10525,8,3,4,8,10092,7,4,1,1,48.204
2,28,3,2003,10520,8,4,5,10,9808,7,4,1,7,46.92
3,14,3,2003,10525,8,3,4,8,10188,7,4,10,1,34.74
3,14,3,2003,10515,8,3,4,8,10100,11,4,1,1,39.228
6,28,4,2003,9315,8,4,5,10,9090,7,4,1,7,23.639
7,28,4,2003,8180,8,4,3,6,6381,12,4,1,7,39.388
6,28,4,2003,8700,8,2,3,3,6874,12,4,1,7,21.976
2,13,3,2003,10125,8,4,2,4,7868,7,4,1,1,47.144
6,28,4,2003,8355,8,2,3,6,6515,12,4,1,7,24.1
3,28,3,2003,10502,8,3,4,8,10296,7,4,1,7,36.512
3,14,3,2003,10520,8,3,4,8,10104,7,4,10,1,59.833192
2,14,3,2003,10525,8,3,4,8,10113,7,4,1,1,34.607786
3,14,3,2003,10500,8,3,4,8,10146,7,4,10,1,51.400832
2,28,3,2003,10500,8,3,4,8,10132,7,4,1,7,56.28003
3,28,3,2003,10520,8,4,4,8,10266,7,4,1,7,27.604
2,14,3,2003,10503,8,3,4,8,10008,7,4,1,1,23.485302
3,14,3,2004,10525,8,4,4,8,10095,7,4,10,1,41.116
2,14,3,2004,10515,8,3,4,8,10085,7,4,1,1,31.675288
3,14,3,2004,10525,8,3,4,8,10104,7,4,1,1,34.972
3,14,3,2004,10515,8,3,4,8,10182,7,4,1,1,43.268
7,14,2,2004,10550,8,4,1,1,6155,12,4,19,1,38.495916
2,25,3,2004,11000,8,3,1,2,8357,7,4,1,1,53.414429
2,21,3,2004,10145,8,4,1,2,7938,7,4,19,7,57.539156
5,14,2,2004,10500,8,2,1,1,6821,4,4,1,1,51.856
2,14,3,2004,10750,8,3,1,1,8875,12,4,21,1,60.292
2,25,3,2004,11100,8,3,1,2,8292,7,4,10,1,46.744
3,14,3,2004,12510,8,3,4,8,10176,7,4,1,1,31.928057
3,14,3,2004,10497,8,3,4,8,10089,7,4,1,1,28.392
2,25,3,2004,11000,8,3,1,2,8194,7,4,1,1,36.296
3,14,3,2004,10528,8,3,4,8,10123,7,4,1,1,24.874313
2,14,3,2004,10500,8,4,4,7,10071,7,4,1,1,50.4261
4,28,3,2004,9095,8,4,3,6,7249,12,4,1,7,52.85194
3,14,3,2004,10515,8,3,4,8,10155,7,4,1,1,158.02
4,28,3,2004,9060,8,4,3,6,7216,12,4,1,7,46.312
4,28,3,2004,9050,8,4,3,6,7221,12,4,1,7,80.329134
2,14,3,2004,10529,8,3,4,8,10067,7,4,1,1,23.763
4,14,3,2004,11100,8,3,1,1,8228,4,4,1,1,74.212
6,28,4,2004,9304,8,2,4,8,8678,7,4,1,7,32.644
6,3,4,2004,8250,8,2,1,1,6430,7,4,1,7,35.576
4,14,3,2004,11000,8,3,1,1,8208,2,4,12,1,39.907358
2,25,3,2004,11000,8,3,1,2,8239,10,4,10,1,34.484
2,14,3,2004,10510,8,3,4,8,10139,7,4,10,1,47.89992
3,14,3,2004,10530,8,3,4,11,8318,7,4,10,1,57.538967
6,3,4,2004,8300,8,4,1,1,6507,7,4,1,7,45.068
3,14,3,2004,10500,8,3,4,7,10167,7,4,1,1,60.116
2,13,3,2004,10125,8,4,2,4,7900,7,4,1,1,56.399833
3,14,3,2004,10535,8,3,4,8,10121,7,4,1,1,14.850592
6,3,4,2004,8300,8,4,2,2,7661,7,4,10,7,29.856
2,14,3,2004,10520,8,3,4,8,10122,7,4,1,1,56.793508
3,14,3,2004,10501,8,3,4,8,8223,7,4,1,1,39.632
6,3,4,2004,8260,8,4,1,1,6420,7,4,1,7,15.183219
2,14,3,2004,10765,8,3,1,1,8323,4,4,21,1,69.9606
4,18,3,2004,8962,8,4,3,3,8674,10,4,1,7,28.016
2,14,3,2004,11000,8,4,1,1,8266,4,4,10,1,33.54
6,28,4,2004,9245,8,4,4,8,8702,7,4,1,7,44.144
3,14,5,2004,10515,8,3,4,8,8493,7,4,10,1,68.516
6,3,4,2004,8229,8,4,2,2,6354,12,4,10,7,36.242941
6,28,4,2004,9208,8,2,4,8,8676,7,4,1,7,33.608
2,25,3,2004,11000,8,3,1,2,8166,10,4,10,1,25.503
6,3,4,2004,8206,8,4,2,2,7710,7,4,1,7,19.024
4,28,5,2004,8830,6,2,3,6,7077,12,4,1,7,55.326606
3,14,3,2004,10510,8,3,4,8,10133,7,4,1,1,40.024
2,25,3,2004,11000,8,4,1,2,8139,10,4,10,1,62.239065
6,3,4,2004,8300,8,4,2,2,7872,7,4,10,7,20.72
2,14,3,2004,11000,8,3,1,1,8320,4,4,1,1,45.374184
3,14,5,2004,10520,8,3,4,8,10166,7,4,10,1,56.128
4,28,3,2004,8955,8,4,3,6,7135,12,4,1,7,31.516
2,25,3,2004,11000,8,4,1,2,8102,10,4,10,1,66.678739
2,14,3,2004,11000,8,2,1,1,7955,4,4,12,1,31.020599
6,3,4,2004,8290,8,4,2,2,7643,7,4,10,7,25.4
3,14,5,2004,10502,8,6,3,6,10110,7,4,1,1,33.648
6,28,4,2004,9118,8,2,4,8,8685,7,4,1,7,34.240125
4,28,5,2004,8881,6,4,3,6,7067,12,4,1,7,28.074
6,3,4,2004,8300,8,4,2,2,7761,7,4,10,7,26.522926
6,3,4,2004,8337,8,2,2,2,6480,7,4,10,7,23.852
2,14,3,2004,10492,8,3,4,8,10121,7,4,1,1,46.616316
2,14,3,2004,10099,8,3,3,7,8550,12,4,1,7,36.412
4,14,3,2004,11750,8,4,1,1,8048,4,4,1,1,67.268
2,14,3,2004,10507,8,3,4,8,10108,7,4,1,1,36.101629
2,14,3,2004,10514,8,4,3,4,9805,7,4,1,1,33.376
4,28,5,2004,8890,6,4,3,6,7103,12,4,1,7,23.713
3,28,5,2004,9080,8,2,3,6,7247,12,4,1,7,32.264
4,28,3,2004,8955,8,4,3,6,7131,12,4,1,7,30.336
4,28,3,2004,8950,8,4,3,6,7123,12,4,1,7,49.26
6,3,4,2004,8210,8,4,2,2,7647,7,4,10,7,25.66
6,3,4,2004,8306,8,2,2,2,7934,7,4,1,7,17.94
6,3,4,2004,8237,8,4,2,2,6432,7,4,10,7,20.668
2,14,3,2004,11077,8,4,1,1,8129,4,4,12,1,54.928
3,14,3,2004,10515,8,3,4,8,10170,7,4,1,1,32.084
3,14,3,2004,10530,8,3,4,8,10132,7,4,1,1,20.608
3,14,3,2004,10520,8,3,4,8,10133,7,4,1,1,43.176
3,14,3,2004,11250,8,3,1,1,8280,4,4,10,1,97.884
2,14,3,2004,10100,8,3,1,1,8321,4,4,12,1,31.457503
4,4,3,2004,8905,8,3,2,4,8578,4,4,1,7,9.608
6,28,4,2004,8610,8,2,3,6,6784,12,4,1,7,55.96
3,14,3,2004,10520,8,3,4,8,10148,7,4,1,1,62.571314
3,14,5,2004,10500,8,3,4,8,10115,7,4,10,1,54.997459
6,28,4,2004,9300,8,2,5,10,9000,6,4,1,7,34.904
2,14,3,2004,10515,8,3,4,8,10106,7,4,1,1,57.741835
6,3,4,2004,8154,8,2,2,2,7677,12,4,10,7,17.035916
6,3,4,2004,8312,8,2,2,2,7847,12,4,10,7,29.623072
6,28,4,2004,8545,8,2,3,6,6714,12,4,1,7,40.932
6,28,4,2004,8520,8,2,3,6,6688,12,4,1,7,34.4882
6,3,4,2004,8174,8,4,2,2,7721,7,4,10,7,29.151857
4,14,3,2004,10750,8,3,1,1,8087,4,4,12,1,43.884
4,28,3,2004,9397,8,2,3,6,7104,12,4,1,7,46.456
6,3,4,2004,8340,8,2,2,2,7849,7,4,1,7,18.528467
7,28,4,2004,8116,8,2,3,6,6325,12,4,1,7,44.236
6,3,4,2004,8204,8,4,2,2,7655,7,4,1,7,15.477321
3,14,3,2004,10500,8,3,4,8,10133,7,4,1,1,23.759805
2,25,3,2004,11000,8,3,1,2,8186,12,4,10,1,36.16
4,28,3,2004,9365,8,2,4,7,7063,12,4,1,7,60.648
6,3,4,2004,8307,8,4,2,2,7959,7,4,10,7,21.0058
6,28,4,2004,8710,8,2,3,6,6896,12,4,1,7,45.870227
6,28,4,2004,8270,6,2,3,6,6441,12,4,1,7,38.304
4,28,5,2004,8920,6,2,3,6,7091,12,4,1,7,28.698
6,3,4,2004,8336,8,4,2,2,7895,7,4,10,7,42.438441
6,28,4,2004,8350,6,2,3,6,6530,12,4,1,7,43.072318
2,25,3,2004,11000,8,3,1,2,8279,10,4,10,1,58.172009
2,14,3,2004,11000,8,3,1,1,8648,4,4,1,1,33.519145
2,14,3,2004,11100,8,3,1,1,8280,10,4,1,1,27.191892
6,3,4,2004,8260,8,4,2,2,7831,7,4,10,7,39.861647
6,3,4,2004,8140,8,2,2,2,7713,7,4,1,7,29.992
3,14,3,2004,10505,8,3,4,8,10114,7,4,1,1,38.192
6,28,3,2004,8780,8,4,3,6,6960,12,4,1,7,40.980679
6,28,4,2004,8205,8,4,3,6,6441,12,4,1,7,28.67927
6,28,4,2004,8345,8,2,3,6,6541,12,4,1,7,32.599246
7,28,4,2004,8188,6,2,3,6,6295,12,4,1,7,50.176
7,28,4,2004,8150,6,2,3,6,6346,12,4,1,7,40.528
6,3,4,2004,8418,8,4,2,2,8001,7,4,1,7,32.723344
6,3,4,2004,8267,8,4,2,2,7680,7,4,10,7,8.388
6,3,4,2004,8329,8,4,2,2,7910,7,4,10,7,39.929847
6,28,4,2004,8615,8,2,3,6,6740,12,4,1,7,32.4967
6,28,4,2004,8532,8,2,3,6,6742,12,4,1,7,34.125549
6,28,2,2004,8560,8,4,3,6,6748,12,4,1,7,51.734614
6,3,4,2004,8231,8,4,2,2,7747,7,4,10,7,27.775761
3,14,3,2004,10510,8,3,3,6,9646,7,4,10,1,17.58
2,14,3,2004,10510,8,3,4,8,10112,7,4,10,1,46.119104
2,14,3,2004,11100,8,4,1,1,8147,10,4,10,1,39.38
2,14,3,2004,11005,8,3,1,1,8741,4,4,12,1,27.993229
6,3,4,2004,8284,8,4,2,2,7800,7,4,10,7,32.423488
2,14,3,2005,10905,8,3,1,1,8353,4,4,1,1,61.452739
6,28,4,2005,8270,6,4,3,6,6552,12,4,1,7,13.540446
6,28,4,2005,9254,8,2,5,10,8949,7,4,1,7,21.748
6,3,4,2005,8229,8,4,2,2,7740,7,4,10,7,19.688
6,28,4,2005,9274,8,4,5,10,9000,7,4,1,7,29.265635
2,14,3,2005,11000,8,3,1,1,8269,4,4,10,1,58.854142
2,13,3,2005,10125,8,4,2,4,9388,12,4,10,1,49.554076
2,14,3,2005,10510,8,4,3,6,9677,7,4,10,1,35.008
2,14,3,2005,10900,8,3,1,1,8297,4,4,1,1,45.952
6,3,4,2005,8298,8,4,2,2,7844,7,4,10,7,33.524
6,3,4,2005,8280,8,4,2,2,7814,7,4,10,7,28.088
6,3,4,2005,8287,8,4,2,2,7751,7,4,10,7,13.56
3,14,3,2005,10515,8,3,4,8,10115,7,4,1,1,29.68
6,28,4,2005,8662,8,2,3,6,6814,12,4,1,7,57.101416
6,28,4,2005,9270,8,2,6,12,8964,7,4,1,7,36.869359
6,28,4,2005,9260,8,3,5,10,8948,7,4,1,7,32.712
6,3,4,2005,8283,8,4,2,2,7849,7,4,10,7,18.928
6,3,4,2005,8326,8,4,2,2,7849,7,4,10,7,33.756
7,28,2,2005,8240,8,4,4,8,6386,12,4,1,7,28.600945
3,14,3,2005,10505,8,3,4,8,10170,7,4,1,1,26.348716
2,14,3,2005,10520,8,3,4,8,10143,7,4,1,1,27.688
6,3,4,2005,8360,8,2,2,2,7875,12,4,10,7,20.312
6,3,4,2005,8314,8,4,2,2,7863,7,4,10,7,26.992
6,28,4,2005,9315,8,4,5,10,9018,7,4,1,7,35.592
6,28,4,2005,9350,8,4,5,10,8998,7,4,1,7,26.428
3,14,3,2005,10525,8,3,4,8,10139,7,4,10,1,41.716
6,28,4,2005,9319,8,4,5,10,8976,7,4,1,7,28.358193
6,3,4,2005,8282,8,4,2,2,7602,10,4,1,7,22.394169
6,3,4,2005,8259,8,4,2,2,7830,10,4,18,7,20.695
3,14,3,2005,10510,8,3,3,6,9592,7,4,1,1,48.332
6,3,4,2005,8374,8,2,2,2,7123,10,4,18,7,19.968
6,3,4,2005,8310,8,2,2,2,7945,10,4,18,7,37.72
3,14,3,2005,10530,8,3,4,8,10148,7,4,1,1,46.052
6,3,4,2005,8360,8,4,2,2,7946,10,4,18,7,17.676
6,3,4,2005,8327,8,4,2,2,7933,10,4,18,7,41.124
6,28,4,2005,9334,8,4,5,10,8227,2,7,12,1,44.232
6,28,4,2005,9270,8,4,5,11,8970,7,4,1,7,63.044
6,28,4,2005,9206,8,2,5,11,8936,7,4,1,7,51.593164
6,28,4,2005,9250,8,4,5,11,8856,7,4,1,7,38.388
2,14,3,2005,10937,8,3,1,1,8390,4,4,18,1,48.189071
6,28,4,2005,9260,8,4,5,10,8985,7,4,1,7,35.160054
6,3,4,2005,8327,8,4,2,2,7791,10,4,18,7,28.22
3,14,3,2005,10510,8,3,4,8,10120,7,4,1,1,65.735084
3,14,3,2005,10520,8,3,4,8,10135,7,4,1,1,43.884
6,3,4,2005,8322,8,2,2,2,7871,10,4,1,7,24.644
6,3,4,2005,8239,8,4,2,2,7702,10,4,18,7,20.258282
2,14,3,2005,10513,8,4,3,6,9678,7,4,1,1,17.388
6,3,4,2005,8265,8,4,2,2,7839,10,4,1,7,29.104
2,13,3,2005,11478,8,4,1,2,7938,10,4,1,1,74.952851
5,14,2,2005,10255,8,2,1,1,5802,4,4,18,7,39.14124
6,3,4,2005,8359,8,4,2,2,7993,10,4,18,7,49.332033
6,3,4,2005,8370,8,4,2,2,7977,10,4,18,7,17.352
6,3,4,2005,8310,8,4,2,2,7910,10,4,18,7,22.072
3,14,3,2005,10515,8,3,4,8,10165,7,4,1,1,48.6
3,14,5,2005,10515,8,3,4,8,10184,7,4,10,1,27.552
2,13,3,2005,11485,8,4,2,4,9433,12,4,1,1,83.324
6,28,4,2005,8325,6,4,3,6,6571,12,4,1,7,17.6
3,14,3,2005,10510,8,3,4,8,8475,7,4,1,1,42.732
6,3,4,2005,8339,8,4,2,2,7917,10,4,18,7,40.668
6,28,4,2005,8345,6,4,3,6,6544,12,4,1,7,13.952
2,14,3,2005,10530,8,3,4,8,8400,7,4,1,1,28.530843
3,14,3,2005,10500,8,3,4,8,8426,7,4,1,1,46.864
7,28,4,2005,8290,8,4,3,6,6510,12,4,1,7,16.38451
4,28,3,2005,8850,8,3,2,4,7836,12,4,1,7,31.136
6,3,4,2005,8272,8,4,2,2,7784,10,4,18,7,18.104
6,3,4,2005,8325,8,4,2,2,7869,10,4,18,7,24.416
6,28,4,2005,8335,6,4,3,6,6609,12,4,1,7,17.988
2,14,3,2005,10515,8,3,4,8,10175,7,4,10,1,38.447723
6,3,4,2005,8202,8,4,2,2,7698,10,4,18,7,32.441233
3,14,3,2005,10500,8,3,4,8,10252,7,4,10,1,33.832
2,14,3,2005,10520,8,3,4,8,10265,7,4,10,1,11.199
6,28,4,2005,8360,8,4,3,6,6565,12,4,1,7,43.038077
4,28,3,2005,8985,8,3,2,4,7915,12,4,21,7,25.230548
6,28,4,2005,8160,6,4,3,6,6446,12,4,1,7,27.51995
2,14,3,2005,10540,8,3,4,8,10289,7,4,10,1,41.208
6,3,4,2005,8204,8,2,2,2,7690,10,4,18,7,37.3
2,14,3,2005,11102,8,3,1,1,8160,10,4,18,7,52.128
6,3,4,2005,8303,8,4,2,2,7883,10,4,18,7,33.272
3,14,3,2005,11265,8,4,1,1,8225,7,4,10,7,68.128
2,14,3,2005,10525,8,4,4,8,10162,7,4,1,1,49.848228
3,14,3,2005,11250,8,3,1,1,8290,12,4,21,1,91.768
6,28,4,2005,8230,8,4,3,6,6435,12,4,1,7,31.244
6,28,4,2005,8215,6,4,3,6,6480,12,4,1,7,34.848
6,3,4,2005,8320,8,4,2,2,7873,10,4,18,7,24.496
6,3,4,2005,8360,8,4,2,2,7915,10,4,18,7,36.558317
2,14,3,2005,11015,8,3,1,1,8294,12,4,18,7,29.26985
4,14,3,2005,11700,8,4,1,1,8051,10,4,1,1,65.474043
2,14,3,2005,10510,8,3,4,8,10262,7,4,10,1,57.032
6,28,4,2005,8282,8,4,2,4,7087,12,4,1,7,35.212
4,28,3,2005,8814,8,3,2,4,7803,12,4,21,7,33.076
6,3,4,2005,8451,8,2,2,2,8011,10,4,18,7,36.764
2,14,3,2005,10530,8,3,6,12,8173,7,4,1,1,21.948
6,3,4,2005,8314,8,4,2,2,7931,10,4,18,7,29.104
2,14,3,2005,10980,8,3,1,1,8296,7,4,21,7,77.381344
6,3,4,2005,8180,8,4,2,2,7729,10,4,18,7,26.688
6,3,4,2005,8214,8,4,2,2,7671,10,4,18,7,20.16
2,14,3,2005,10530,8,3,6,12,9998,7,4,1,1,55.664
2,14,3,2005,10550,8,3,6,12,9938,7,4,1,1,43.372
7,28,4,2005,8190,8,4,2,4,6469,12,4,1,7,37.940333
6,3,4,2005,8235,8,4,2,2,7635,10,4,1,7,23.784
6,3,4,2005,8254,8,4,2,2,7820,10,4,1,7,33.556
7,28,4,2005,8065,8,4,3,6,6269,12,4,21,7,21.156
2,14,3,2005,10610,8,4,1,1,8121,10,4,1,1,37.848
6,3,4,2005,8253,8,4,2,2,7801,10,4,20,7,33.424
6,3,4,2005,8260,8,4,2,2,7745,10,4,20,7,37.092
4,28,3,2005,10485,8,3,6,12,9989,12,4,1,7,71.588
2,14,3,2005,10714,8,3,1,1,8632,10,4,1,1,42.156
2,13,3,2005,10125,8,4,1,2,7944,10,4,1,1,67.949761
6,28,4,2005,9221,8,4,5,10,8802,7,4,1,7,72.992193
6,3,4,2005,8124,8,4,2,2,7743,10,4,18,7,25.304
4,28,3,2005,10501,8,3,6,12,9982,12,4,1,7,58.856
7,3,4,2005,8500,8,4,2,2,7610,10,4,18,7,36.318885
3,11,5,2005,10775,8,4,1,2,7332,12,4,1,7,106.147773
6,3,4,2005,8236,8,4,2,2,7810,10,4,1,7,21.596
2,28,3,2005,10125,8,4,5,10,9704,7,4,1,7,39.184
2,13,3,2005,10127,8,4,1,2,7819,10,4,1,1,32.935054
7,28,4,2005,8132,6,4,3,6,6308,12,4,1,7,10.568
7,28,4,2005,8150,8,4,3,6,6357,12,4,1,7,22.956
6,3,4,2006,8182,8,2,2,2,7750,10,4,1,7,21.984
7,3,4,2006,8526,8,4,2,2,7575,10,4,1,7,31.956
7,3,4,2006,8480,8,4,2,2,7583,10,4,1,7,38.865794
3,14,3,2006,10600,8,3,1,1,8232,10,4,1,1,75.82
2,28,3,2006,10090,8,4,6,12,9957,7,4,1,7,44.904
4,28,3,2006,10526,8,3,6,12,10095,12,4,1,7,27.448
6,3,4,2006,8209,8,4,2,2,7759,10,4,18,7,21.460321
6,3,4,2006,8295,8,4,2,2,7905,10,4,18,7,27.228
4,28,3,2006,10012,8,3,5,10,9616,12,4,1,7,59.181292
4,28,3,2006,10022,8,3,6,12,9711,12,4,1,7,40.264113
4,28,3,2006,10510,8,3,6,12,10010,12,4,1,7,28.836
2,14,3,2006,10609,7,4,1,1,8317,10,4,1,1,32.14
6,3,4,2006,8242,8,4,2,2,7877,10,4,18,7,34.4
7,3,2,2006,8064,8,2,2,2,7641,10,4,18,7,42.264
2,25,3,2006,10999,2,3,1,2,8278,7,4,10,7,41.821157
7,3,2,2006,8243,8,2,2,2,6311,10,4,1,7,12.48
4,28,3,2006,10515,8,6,4,9,9264,8,1,16,1,23.084
2,13,3,2006,10125,8,4,1,1,7941,7,4,19,1,73.06722
2,25,3,2006,11026,2,3,1,2,8210,12,4,18,7,35.284
7,3,4,2006,8510,8,4,2,3,7590,10,4,1,7,51.068456
3,28,5,2006,9614,8,4,6,12,9507,7,4,1,7,41.416981
2,14,3,2006,10849,8,3,1,1,8356,10,4,12,1,43.964
3,14,3,2006,10630,8,4,1,2,8208,10,4,1,1,32.128
6,3,4,2006,8269,6,2,2,2,7863,10,4,18,7,23.482655
3,28,5,2006,9289,8,4,3,6,7533,12,4,1,7,30.184
2,28,3,2006,10330,8,3,5,9,9766,7,4,1,7,34.48
4,28,3,2006,10535,8,3,6,12,9928,7,4,1,7,37.688
4,28,3,2006,10380,8,3,6,12,9838,12,4,1,7,37.752
7,28,4,2006,8125,6,4,3,6,6381,12,4,1,7,24.652
6,28,4,2006,8525,6,4,3,6,6799,12,4,1,7,31.108
2,28,3,2006,10331,8,4,5,10,9780,12,4,1,7,33.231614
6,3,4,2006,8254,8,4,2,2,7747,10,4,1,7,27.684
4,28,3,2006,10492,8,3,6,11,10136,12,4,1,7,50.748
2,13,3,2006,10061,8,3,1,2,8565,4,4,1,7,16.556437
3,14,3,2006,10611,8,3,1,1,8128,4,4,18,7,39.333139
2,14,3,2006,10615,7,3,1,1,8380,4,4,18,7,49.281399
6,28,4,2006,8500,6,4,3,6,6771,12,4,1,7,30.32446
7,3,2,2006,8223,8,4,2,2,7356,10,4,18,7,39.468
6,28,4,2006,8260,6,4,3,4,6539,12,4,1,7,37.325415
7,3,2,2006,8255,8,4,2,2,7411,10,4,1,7,18.551492
2,14,3,2006,10713,8,3,1,1,8721,4,4,21,7,20.72
4,28,3,2006,10494,8,3,6,11,10234,7,4,1,7,47.92
2,14,3,2006,10626,7,3,1,2,8395,10,4,1,7,32.8
4,28,3,2006,10017,8,3,6,12,9605,7,4,1,7,40.772822
3,28,5,2006,9455,8,4,3,6,7750,12,4,1,7,28.948667
7,3,2,2006,8205,8,2,2,2,6275,10,4,18,5,12.164
6,3,4,2006,8418,8,4,2,2,7890,10,4,9,7,25.124
7,3,4,2006,8500,8,4,2,2,7572,10,4,1,1,30.248
7,3,4,2006,8500,8,4,2,2,7519,10,4,9,7,26.394117
2,28,3,2006,10255,8,2,5,10,7736,12,4,1,7,22.826287
6,3,4,2006,8210,8,4,2,2,7716,10,4,1,7,29.852
6,28,4,2006,8505,6,4,3,6,6728,12,4,1,7,40.679322
7,28,4,2006,8215,6,4,3,4,6481,12,4,1,7,28.104
4,28,3,2006,10004,8,3,6,12,9554,12,4,1,7,86.956
7,3,2,2006,8283,8,2,2,2,7453,10,4,1,7,10.876
4,28,3,2006,10163,8,4,5,10,7639,12,4,1,7,34.499353
2,28,3,2006,10374,8,3,5,10,9868,7,4,1,7,55.808054
7,28,4,2006,8294,8,4,3,4,6493,12,4,1,7,29.632
7,3,4,2006,8510,8,4,2,2,7575,10,4,1,7,36.416
7,3,4,2006,8061,8,4,2,2,7715,10,4,18,7,27.472
3,14,3,2006,11260,8,4,1,1,8153,4,4,18,7,48.112
2,14,3,2006,10435,8,2,1,1,7845,4,4,10,7,39.92
2,28,3,2006,10341,8,3,4,7,9793,12,4,1,7,19.248226
2,28,3,2006,10285,8,4,6,11,9911,7,4,1,7,56.73353
6,28,4,2006,8539,8,4,3,4,6812,12,4,1,7,43.984839
6,28,4,2006,8491,6,4,3,6,6755,12,4,1,7,41.236928
6,28,4,2006,8565,6,4,2,5,6838,2,7,1,1,29.32501
7,3,4,2006,8267,6,4,2,2,7735,10,4,1,7,23.707057
7,3,4,2006,8512,8,2,2,2,7555,10,4,18,7,33.50169
4,3,3,2006,9973,8,4,6,12,9476,7,4,1,7,27.264
7,3,4,2006,8101,8,2,2,2,7693,10,4,18,7,20.3
2,14,3,2006,11176,8,3,1,1,8577,4,4,18,7,39.916
4,28,3,2006,10336,8,3,6,11,9834,7,4,1,7,52.692
3,14,5,2006,10500,8,4,1,1,7737,5,4,12,1,98.168
6,3,4,2006,9112,8,2,2,2,7842,10,4,18,7,20.248
3,14,3,2006,11258,8,3,1,1,8277,4,4,18,7,36.552
6,28,4,2006,8425,6,2,3,6,6685,12,4,1,7,41.952
6,3,4,2006,8311,6,4,2,2,7922,10,4,18,7,35.493909
7,3,4,2006,8072,8,4,2,2,7687,10,4,18,7,26.04
7,28,4,2006,8116,8,4,4,5,7940,2,7,12,1,10.38
3,11,5,2006,10675,8,4,1,2,7397,12,4,1,7,65.876
6,3,4,2006,8508,8,4,2,2,8070,10,4,18,7,27.336
6,3,4,2006,8505,8,2,2,2,8110,10,4,18,7,38.029231
6,3,4,2006,8339,8,2,2,2,7927,10,4,1,7,31.58
7,28,4,2006,8160,8,4,3,4,7890,2,7,15,1,43.676
7,3,2,2006,8103,8,2,2,2,7659,10,4,18,7,30.18
6,3,4,2006,8351,8,2,2,2,7975,10,4,18,7,46.372
6,3,4,2006,8317,8,4,2,2,7908,10,4,18,7,27.8
6,3,4,2006,8334,8,2,2,2,7964,10,4,18,7,25.051089
3,14,5,2006,10545,8,2,1,1,7353,4,4,18,7,69.672135
3,14,5,2006,10405,8,4,1,2,7745,4,4,1,1,111.2085
3,14,5,2006,10546,8,2,1,1,7340,4,4,1,1,97.304768
3,11,5,2006,10655,8,4,1,2,7312,12,4,1,1,63.793522
4,28,3,2006,10126,8,3,6,12,9804,7,4,1,7,57.444
6,28,4,2006,8456,6,4,3,6,6724,12,4,1,7,41.936
6,3,4,2006,8313,8,4,2,2,7866,10,4,1,1,40.748
4,28,3,2006,10120,8,3,6,12,10003,7,4,1,7,55.772
2,14,3,2006,10817,7,3,1,1,8262,4,4,18,7,21.781946
2,14,3,2006,11111,7,3,1,1,8193,4,4,18,1,61.528
2,14,3,2006,11247,8,3,1,1,8630,4,4,18,7,45.819848
6,3,4,2006,8345,8,2,2,2,7939,10,4,1,7,28.096
6,3,4,2006,8342,8,2,2,2,7958,10,4,1,7,32.076
7,28,2,2006,8835,8,4,3,3,8190,4,4,1,1,46.042316
2,3,3,2006,10500,8,4,5,10,9719,7,4,1,7,33.84
6,28,4,2006,8355,6,4,3,6,6589,12,4,1,7,42.556
2,13,3,2006,10143,8,4,1,1,7954,4,4,1,7,102.286549
6,3,4,2006,8215,8,4,2,2,7727,10,4,1,7,23.508
3,14,5,2006,12554,8,6,1,1,9179,4,4,1,1,34.582102
6,3,4,2006,8334,8,4,2,2,7904,10,4,1,7,16.568
2,3,3,2006,10067,8,4,6,12,9817,7,4,1,7,56.172
4,3,3,2006,9865,8,2,7,14,7034,12,4,1,7,21.259041
7,3,4,2006,8215,6,2,2,2,7718,10,4,1,7,30.284
4,3,2,2006,9882,8,4,7,14,9252,7,4,1,7,29.407012
2,14,3,2006,10592,8,3,1,1,8341,10,4,12,1,48.272097
2,28,3,2006,10234,8,4,6,12,7722,12,4,1,7,47.436
6,28,4,2006,8517,6,4,4,8,6737,12,4,1,7,56.762031
4,28,3,2006,10512,8,3,5,12,10171,7,4,1,7,48.764
7,3,4,2006,8211,8,2,2,2,7709,10,4,1,7,36.776798
6,28,4,2006,8295,6,2,3,6,6542,12,4,1,7,32.812
6,28,4,2006,8344,6,2,3,6,6569,12,4,1,7,29.364
4,28,3,2006,9426,8,4,4,7,7551,12,4,1,7,17.980074
4,28,3,2006,10508,8,3,6,12,10133,7,4,1,7,71.968
2,28,3,2006,10168,8,4,6,12,7745,12,4,1,7,31.912
2,28,3,2006,10184,8,4,7,14,9716,12,4,1,7,37.38
6,3,4,2006,8351,8,2,2,2,8025,10,4,1,7,49.928
5,14,3,2006,10516,2,4,1,1,7054,4,4,18,7,23.49
6,3,4,2006,8365,8,2,2,2,7969,10,4,1,7,38.252
7,3,4,2006,8218,8,2,2,2,7700,10,4,1,7,16.772
7,3,4,2006,8181,6,2,2,2,7676,10,4,1,7,18.784
7,28,4,2006,8260,8,4,3,6,6403,12,4,1,7,34.413198
7,3,4,2006,8149,8,2,2,2,7677,10,4,1,7,18.509334
4,3,2,2006,9902,8,4,5,11,6923,2,7,1,1,31.731828
2,14,3,2006,10897,8,3,1,1,8328,4,4,18,1,59.04
3,14,5,2006,10514,8,4,1,1,7719,4,4,10,7,48.366005
6,28,4,2006,8660,6,2,3,6,6858,12,4,1,7,71.342688
2,10,3,2006,10460,8,4,5,6,8012,7,4,1,7,78.06
2,10,3,2006,10450,8,4,4,7,7874,1,4,1,7,42.972
7,3,4,2006,8182,8,2,2,2,7705,10,4,1,7,18.384
5,3,2,2006,9843,8,4,6,12,8913,7,4,1,7,30.209419
6,3,4,2006,8525,8,4,2,2,7835,10,4,1,7,18.864
7,28,4,2006,8172,6,4,3,6,6341,12,4,1,7,34.664
2,14,3,2006,10771,2,4,1,1,7839,4,4,12,1,48.142605
3,14,5,2006,10410,8,4,1,1,7746,4,4,1,1,200.612
3,14,5,2006,10407,8,4,1,1,7738,10,4,12,1,81.896
4,28,3,2006,10243,8,3,6,12,8280,12,4,17,7,48.948
6,3,4,2006,8359,8,2,2,2,7942,10,4,1,7,27.748
6,3,4,2006,8112,8,2,2,2,7711,10,4,1,7,27.863216
6,3,4,2006,8352,8,4,2,2,8039,10,4,1,7,17.375498
4,3,3,2006,9900,8,4,6,12,8904,7,4,1,7,30.318317
2,28,3,2006,10164,8,4,5,10,7852,12,4,17,7,55.956
4,28,3,2006,10106,8,3,6,12,8227,12,4,17,7,34.792
6,3,4,2006,8358,8,4,2,2,7823,10,4,1,7,32.832
6,3,4,2006,8534,8,4,2,2,7725,10,4,1,7,21.621242
3,28,3,2006,10532,8,3,6,11,8299,12,4,1,7,26.913878
5,3,2,2006,9806,8,2,5,9,8956,7,4,1,7,14.8
2,28,3,2006,10185,8,4,6,11,7814,12,4,1,7,42.824
7,3,2,2006,8177,8,2,1,1,6272,10,4,18,7,55.386217
2,10,3,2006,10521,8,4,3,4,8001,4,4,1,7,36.58172
3,11,5,2006,10671,8,4,1,2,7738,7,4,1,1,96.516
7,3,4,2006,8131,8,2,2,2,7720,10,4,1,7,21.264
3,11,5,2006,10662,8,4,1,2,7384,12,4,1,1,99.872
6,28,4,2006,8260,8,4,3,6,6517,12,4,1,1,22.828
5,3,2,2006,9843,8,4,6,11,6928,12,4,1,7,23.14
2,10,3,2006,10440,8,4,4,4,7956,4,4,1,7,39.047802
6,3,4,2006,8273,8,4,2,2,7620,10,4,1,7,28.256
6,28,4,2006,8670,8,4,3,6,6899,12,4,1,7,38.743757
4,28,3,2006,10093,8,3,6,12,8259,12,4,17,7,67.747922
2,14,3,2006,11529,8,4,1,2,8065,10,4,1,1,58.354723
3,14,3,2006,10750,8,3,1,1,8269,4,4,1,1,47.248
3,14,3,2006,10718,8,4,1,1,7617,4,4,1,7,35.08
3,14,3,2006,10670,8,3,1,1,8371,4,4,1,1,56.716577
3,11,5,2006,10674,8,4,1,2,7315,12,4,1,1,90.536
2,10,3,2006,10455,8,4,5,5,7822,4,4,1,7,49.913808
2,14,3,2006,10621,8,4,1,1,8249,4,4,1,1,25.465
3,28,3,2006,10576,8,3,6,12,8268,12,4,1,7,65.428
2,10,3,2006,9960,8,4,8,6,8300.485172,4,4,1,7,54.64
3,28,3,2006,10392,8,6,4,8,9293,12,4,1,7,38.603443
7,28,4,2007,8223,6,2,3,6,6441,12,4,1,7,38.736
6,3,4,2007,8292,8,4,2,2,7634,10,4,1,7,23.78
6,3,4,2007,8266,8,4,2,2,7641,10,4,1,7,27.792
7,28,4,2007,8213,8,4,3,6,6452,12,4,1,7,53.592
7,3,2,2007,8181,8,2,2,2,7689,4,4,1,7,15.424
5,3,2,2007,9850,8,2,6,12,6864,12,4,17,7,20.677059
2,14,3,2007,10400,8,2,1,1,7823,4,4,12,1,57.349122
4,28,3,2007,10085,8,3,6,12,8258,12,4,17,7,58.592
6,3,4,2007,8153,8,4,2,2,7787,10,4,18,7,18.768
3,28,3,2007,10578,8,3,6,12,8319,12,4,17,7,33.675363
7,3,4,2007,8111,8,2,2,2,7368,4,4,1,7,39.956
4,28,3,2007,10040,8,3,6,12,8209,12,4,17,7,45.612
4,28,3,2007,9986,8,4,5,10,7690,12,4,17,7,33.036
3,28,5,2007,9203,6,2,3,6,7569,12,4,1,7,32.056
5,3,2,2007,9792,8,4,6,12,6876,12,4,1,7,13.624
6,28,4,2007,8307,8,4,3,6,6543,12,4,1,7,23.532
6,3,4,2007,8237,8,4,2,2,7861,4,4,1,7,21.506851
3,14,5,2007,10599,8,2,1,1,7752,10,4,1,1,25.244
5,3,2,2007,8492,8,2,2,2,8193,4,4,1,7,34.888932
7,3,4,2007,8171,8,4,2,2,7707,4,4,1,1,41.639438
4,3,2,2007,9844,8,6,4,8,8424,12,4,17,7,18.328
5,3,2,2007,9775,8,2,5,9,6857,12,4,1,7,19.208426
4,3,2,2007,9853,8,2,5,6,9556,1,4,1,7,13.684
3,28,3,2007,10540,8,4,7,13,7806,12,4,1,7,51.112
3,14,3,2007,10604,8,2,1,1,7756,4,4,12,1,82.86137
3,14,3,2007,10600,8,2,1,1,7746,4,4,12,1,77.983112
2,14,3,2007,10389,8,2,1,1,7857,4,4,12,1,65.281484
4,28,3,2007,10450,8,3,6,12,8338,12,4,17,7,36.708
7,28,2,2007,8851,8,4,4,4,8400,4,4,1,1,31.071503
6,21,4,2007,9320,8,4,1,1,6721,10,4,1,7,54.768
4,28,3,2007,8967,6,4,3,6,6960,12,4,1,7,30.988
6,21,4,2007,9340,8,4,1,1,6635,10,4,1,7,39.96925
2,25,3,2007,10993,2,3,1,2,8176,10,4,21,1,41.716207
4,28,3,2007,10474,8,3,6,12,8231,12,4,17,7,36.072
7,28,4,2007,8176,8,4,3,6,6385,12,4,17,7,22.34
2,14,3,2007,10841,2,3,3,4,8333,1,4,1,11,77.774916
3,14,3,2007,10626,8,4,1,1,7629,4,4,1,1,25.508
3,14,5,2007,10525,8,4,1,1,7733,10,4,12,1,95.575776
6,21,4,2007,9300,8,4,1,1,6625,10,4,1,7,33.176
6,3,4,2007,8084,8,4,2,2,7727,10,4,1,7,21.004
5,3,3,2007,8826,8,2,1,2,6882,10,4,9,7,35.525613
3,29,5,2007,10010,8,4,1,1,7441,4,4,1,1,52.712
5,3,2,2007,9782,8,2,5,10,6869,12,4,17,7,12.671
4,28,3,2007,10243,8,3,6,12,8360,12,4,17,7,65.584
6,3,4,2007,8073,8,4,2,2,7708,10,4,1,7,24.036
4,28,3,2007,9075,8,2,3,6,7248,12,4,17,7,18.192
6,3,4,2007,8049,8,4,2,2,7676,10,4,1,7,11.248
6,3,4,2007,8516,8,4,2,2,7874,10,4,18,7,18.879458
2,14,3,2007,10680,8,3,1,1,8506,4,4,12,1,40.396
4,28,3,2007,9575,8,4,6,12,7162,12,4,17,7,35.6
4,28,3,2007,8695,6,4,3,6,6927,12,4,17,7,30.917329
6,3,4,2007,8066,8,2,2,2,7699,10,4,18,7,31.684
5,28,2,2007,9496,8,3,3,7,7525,12,4,1,7,6.904
5,28,2,2007,9487,8,6,5,10,7973,12,4,17,7,25.313415
6,3,4,2007,8062,8,4,2,2,7678,10,4,18,7,10.679642
6,3,4,2007,8532,8,4,2,2,7818,10,4,18,7,20.396
5,14,2,2007,10510,2,4,4,4,6878,1,4,1,2,44.023765
5,14,2,2007,10840,2,4,1,1,6862,4,4,1,1,45.272291
2,14,3,2007,10410,8,4,1,1,7833,10,4,12,1,62.785144
6,3,4,2007,8350,8,2,2,2,7767,10,4,1,7,20.484
3,11,5,2007,10680,6.726061,3.654545,1,2,7753,12,4,1,1,72.612
7,3,4,2007,8519,8,4,2,2,7625,4,4,1,7,52.245968
7,28,2,2007,9510,8,6,4,8,7943,12,4,17,7,12.649354
6,3,4,2007,8183,8,4,2,2,7917,4,4,1,7,18.328
3,14,5,2007,10406,8,4,1,1,7746,4,4,1,1,142.278764
3,28,3,2007,10488,8,3,6,12,8486,12,4,17,7,108.724
6,3,4,2007,8147,8,4,2,2,7709,4,4,1,7,18.7
7,3,4,2007,8531,8,4,2,2,7624,10,4,1,7,29.488
3,28,3,2007,10460,8,6,4,8,9307,12,4,1,7,28.532
5,15,2,2007,8750,8,4,4,7,8142,7,4,21,7,20.115417
4,28,3,2007,10101,8,3,5,11,8376,12,4,17,7,33.952
5,15,2,2007,8750,8,4,3,4,8288,4,4,1,7,20.7
6,3,4,2007,8245,8,2,2,2,8006,10,4,1,7,36.084
7,14,4,2007,8012,8,2,1,1,5966,4,4,12,1,11.324
6,3,4,2007,8476,8,4,2,2,7925,10,4,1,7,26.652
5,15,2,2007,8547,8,4,4,4,6477,7,4,11,6,20.072
7,3,4,2007,8122,8,2,2,2,7747,10,4,1,7,27.024
3,14,3,2007,10865,8,3,1,1,8261,10,4,18,1,72.942536
7,3,4,2007,8526,8,4,2,2,7599,10,4,18,7,34.8
2,13,3,2007,10117,8,4,1,2,7937,10,4,21,7,42.448
2,28,3,2007,10537,8,6,6,12,9460,7,4,1,7,50.892871
2,28,3,2007,10510,8,6,7,14,9391,7,4,1,7,32.612
7,3,4,2007,8504,8,4,2,2,7642,10,4,18,7,28.836
6,3,4,2007,8524,8,4,2,2,7896,10,4,18,7,19.432424
6,3,4,2007,8296,8,2,2,2,7970,10,4,18,7,49.16
6,3,4,2007,8298,8,4,2,2,8001,10,4,18,1,38.724
6,3,4,2007,8412,8,4,2,2,7911,10,4,18,7,33.730021
2,14,3,2007,11265,8,3,1,1,8869,12,4,18,12,25.432
5,28,2,2007,9808,8,6,5,13,8277,7,4,1,7,42.268
7,3,4,2007,8536,8,4,2,2,7513,10,4,18,7,32.204
2,28,3,2007,10503,8,6,4,8,9416,7,4,1,7,29.7
6,3,4,2007,8112,8,4,2,2,7717,10,4,18,7,19.898
4,3,2,2007,9840,8,4,5,10,6990,12,4,17,7,28.092328
2,3,3,2007,10111,8,4,6,12,8010,12,4,17,7,27.816
4,28,3,2007,10240,8,3,6,12,8392,12,4,1,7,33.04
3,14,3,2007,10632,8,4,1,1,8233,12,4,21,1,55.724698
3,14,3,2007,10871,8,3,1,1,8237,12,4,12,1,50.2
2,28,3,2007,10532,8,6,5,10,9396,7,4,1,7,33.424
6,3,4,2007,8309,8,4,2,2,8021,10,4,18,7,37.668
2,13,3,2007,10143,8,4,1,2,8046,4,4,1,7,46.410274
6,3,4,2007,8315,8,4,2,2,8013,10,4,18,7,46.228
6,3,4,2007,8350,8,4,2,2,7996,10,4,18,7,37.62
7,3,4,2007,8508,8,4,3,3,8059,10,4,18,7,31.105189
2,14,3,2007,10650,8,3,1,1,8567,12,4,12,1,47.030033
2,14,3,2007,11005,2,3,1,2,8693,12,4,18,1,71.452
5,14,2,2007,10660,8,4,1,1,6875,10,4,1,1,49.36
2,14,3,2007,11186,2,3,1,2,8682,4,4,10,1,31.828
4,28,3,2007,10413,8,3,6,12,8362,12,4,1,7,42.728
2,3,3,2007,10104,8,4,5,10,7798,12,4,1,7,38.480736
3,28,5,2007,10354,8,6,6,12,9207,12,4,1,7,58.74359
5,3,2,2007,9900,8,2,5,10,6900,12,4,1,7,10.56
2,28,3,2007,10752,8,6,4,8,9486,7,4,1,7,37.032108
5,14,2,2007,10499,2,2,1,1,6606,4,4,12,1,40.092
2,3,3,2007,10083,8,4,6,12,7768,12,4,1,7,1.224
4,14,3,2007,10941,2,4,1,1,8008,4,4,12,1,30.68
3,14,3,2007,10790,8,3,1,1,8261,4,4,12,1,49.632
2,3,3,2007,10082,8,4,7,14,7984,12,4,1,7,31.008
7,29,4,2007,8521,8,4,1,1,6026,10,4,10,1,19.604
4,28,3,2007,10550,8,3,6,12,8293,12,4,1,7,41.824
2,28,3,2007,10692,8,6,4,8,9482,7,4,1,7,38.156111
2,14,3,2007,10571,7,3,1,1,8329,4,4,12,1,59.852
2,3,3,2007,10111,8,4,6,12,8023,12,4,1,7,24.856
4,14,3,2007,10910,7,3,1,1,8278,12,4,12,1,52.670118
3,28,5,2007,10767,8,6,5,10,9118,7,4,1,7,50.017293
3,28,3,2008,10481,8,3,5,10,8467,12,4,1,7,26.628286
7,28,2,2008,9598,8,4,6,12,6451,12,4,1,7,25.04
2,28,3,2008,10715,8,6,4,8,9500,7,4,1,7,15.003
6,28,4,2008,8595,8,4,3,6,6745,12,4,21,7,5.784
3,29,5,2008,10000,8,4,3,3,9107,10,4,18,7,36.984
3,29,5,2008,10035,8,4,3,3,9049,10,4,18,7,39
4,28,3,2008,10548,8,3,6,12,8239,12,4,1,7,66.664
2,14,3,2008,10996,7,3,1,1,8689,4,4,12,1,28.148
6,3,4,2008,8298,8,4,2,2,7974,10,4,1,7,19.328
3,11,5,2008,10620,8,4,1,2,7774,12,4,1,1,38.624
6,3,4,2008,8364,8,2,2,2,8000,10,4,18,7,43.675916
6,3,4,2008,8355,8,2,2,2,7990,10,4,18,7,30.556
6,3,4,2008,8351,8,2,2,2,8010,10,4,18,7,32.548
6,3,4,2008,8314,8,4,2,2,8000,10,4,18,7,37.644
2,14,3,2008,10217,8,3,1,1,8198,4,4,12,1,21.632
2,3,3,2008,10249,8,4,5,10,8052,12,4,1,7,35.972
2,28,3,2008,10746,8,6,5,10,9443,7,4,1,7,16.994907
4,28,3,2008,10538,8,3,6,12,8252,12,4,1,7,43.384
5,3,2,2008,9878,8,4,6,12,6875,12,4,1,7,11.934
6,3,4,2008,8284,8,4,2,2,7949,10,4,18,7,23.904
6,3,4,2008,8296,8,4,2,2,7939,10,4,18,7,33.484
5,28,2,2008,8704,8,4,3,6,6914,12,4,1,7,48.844
5,28,2,2008,10255,8,2,4,8,6525,12,4,1,7,25.376
5,5,2,2008,10500,7,2,8,16,10024,10,1,1,1,66.273926
5,28,2,2008,10176,8,2,6,12,6523,12,4,1,2,24.14
6,28,4,2008,8592,6,4,4,8,6832,12,4,21,7,44.708419
4,3,2,2008,9890,8,4,6,12,6974,12,4,1,7,9.735
6,28,4,2008,8672,6,4,4,8,6783,12,4,1,7,30.672
7,19,4,2008,8495,8,4,3.548077,1,6196,2,7,12,1,19.908
7,19,4,2008,8564,8,4,3.548077,5,7869,2,7,12,1,30.264
4,14,3,2008,11040,2,3,1,2,8079,12,4,1,1,71.687473
5,3,2,2008,9894,8,2,6,12,6911,12,4,1,7,17.639596
7,28,2,2008,8362,6,4,4,8,6540,12,4,1,7,32.076
2,13,3,2008,10119,8,4,1,2,7932,4,4,10,7,34.504
5,3,2,2008,9878,8,4,6,12,6920,12,4,1,7,8.808
2,13,3,2008,10125,8,4,1,2,7982,4,4,21,7,29.881301
7,3,2,2008,8252,8,4,2,2,7672,10,4,18,7,22.111573
3,29,5,2008,10000,8,2,3,3,9101,10,4,18,7,34.05661
4,3,2,2008,9880,8,2,6,12,6934,12,4,1,4,24.405628
7,19,4,2008,8530,8,4,3.548077,8,8070,2,7,12,1,27.468
3,28,5,2008,10010,8,4,7,14,7363,12,4,1,7,26.32
3,29,5,2008,10011,8,2,3,3,9058,10,4,18,7,19.336434
7,28,2,2008,8338,6,4,4,8,6506,12,4,1,7,22.828
7,3,4,2008,8077,8,2,2,2,7699,10,4,18,7,17.1
4,14,3,2008,11009,2,4,1,2,8090,12,4,21,1,72.275413
2,3,3,2008,10378,8,4,8,16,8061,12,4,1,7,31.68
7,3,4,2008,8043,8,4,2,2,7719,10,4,18,7,10.508
7,19,4,2008,8720,8,4,3.548077,9,8050,2,7,12,1,44.144
3,11,5,2008,10500,8,4,1,2,7710,12,4,1,1,56.346614
4,3,2,2008,9886,8,4,6,12,6982,12,4,1,7,8.086192
7,28,2,2008,8295,6,2,4,8,6481,12,4,1,7,15.551147
3,28,5,2008,8454,6,4,3,6,7253,12,4,1,7,15.496
3,28,5,2008,8468,6,4,3,6,7267,12,4,1,7,32.132
2,11,3,2008,10480,7,4,1,1,8050,7,4,1,1,51.644665
7,19,4,2008,8715,8,4,7,7,7960,2,7,12,1,29.132
4,3,2,2008,9876,8,2,6,12,6931,12,4,1,7,42.252561
4,28,3,2008,10259,8,3,6,12,8280,12,4,1,7,49.94
4,28,3,2008,10252,8,3,6,12,8248,12,4,1,7,32.316
6,3,4,2008,8326,8,4,2,2,7984,10,4,18,7,25.776
6,3,4,2008,8264,8,2,2,2,7989,10,4,18,7,29.356
3,6,5,2008,10376,8,6,1,2,9321,10,4,18,1,83.18
3,28,5,2008,10528,8,2,10,20,7566,12,4,1,7,73.2
2,3,3,2008,10400,8,4,7,14,8069,12,4,1,7,47.496
3,29,5,2008,10050,8,4,5,5,9652,10,4,18,7,58.388
2,3,3,2008,9902,8,4,6,12,8044,12,4,1,7,49.640484
3,6,5,2008,10628,8,4,1,2,8268,4,4,18,7,61.572
4,14,3,2008,11022,8,4,1,2,7986,4,4,10,1,51.82
3,29,5,2008,10033,8,4,4,4,9446,10,4,18,7,26.56
7,28,4,2008,8201,6,4,4,8,6411,12,4,1,7,27.38
5,23,2,2008,9535,8,6,4,8,9254,2,7,12,1,35.256
6,3,4,2008,8271,8,4,2,2,7929,10,4,18,7,21.948
6,3,4,2008,8415,8,2,2,2,8084,10,4,18,7,16.276
4,3,3,2008,8954,8,4,2,2,8355,10,4,18,7,19.079992
6,3,4,2008,8428,8,4,2,2,8096,10,4,18,7,25.85189
4,28,3,2008,10249,8,3,6,12,8289,12,4,1,7,33.668
7,3,4,2008,8234,8,2,2,2,7699,10,4,18,7,8.544
5,28,2,2008,9983,8,2,7,14,6427,12,4,1,7,21.947991
6,28,4,2008,8610,8,4,6,12,6183,12,4,1,7,22.748
3,28,5,2008,10540,8,4,8,16,7446,12,4,1,7,46.491317
3,29,5,2008,9991,8,4,3,3,9112,10,4,18,7,48.028
7,19,4,2008,8700,8,4,3.548077,7,8250,2,7,12,1,26.296
7,19,4,2008,8723,8,4,7,7,8008,2,7,12,1,29.396
3,29,5,2008,10033,8,4,3,3,9101,10,4,18,10,36.356
7,3,4,2008,8534,8,2,3,3,7850,10,4,18,7,21.292
3,29,5,2008,10013,8,4,3,3,9127,10,4,18,7,36.436
6,3,4,2008,8276,8,4,2,2,7943,10,4,18,10,12.592
6,3,4,2008,8212,6,4,2,2,7858,10,4,18,7,47.165392
3,6,5,2008,10459,8,3,1,2,8314,10,4,18,7,49.93943
6,28,4,2008,8615,8,4,7,14,6197,12,4,1,7,22.696
7,19,4,2008,8710,8,4,7,7,7960,2,7,12,1,36.12
3,18,5,2008,10550,8,2,7,7,10083,12,4,1,7,44.856
3,18,5,2008,11000,2,2,1,1,7116,1,1,1,1,67.911909
6,28,4,2008,8600,8,4,6,12,6184,12,4,1,7,30.744
3,6,5,2008,10605,8,4,1,2,7702,4,4,18,7,69.55068
6,3,4,2008,8220,8,4,2,2,7843,10,4,18,7,25.54
2,11,3,2008,10350,8,4,1,2,7846,12,4,21,1,70.14
2,3,3,2008,9991,8,4,6,12,8061,7,4,10,7,18.562913
6,3,4,2008,8254,8,4,2,2,7943,10,4,18,7,19.764
6,3,4,2008,8278,8,4,2,2,7930,10,4,18,10,21.152
6,3,4,2008,8208,8,4,2,2,7873,10,4,18,7,15.181755
2,3,3,2008,10207,8,4,7,14,8027,12,4,1,7,34.071266
3,29,5,2008,10027,8,4,3,3,9126,10,4,18,1,41.136
2,3,3,2008,10205,8,3,7,14,8852,12,4,21,7,47.458
6,3,4,2008,8186,8,4,2,2,7831,10,4,18,7,14.376
7,19,4,2008,8707,8,3,3.548077,5,8022,2,7,1,1,20.288
6,3,4,2008,8156,8,4,2,2,7785,10,4,18,7,15.656
6,3,4,2008,8177,8,4,2,2,7809,10,4,18,7,15.931794
7,19,4,2008,8715,8,2,3.548077,7,8274,2,7,12,1,49.432
6,3,4,2008,8179,8,4,2,2,7788,10,4,18,7,13.434927
6,28,4,2008,8554,6,4,4,8,6803,12,4,21,7,69.093923
5,14,2,2008,10511,2,2,1,2,6556,7,4,10,1,45.376
3,4,3,2008,10220,8,6,3,5,9990,1,2,1,7,32.796
2,3,3,2008,9898,8,4,6,12,8012,12,4,21,7,12.869
7,19,4,2008,8725,8,4,3.548077,7,8296,2,7,12,1,16.450079
6,28,4,2008,10657,8,6,5,12,8636,12,4,21,7,13.824
2,3,3,2008,10402,8,4,7,14,8065,12,4,1,7,35.408018
3,28,3,2008,10513,8,3,6,12,8395,12,4,21,7,53.684
6,28,4,2008,8564,6,4,4,8,6777,12,4,21,7,33.728
7,19,4,2008,8700,8,4,3.548077,7,8124,2,7,12,1,20.176
6,28,4,2008,8515,6,4,4,8,6727,12,4,21,7,17.184
7,19,4,2008,8695,8,4,3.548077,7,8242,2,7,12,1,20.872
2,28,3,2008,10554,8,3,9,18,8866,12,4,21,7,61.028
2,3,3,2008,10282,8,4,6,12,8008,12,4,21,7,46.732
2,3,3,2008,10380,8,4,6,12,8020,12,4,21,7,15.083814
5,28,2,2008,10430,8,4,6,12,6423,12,4,21,7,27.776
4,28,3,2008,9418,8,3,6,12,8040,12,4,21,7,35.70502
4,14,3,2008,10947,2,4,1,2,8068,7,4,1,1,29.731
3,28,3,2008,10500,8,4,7,14,7695,12,4,21,7,42.522248
5,23,2,2008,9500,8,3,3.548077,1,7450,1,1,1,1,68.408058
2,3,3,2008,10320,8,4,7,14,7910,12,4,21,7,28.252
6,28,4,2008,8526,6,2,4,8,6731,12,4,21,7,46.016
3,11,5,2008,10505,8,4,1,2,7741,12,4,1,1,83.504
7,19,4,2008,8693,8,4,7,7,8216,2,7,12,1,20.18
5,28,2,2008,9976,8,3,11,22,7267,12,4,21,7,17.38
2,13,3,2008,10291,8,4,1,2,7900,4,4,21,1,42.052
4,3,2,2008,9882,8,4,7,14,7082,12,4,21,7,11.188
2,3,3,2008,10104,8,4,6,12,7998,12,4,21,7,40.388
4,3,2,2008,9876,8,4,7,14,6990,12,4,1,7,25.425123
2,3,3,2008,10300,8,4,6,12,7847,12,4,21,7,29.636
2,3,3,2008,10092,8,4,7,14,8016,12,4,21,7,56.996
4,3,2,2008,9886,8,4,7,14,6997,12,4,1,7,16.768
3,28,5,2008,10624,8,4,10,20,7412,12,4,21,7,49.468
5,28,2,2008,10568,8,4,7,14,6463,12,4,21,7,19.249183
5,28,2,2008,10404,2,6,4,9,8442,12,4,21,7,62.135881
2,13,3,2008,10143,8,4,1,2,7988,4,4,21,1,33.510679
3,3,5,2008,10403,8,4,3,3,9177,10,4,18,7,28.505894
3,3,5,2008,10081,8,2,3,3,9174,10,4,18,7,36.451969
7,5,2,2008,10200,2,6,5,10,9742,12,4,21,7,28.724
3,4,3,2008,10265,8,4,5,10,9376,1,4,1,7,28.04
2,3,3,2008,10108,8,3,5,10,8546,12,4,21,7,45.416
3,4,3,2008,10055,8,4,8,16,9596,1,4,1,7,16.964
4,28,3,2008,9082,8,2,3,6,7133,12,4,21,7,16.264
4,28,3,2008,9086,8,4,5,10,7135,12,4,21,7,42.724
3,28,5,2008,10658,8,4,8,16,7368,12,4,21,7,34.365502
2,3,3,2008,10005,8,2,5,10,8021,12,4,21,7,37.72998
2,3,3,2008,10096,8,4,6,12,8025,12,4,21,7,32.66
4,3,3,2008,9905,8,4,7,14,7016,12,4,1,7,7.68
2,4,3,2008,10187,8,2,8,16,9675,1,4,1,1,45.716
4,28,3,2009,9650,8,4,6,12,7296,12,4,21,7,27.901
6,3,4,2009,8270,8,4,2,2,7553,10,4,18,1,23.846
7,3,4,2009,8500,8,4,2,2,7297,10,4,18,1,20.560596
7,3,4,2009,8527,8,4,2,2,7595,10,4,18,1,23.773088
6,3,4,2009,10270,7,6,2,2,9410,10,4,1,1,36.584
5,28,2,2009,9996,8,6,6,12,8006,12,4,21,7,55.764
3,29,5,2009,10000,8,4,1,1,9892,10,4,18,7,51.286913
3,3,5,2009,10316,8,4,3,3,9209,10,4,18,7,37.076022
6,3,4,2009,8157,8,4,2,2,7482,4,4,18,1,33.416
4,21,3,2009,10672,8,4,1,2,7394,10,4,1,1,66.556
2,13,3,2009,10089,8,4,1,3,7870,4,4,21,1,22.104
5,28,2,2009,10488,7,4,5,13,6473,12,4,21,7,16.288
5,28,2,2009,10108,8,4,6,12,6522,12,4,21,7,30.744
5,28,2,2009,10091,8,4,6,12,6559,12,4,21,7,55.758
5,14,3,2009,10480,2,4,1,2,6939,12,4,21,1,71.876
4,14,3,2009,10990,2,3,1,3,8136,12,4,21,1,76.109236
4,28,3,2009,8880,8,4,4,8,7028,12,4,21,7,28.488
4,28,3,2009,8887,6,4,4,8,6994,12,4,21,7,36.652
2,3,3,2009,10388,8,4,7,14,8018,12,4,21,7,29.752
6,3,4,2009,8177,6,4,2,2,7455,10,4,18,7,17.038175
6,3,4,2009,8153,8,4,2,2,7438,10,4,18,7,40.768
2,3,3,2009,10504,8,2,5,10,7803,12,4,21,7,30.86
7,14,4,2009,8515,8,4,1,2,6094,7,4,10,1,63.157888
4,28,3,2009,9188,6,4,4,8,7397,12,4,21,7,14.988
5,28,2,2009,10034,8,3,6,12,7609,12,4,21,7,71.54
2,3,3,2009,10090,8,4,6,12,7854,12,4,21,7,11.38
4,28,3,2009,8915,6,2,4,8,7076,12,4,21,7,24.6
2,3,3,2009,10083,8,4,6,12,7975,12,4,21,7,12.528
3,11,5,2009,10410,8,4,1,2,7764,12,4,21,1,53.768
5,28,2,2009,10017,8,6,8,16,7684,12,4,21,7,55.332
2,3,3,2009,10105,8,4,4,8,7978,12,4,21,7,35.288
4,28,3,2009,9670,8,3,6,12,8059,12,4,21,7,79.566692
2,3,3,2009,10485,8,4,5,10,7886,12,4,21,7,55.82033
3,11,5,2009,10539,8,4,1,2,7751,12,4,21,1,67.692
4,28,3,2009,8897,8,4,4,8,7053,12,4,21,7,20.196
6,28,3,2009,8872,8,4,3,6,7057,12,4,21,7,27.54
5,28,2,2009,10161,8,4,6,12,6555,12,4,21,7,39.945391
5,28,2,2009,10006,8,4,7,14,6429,12,4,21,7,18.724
4,14,3,2009,11030,2,3,1,2,8110,12,4,21,1,48.398862
7,19,4,2009,8197,8,4,7,7,7950,1,1,12,1,13.256
5,28,2,2009,10030,8,6,6,12,7818,12,4,21,7,14.116661
5,28,2,2009,9582,8,3,6,12,7591,12,4,21,7,36.490854
7,19,4,2009,8275,8,4,3.548077,7,7940,2,7,12,1,16.496
7,19,4,2009,8225,8,4,6,6,7864,2,7,12,1,18.776
7,19,4,2009,8195,8,4,6,6,7838,2,7,12,1,21.412
7,19,4,2009,8121,8,4,3.548077,1,5826,1,1,1,1,20.812
7,19,4,2009,8296,8,4,3.548077,2,7832,2,7,12,1,22.484
7,19,4,2009,8326,8,4,7,7,7856,2,7,1,1,20.272
2,13,3,2009,10150,8,4,1,3,8030,4,4,10,1,57.436
6,3,4,2009,8282,6,4,2,2,6595,9,4,18,1,46.251666
2,13,3,2009,10155,8,4,1,3,8005,12,4,1,1,43.372
3,11,5,2009,10312,8,6,1,1,9090,7,4,1,1,26.595811
7,19,4,2009,8250,8,4,7,7,7812,2,7,13,1,26.532
4,14,3,2009,10890,2,3,1,2,8099,12,4,1,1,49.598761
5,6,2,2009,10300,7,3,1,2,7388,7,4,10,7,34.697844
3,11,5,2009,10226,8,6,1,1,9200,7,4,1,1,46.908
3,11,5,2009,10416,8,6,1,1,9204,7,4,1,1,77.250849
3,11,5,2009,10670,8,4,1,2,7639,12,4,1,1,82.477064
5,6,2,2009,10262,2,3,1,2,7864,10,4,1,7,26.556
7,19,4,2009,8306,8,4,7,7,7796,2,7,13,1,39.328
2,4,3,2009,10150,8,4,4,4,9847,1,4,1,7,15.845457
5,14,2,2009,10560,2,4,1,3,6879,12,4,1,1,69.756
7,19,4,2009,8208,8,4,7,7,7822,2,7,12,1,23.48
2,28,3,2009,10500,8,3,7,15,8642,12,4,21,7,39.612
7,19,4,2009,8532,8,4,8,8,8156,2,7,12,1,44.296
7,28,4,2009,9098,8,4,8,16,5734,12,4,21,7,37.532
2,34,3,2009,10500,7,2,7,14,7858,4,1,1,1,60.824
7,19,4,2009,8504,8,4,3.548077,8,8170,2,7,12,1,33.488
7,9,4,2009,8817,8,4,1,1,6013,4,4,1,1,55.988
3,3,5,2009,10300,8,4,3,3,9138,9,4,18,1,76.856
3,3,5,2009,10324,8,2,3,3,9141,9,4,18,1,68.756
3,28,5,2010,10892,8,2,9,18,7648,12,4,21,7,48.844
7,19,4,2010,8564,8,3,1,1,7292,2,7,12,1,20.196
3,3,5,2010,10325,8,4,3,3,9149,9,4,18,1,71.092
7,19,4,2010,8374,8,4,8,8,7948,2,7,12,1,44.404
7,19,4,2010,8417,8,4,8,8,8030,2,7,12,1,36.188
7,19,4,2010,8392,8,4,3.548077,8,8008,2,7,12,1,45.952
1,1,1,2008.021932,9882.913456,1,1,3.548077,5.815056,8300.485172,1,1,1,1,46.098146
7,19,4,2010,8527,8,4,7,7,8160,2,7,12,1,23.716
3,3,5,2010,10345,8,2,3,3,9201,9,4,18,1,64.331606
7,19,4,2010,8545,8,4,3.548077,8,8156,2,7,12,1,38.752
7,19,4,2010,8572,8,4,8,8,8184,2,7,12,1,43.756
3,28,5,2010,10904,8,3,8,16,8250,12,4,21,7,60.556
3,28,5,2010,10880,8,4,9,18,7670,12,4,21,7,56.568
7,19,4,2010,8428,8,4,3.548077,7,8070,2,7,12,1,36.128
2,14,3,2010,10575,8,3,1,2,8358,12,4,21,1,48.46
7,19,4,2010,8532,8,4,8,8,8152,2,7,12,1,27.556
6,28,4,2010,8587,8,4,4,8,6865,12,4,21,7,38.91903
3,28,5,2010,10910,8,4,9,18,7626,12,4,21,7,75.438244
7,19,4,2010,8518,8,4,8,8,8096,2,7,12,1,30.128
3,18,5,2010,10900,8,2,9,18,10510,12,4,1,1,81.380808
3,18,5,2010,10885,7,4,10,20,10642,12,4,21,1,68.288
6,28,4,2010,8589,6,4,4,8,6850,12,4,21,7,52.884014
6,28,4,2010,8598,8,4,4,8,6896,12,4,21,7,43.201165
3,18,5,2010,10840,8,2,8,16,10349,12,4,6,1,73.564
7,19,4,2010,8475,8,4,7,7,8060,2,7,12,1,59.376
3,4,3,2010,10070,8,4,6,11,9760,12,4,21,7,13.399598
6,31,4,2010,8298,8,4,3,3,7970,12,4,21,7,31.208475
7,28,4,2010,8593,8,4,7,14,5770,12,4,21,7,23.88
3,11,5,2010,10790,8,4,1,2,7830,1,4,1,1,51.888
7,19,4,2010,8510,8,4,3.548077,1,5836,2,7,12,1,44.716
7,19,4,2010,8462,8,3,3.548077,1,6414,2,7,12,1,71.048
3,11,5,2010,10563,8,4,1,2,7960,1,4,1,1,71.148
2,13,3,2010,10152,8,4,1,3,7944,4,4,10,1,62.456
3,4,5,2010,10300,8,4,1,2,7850,4,4,1,7,41.364
5,6,2,2010,10850,9,6,1,2,9752,1,4,1,3,73.936
7,19,4,2010,8510,8,4,8,8,8098,2,7,12,1,30.7
2,13,3,2010,10170,8,4,1,2,8026,4,4,1,1,43.112
6,2,4,2010,8121,8,4,1,2,6231,7,4,21,7,20.104
3,26,5,2010,10972,7,3,1,2,8288,12,4,1,1,69.34
3,4,3,2010,10175,8,4,6,12,9740,12,4,21,7,11.7
7,19,4,2010,8720,8,4,8,8,8278,2,7,12,1,23.924
6,2,4,2010,8111,8,4,1,2,6246,7,4,21,1,26.276
7,14,4,2010,8510,8,4,1,2,6156,12,4,1,1,36.019646
7,19,4,2010,8737,8,4,8,8,8270,2,7,12,1,23.696
7,19,4,2010,8547,8,4,3.548077,1,5844,2,7,12,1,39.816
2,13,3,2010,10164,8,4,1,3,7974,12,4,1,1,50.06
5,4,3,2010,10506,7,2,1,2,6972,12,4,21,7,25.856
7,19,4,2010,8432,8,4,8,8,8006,2,7,12,1,21.52
7,19,4,2010,8775,8,3,7,7,8338,2,7,12,1,27.572
6,28,4,2010,10675,7,4,10,20,6810,12,4,21,7,67.295196
3,3,5,2010,10837,7,4,3,3,8999,9,4,1,1,57.16
6,28,4,2010,8660,6,4,4,8,6881,12,4,21,7,42.767914
6,28,4,2010,8656,8,4,4,8,6932,12,4,21,7,51.744107
3,11,5,2010,10550,8,4,1,1,8365,7,4,1,1,71.56
7,19,4,2010,8770,8,4,8,8,8314,2,7,12,1,32.252
6,28,4,2010,8630,8,4,4,8,6866,12,4,21,7,26.236
7,19,4,2010,8737,8,4,7,7,8336,2,7,12,1,28.812
7,19,4,2010,8780,8,4,8,8,8318,2,7,12,1,45.84
2,13,3,2010,10162,8,4,1,2,7828,4,4,1,1,31.588
7,19,4,2010,8695,8,3,7,7,8294,2,7,12,1,49.684
7,19,4,2010,8355,8,4,8,8,7934,2,7,12,1,37.14
3,3,5,2010,10790,2,4,3,3,9154,9,4,1,1,53.86
3,11,5,2010,10508,8,4,1,2,8350,4,1,1,1,62.008
7,19,4,2010,8547,8,4,8,8,8114,2,7,12,1,39.416
3,28,3,2010,10565,8,4,10,20,7472,12,4,21,7,42.016
3,28,3,2010,10895,8,3,9,18,8080,12,4,21,7,39.588
2,13,3,2010,10194,8,4,1,2,7912,4,4,1,1,41.076
7,19,4,2010,8248,8,4,7,7,7862,2,7,12,1,48.448
6,28,4,2010,8665,6,4,4,8,6898,12,4,21,7,19.544
6,28,4,2010,8580,6,4,4,8,6842,12,4,21,7,38.064
7,19,4,2010,8520,8,4,8,8,8112,2,7,12,1,38.759371
7,19,4,2010,8293,8,4,7,7,7894,2,7,12,1,20.028
6,28,4,2010,8700,6,4,4,8,6846,12,4,21,7,14.336
3,3,5,2010,10839,7,4,3,3,9152,7,4,1,1,90.412
4,28,3,2010,10575,8,4,7,14,7888,12,1,1,1,45.956
5,28,2,2010,10095,8,4,8,16,6662,12,4,21,7,25.224
4,30,3,2010,10600,2,3,3,5,10154,7,2,1,2,63.750341
7,19,4,2010,8549,8,4,8,8,8174,2,7,12,1,28.78
7,19,4,2010,8680,8,4,8,8,8262,2,7,12,1,43.016
5,7,3,2010,10500,7,3,1,2,7560,7,4,1,1,33.272
7,19,4,2010,8515,8,4,8,8,8124,2,7,12,1,21.844
6,28,4,2010,10705,7,4,10,20,6827,12,4,21,7,41.483747
6,28,4,2010,10710,7,4,10,20,6796,12,4,21,7,49.108
7,15,2,2010,9905,2,3,1,1,7042,10,4,10,1,19.788
2,4,3,2010,10200,8,4,6,12,9940,12,4,21,7,39.1
2,14,3,2010,10576,8,3,1,2,8319,7,4,10,1,42.657278
2,4,3,2010,10245,8,4,6,12,9950,12,4,21,7,31.08
3,26,5,2010,11000,7,4,1,2,7708,7,4,1,1,118.884
3,4,5,2010,10140,8,4,6,12,9916,12,4,21,7,35.896
3,11,5,2010,10618,8,4,1,2,8330,1,4,1,1,33.11299
7,19,4,2010,8260,8,4,7,7,7814,2,7,12,1,41.536
7,14,4,2010,8524,8,4,1,2,6102,12,4,1,1,42.036
7,19,4,2010,8545,8,4,8,8,8114,2,7,12,1,77.724
2,13,3,2010,10174,8,4,1,2,7872,10,4,10,1,35.488
7,14,4,2010,8480,8,4,1,2,6182,7,4,10,1,26.412
7,14,4,2010,8480,8,4,1,2,6124,7,4,10,1,30.318612
3,26,5,2010,11000,7,3,9,17,10950,12,4,21,1,163.868
3,4,3,2010,10180,8,4,6,12,9780,12,4,21,7,16.628
7,14,4,2010,10115,2,3,1,2,6474,7,4,1,1,60.988
3,11,5,2010,10630,8,4,1,2,7900,1,4,1,1,34.192
5,15,2,2010,10901,5,2,10,20,10650,7,4,10,7,41.77
7,19,4,2010,8648,8,2,8,8,8270,2,7,12,1,31.16
3,14,5,2010,12700,5,6,1,2,9182,7,4,10,12,21.748
7,19,4,2010,8337,8,4,8,8,7950,2,7,12,1,16.411334
4,28,3,2010,10635,7,3,7,14,8095,12,4,21,7,45.164
7,19,4,2010,8585,8,4,8,8,8164,2,7,12,1,90.868
3,3,5,2010,10786,7,4,3,3,8992,4,4,18,1,22.884
5,28,2,2010,10100,8,4,7,14,6480,12,4,21,7,63.824
4,28,3,2010,10652,8,3,6,12,8320,12,4,21,7,78.22
7,14,4,2010,9710,8,4,1,2,6161,7,4,10,1,46.948327
7,14,4,2010,8525,8,2,1,2,5502,4,4,10,1,17.524
7,14,4,2010,9915,8,4,1,2,6077,4,4,10,1,66.52
3,28,5,2010,10735,8,3,9,18,8246,12,4,21,7,97.788
5,15,2,2010,10771,5,2,7,13,10500,2,7,12,1,47.484
7,19,4,2010,8318,8,4,7,7,7867,2,7,12,1,23.408
3,11,5,2010,10600,8,4,1,2,7830,1,4,1,1,96.684
7,14,4,2010,10100,2,3,1,2,6788,7,4,10,1,40.828
7,19,4,2010,8478,8,4,8,8,8030,2,7,12,1,29.072
3,4,5,2010,10110,8,4,6,12,9828,12,4,21,7,5.68
3,4,3,2010,10240,8,4,6,12,9836,12,4,21,7,32.612
7,19,4,2010,8675,8,4,8,8,8316,2,7,12,1,47.356
7,14,4,2010,10100,2,4,1,2,5971,7,4,10,1,98.172
4,28,3,2010,10596,8,3,6,12,8034,12,4,21,7,46.992
7,19,4,2010,8586,8,4,8,8,8188,2,7,12,1,33.034
7,19,4,2010,8651,8,4,8,8,8200,2,7,12,1,12.893418
7,15,2,2010,9990,7,2,1,1,6046,10,4,10,1,61.804348
7,19,4,2010,8710,8,4,8,8,8304,2,7,12,1,46.318725
5,15,2,2010,10856,5,2,8,16,10060,2,7,12,1,36.072
7,19,4,2010,8403,8,4,8,8,7962,2,7,12,1,14.672
7,14,4,2010,10130,2,4,1,2,5926,7,4,10,1,39.044
3,11,5,2010,10595,8,4,1,1,8255,4,4,1,1,46.432
7,19,4,2010,8605,8,4,8,8,8190,2,7,12,1,15.34
7,19,4,2010,8635,8,4,8,8,8186,2,7,12,1,20.868
7,19,4,2010,8495,8,4,8,8,8094,2,7,12,1,33.96
7,19,4,2010,8275,8,4,7,7,7842,2,7,12,1,137.964
7,19,4,2010,8600,8,4,8,8,8224,2,7,12,1,58.608
5,28,2,2010,10235,8,4,8,16,6750,12,4,21,2,49.828
3,6,5,2010,11327,2,3,9,9,10744,4,4,1,1,37.424
7,19,4,2010,8660,8,4,8,8,8227,2,7,12,1,45.516
7,19,4,2010,8745,8,4,8,8,8344,2,7,12,1,44.784
7,19,4,2010,8612,8,4,8,8,8200,2,7,12,1,13.324
7,19,4,2010,8760,8,4,8,8,8396,2,7,12,1,11.228
7,14,2,2010,10230,7,6,1,2,7857,7,4,10,1,28.372
2,11,3,2010,11028,2,4,1,1,7980,7,4,1,1,72.924
3,17,5,2010,10565,8,4,1,1,7831,4,4,1,1,50.188
3,4,3,2010,10190,8,4,5,10,9870,12,4,21,7,25.18
3,17,5,2010,10575,8,4,1,1,7805,4,4,1,1,58.968
7,19,4,2010,8670,8,4,8,8,8210,2,7,12,1,30.188
7,14,4,2010,10100,2,4,1,2,5915,7,4,10,1,38.652
7,19,4,2010,8468,8,4,8,8,7999,2,7,12,1,76.612
3,28,5,2010,10921,7,4,11,22,7780,5,4,21,7,60.408
5,28,2,2010,10752,8,4,8,16,6967,12,4,21,2,37.350493
3,4,3,2010,10415,8,4,6,12,9940,12,4,21,7,10.352
3,28,5,2010,10745,8,4,10,20,7626,12,4,21,2,94.936
3,28,5,2010,10801,7,4,10,20,7618,12,4,21,2,64.64
3,11,3,2010,10750,2,6,1,1,9052,2,4,1,1,45.344
3,28,5,2010,10772,2,4,7,14,7612,12,4,21,2,17.686
3,28,5,2010,10919,8,4,9,18,7773,12,4,21,7,56.768
7,19,4,2010,8776,8,4,7,7,8330,2,7,12,1,26.68
7,19,4,2010,8780,8,4,7,7,8362,2,7,12,1,34.624
2,13,3,2010,10130,8,4,1,2,8034,10,4,1,1,28.757878
3,3,5,2010,10829,7,2,4,4,10081,7,4,1,1,13.406
7,19,4,2010,8434,8,4,7,7,8012,2,7,12,1,53.604
7,20,2,2010,10025,2,6,5,10,9709,10,4,1,1,90.188
3,11,5,2010,10590,8,2,1,2,7430,1,4,1,1,93.748
5,5,2,2010,10579,2,3,5,13,10024,1,4,1,1,32.963707
2,21,3,2010,10618,8,4,4,8,9844,10,4,10,1,162.696
7,19,4,2010,8247,8,4,7,7,7866,2,7,12,1,30.632
3,26,5,2010,11015,2,6,1,1,9262,7,4,1,1,44.958421
4,28,3,2010,10580,8,3,7,14,8030,12,4,21,2,72.46
3,4,3,2010,10420,8,4,5,10,9890,12,4,21,7,5.434086
2,11,3,2010,11100,2,4,1,2,7972,1,4,1,1,72.36
3,3,5,2010,10800,8,4,3,3,9176,7,1,1,1,66.76
3,28,5,2010,10872,2,4,4,8,10564,7,4,10,10,89.88
5,5,2,2010,10415,2,6,6,12,9934,1,4,1,1,13.372
3,23,5,2010,10312,8,3,1,1,8220,10,4,1,1,43.112
2,13,3,2010,10124,8,4,1,2,8007,10,4,10,1,40.952
3,11,5,2010,10745,2,6,1,2,9164,1,4,1,1,39.636
2,11,3,2010,11300,2,4,1,1,8000,7,4,1,1,55.472
2,4,3,2010,10423,8,4,6,12,9860,12,4,21,7,27.424
7,19,4,2010,8500,8,4,8,8,8077,2,7,12,1,31.888
7,19,4,2010,8770,8,4,7,7,8350,2,7,12,1,19.884
2,11,3,2010,11110,2,3,1,2,8508,1,4,1,1,64.762
1,1,1,2008.021932,9882.913456,1,1,3.548077,5.815056,8300.485172,1,1,1,1,46.098146
5,6,3,2010,10555,7,4,1,2,6954,12,4,21,1,57.41173
7,19,4,2010,8528,8,4,8,8,8172,2,7,12,1,30.508
7,19,4,2010,8725,8,4,7,7,8310,2,7,12,1,19.036
7,19,4,2010,8532,8,4,8,8,8123,2,7,12,1,32.952
2,4,3,2010,10475,8,4,6,12,10162,12,4,21,7,24.024
3,28,5,2010,10950,7,2,5,5,9882,7,4,10,10,96.344
7,19,4,2010,8700,8,4,7,7,8336,2,7,12,1,24.244
2,11,3,2010,11280,2,4,1,2,8152,1,4,1,1,82.656
2,6,3,2010,11250,2,3,10,10,11008,12,4,21,7,8.092
7,20,2,2010,10080,2,6,6,12,9746,9,4,18,1,98.231867
3,11,3,2010,10538,2,6,1,2,9010,1,4,1,1,64.6
4,28,3,2010,10610,8,3,3,6,9015,7,4,10,1,44.276
7,19,4,2010,8487,8,4,8,8,8120,2,7,12,1,24.12
3,3,5,2010,10825,7,2,7,7,10450,12,4,21,7,11.04
3,3,5,2010,10830,2,4,4,4,10456,7,4,1,1,58.5
2,21,3,2010,10499,7,4,1,1,8182,10,4,10,1,98.26
3,3,5,2010,10898,2,2,5,5,10462,12,4,21,1,56.358
3,11,5,2010,11540,2,4,1,2,7805,1,4,1,1,106.66
2,11,3,2011,11035,2,4,1,2,7985,1,4,1,1,76.504
7,19,4,2011,8530,8,4,7,7,8134,2,7,12,1,27.724
3,28,5,2011,10933,8,4,3,6,9363,7,4,10,7,59.936
7,19,4,2011,8530,8,4,8,8,8116,2,7,12,1,28.208
5,14,2,2011,10510,2,4,1,2,6602,4,4,10,1,53.388
3,14,5,2011,12684,5,6,1,2,9191,7,4,10,1,53.870312
2,21,3,2011,10784,2,4,1,1,8130,12,4,21,7,45.344
7,19,4,2011,8585,8,4,7,7,8179,2,7,12,1,30.608
7,19,4,2011,8764,8,4,7,7,8384,2,7,12,1,30.764
7,14,2,2011,10540,4,3,1,2,6906,7,4,10,1,58.952
7,19,4,2011,8500,8,4,8,8,8056,2,7,12,1,27.749338
3,11,5,2011,10500,8,4,1,1,7770,4,4,1,1,100.196
5,6,2,2011,10992,4,6,1,2,8350,12,5,21,1,75.576
3,11,5,2011,10610,8,4,1,1,7851,4,4,1,1,43.176
7,19,4,2011,8431,8,4,7,7,8006,2,7,12,1,54.116
3,11,5,2011,10715,8,2,1,1,7345,4,4,1,1,70.732
7,19,4,2011,8650,8,4,7,7,8294,2,7,12,1,27.824
7,5,2,2011,9993,2,6,7,14,9737,1,4,1,1,19.484
2,33,3,2011,10609,8,4,1,2,7872,7,4,1,1,124.768
2,11,3,2011,11105,2,4,1,2,7980,1,4,1,1,195.747454
3,28,5,2011,10864,2,4,4,8,9162,7,4,10,1,77.416
5,12,2,2011,10438,2,3,1,1,6910,4,4,1,1,84.72
3,11,5,2011,10665,8,4,1,1,7655,4,4,1,1,128.143551
3,11,5,2011,11304,2,4,1,1,7965,4,4,1,1,86.264
7,19,4,2011,8410,8,4,8,8,8016,2,7,12,1,14.80279
7,19,4,2011,8660,8,4,7,7,8303,2,7,12,1,27.02
7,19,4,2011,8563,8,4,7,7,7886,2,7,12,1,26.76028
7,3,4,2011,9795,8,2,5,5,9306,7,4,1,7,45.544
7,19,4,2011,8560,8,4,8,8,8162,2,7,12,1,27.532
3,11,5,2011,10605,8,4,1,1,7920,4,4,1,1,54.86
3,3,5,2011,10872,8,4,4,4,10421,12,4,21,7,85.712
3,28,5,2011,10865,2,4,3,6,9120,7,4,10,1,83.406846
5,5,2,2011,10295,2,3,8,16,9951,1,4,1,1,15.792
3,35,5,2011,10907,2,6,1,2,8914,4,4,18,1,68.208
2,21,3,2011,10800,2,3,1,1,8420,12,4,21,7,165.852
3,6,3,2011,11850,2,6,10,11,11686,2,7,12,1,8.03
2,11,3,2011,11085,2,4,1,1,7955,7,4,1,1,60.876
7,14,2,2011,10622,5,4,1,2,6211,7,4,10,1,36.92
2,11,3,2011,11140,2,4,1,1,10688,2,7,1,1,60.616
3,28,5,2011,10884,2,4,3,6,9120,7,4,10,7,60.44
5,30,3,2011,10863,2,3,1,2,7550,12,4,21,7,79.352
5,6,2,2011,10523,7,6,2,4,10182,4,4,1,7,35.212
3,11,5,2011,10620,8,4,1,1,7835,4,4,1,1,59.18
5,28,2,2011,10040,8,2,4,8,9689,12,4,21,1,21.28
3,28,5,2011,10892,2,4,3,6,9154,7,4,10,1,90.052
7,19,4,2011,8550,8,4,8,8,8148,2,7,1,1,44.708
7,5,2,2011,10200,2,3,8,16,9714,1,4,1,1,26.888
3,11,5,2011,10707,8,4,1,1,7815,4,4,1,1,62.112
3,18,5,2011,10885,8,3,5,10,10307,12,4,21,10,47.492
3,18,5,2011,10763,8,4,8,16,10444,12,4,21,7,40.5
5,3,2,2011,10863,9,6,7,7,10016,12,4,21,1,35.412
3,24,3,2011,10873,8,4,1,2,7820,12,4,21,1,64.704
4,28,3,2011,10590,7,3,4,8,8899,7,4,10,1,112.904
5,28,2,2011,10191,7,4,3,6,8346,7,4,10,1,182.758
3,28,5,2011,10859,2,4,3,6,9154,7,4,10,1,45.976
3,28,5,2011,10896,8,4,3,6,9200,7,4,10,1,69.892
3,11,5,2011,10665,8,4,1,1,7770,4,4,1,1,29.913373
3,11,5,2011,10584,8,4,1,1,7970,4,4,1,1,60.584
7,19,4,2011,8465,8,4,8,8,8044,2,7,12,1,66.024
5,28,2,2011,10306,8,4,3,6,8380,12,4,21,1,23.642
2,6,3,2011,11175,2,3,10,10,10910,12,4,21,7,23.3
2,6,3,2011,11195,2,3,10,10,11010,12,4,21,7,9.188
3,18,5,2011,10960,8,4,8,16,10455,12,3,21,7,51.002159
5,3,2,2011,11000,5,4,7,7,10809,7,4,1,1,82.726796
3,4,5,2011,10439,8,4,7,7,9905,4,4,1,1,54.916
3,11,5,2011,11244,2,4,1,1,7945,4,4,1,1,131.443714
5,3,2,2011,10985,5,2,7,7,10839,7,4,1,1,94.124442
2,11,3,2011,11094,2,2,1,1,7470,7,4,1,1,76.292
2,15,3,2011,10675,8,3,1,1,8940,4,4,1,1,57.64
5,15,2,2011,10800,2,4,1,2,6508,2,7,12,1,56.668
3,11,5,2011,11305,2,6,1,1,9280,7,4,1,1,77.244
5,3,2,2011,10848,5,6,5,6,10764,7,4,4,1,53.116
5,15,2,2011,10885,5,2,1,2,6479,2,7,12,1,95.636
7,19,4,2011,8281,8,4,7,7,7900,1,1,1,1,24.276
3,11,5,2011,10728,8,4,1,1,7890,4,4,1,1,99.744
4,28,3,2011,10745,7,3,4,8,9710,7,4,10,10,87.176
4,28,3,2011,10642,7,2,2,4,8764,12,4,21,1,68.996
4,28,3,2011,10626,7,4,3,6,8820,7,4,10,1,60.336
5,28,2,2011,10401,7,4,3,6,8225,12,4,21,11,23.042
3,6,3,2011,11761,2,3,11,11,11180,12,3,21,7,1.372
5,28,2,2011,9903,7,2,2,4,7496,12,4,21,1,4.196
7,20,2,2011,10373,4,6,5,9,9816,9,4,18,1,152.468
4,28,3,2011,10860,7,3,2,4,9228,7,4,10,10,116.928
5,28,2,2011,10405,8,2,3,6,8664,12,4,21,1,36.568
2,11,3,2011,11270,2,2,1,1,7450,7,4,1,1,153.076
3,17,5,2011,10554,8,4,1,1,7769,4,4,1,1,106.628
2,28,3,2011,10354,8,2,3,6,9366,7,4,1,1,70.588
5,26,2,2011,10500,2,3,1,1,6990,4,4,1,1,25.468
2,11,3,2011,11470,2,4,1,1,8160,7,4,1,1,59.288132
5,14,2,2011,10654,2,4,1,2,7445,7,4,10,1,46.584
5,28,2,2011,10330,7,2,4,8,10126,12,4,21,1,64.232
3,14,3,2011,10725,8,3,1,2,8724,4,4,1,1,51.612
3,3,5,2011,10835,7,4,7,8,7637,2,7,12,1,75.196
5,26,2,2011,10398,2,3,1,1,7288,4,4,1,1,17.936
7,19,4,2011,8315,8,4,7,7,7860,2,7,12,1,56.028
3,17,5,2011,10725,8,4,1,1,7795,4,4,1,1,113.072
2,14,3,2011,10724,8,3,1,2,8791,4,4,10,1,23.404
7,19,2,2011,10144,2,4,12,12,9884,2,7,12,1,88.328611
7,14,2,2011,10680,5,3,1,2,7080,4,4,1,1,10.636
3,11,5,2011,11394,2,4,1,1,7940,4,4,1,1,48.74
4,28,3,2011,10754,7,3,3,6,9289,7,4,10,10,93.952
5,6,3,2011,10633,7,6,4,4,10213,10,4,10,1,14.964
5,28,2,2011,10125,8,2,3,6,8317,7,4,10,10,25.364
5,23,3,2011,10330,7,6,1,2,8313,9,4,18,1,36.408
5,5,2,2011,10370,2,3,8,16,9892,1,4,1,1,23.312
3,6,3,2011,11732,2,6,13,13,11282,12,4,1,7,0.7
5,14,2,2011,10622,2,3,1,2,7588,7,4,10,1,74.564
5,7,2,2011,10798,4,3,1,1,7380,4,4,1,1,59.932
3,35,5,2011,11103,2,3,1,2,8748,4,4,18,1,18.912
3,28,5,2011,10778,2,4,3,6,9234,7,4,1,1,55.86
4,28,3,2011,10905,7,3,4,8,10664,7,4,8,10,76.814943
3,3,5,2011,10905,8,2,8,9,7563,2,7,12,1,56.68
4,28,3,2011,10448,8,4,3,6,8944,7,4,10,7,60.828
3,26,5,2011,11093,2,4,1,1,7992,4,4,1,1,43.216
3,28,5,2011,10900,2,4,4,8,10468,7,4,10,10,66.252
7,15,2,2011,10705,3,3,7,15,10590,2,7,12,1,21.2
3,28,5,2011,10725,8,4,4,8,9746,7,4,10,10,53.336
7,15,2,2011,10559,5,3,6,12,10158,4,4,18,7,16.16
5,12,2,2011,10539,4,3,1,1,7510,4,4,1,1,124.084
5,15,2,2011,10689,2,3,7,14,10014,4,4,4,7,30.76
5,28,2,2011,10198,7,4,4,5,6507,2,7,12,1,129.92063
3,6,3,2011,11700,2,6,12,13,11264,2,7,2,1,1.072
3,28,5,2011,10884,2,4,3,6,9174,7,4,1,1,65.652
7,15,2,2011,10092,7,3,5,10,9374,4,4,4,7,23.62
2,11,3,2011,11208,2,4,1,1,8010,7,4,1,1,62.216
7,19,2,2011,10200,4,4,12,12,9804,2,7,12,1,423.792
5,7,2,2011,10870,4,3,1,1,7300,4,4,1,1,35.636
3,26,5,2011,11225,2,3,1,1,7960,4,4,1,1,57.864
3,18,5,2011,10896,8,4,8,16,10310,12,3,21,7,63.59055
5,7,2,2011,10827,9,3,1,1,7324,4,4,1,1,35.588
4,28,3,2011,10795,7,4,3,3,10639,7,4,1,1,41.696
4,28,3,2011,10697,8,3,3,6,9184,7,4,21,1,51.432
2,11,3,2011,11094,2,4,1,1,7970,7,4,1,1,95.96
2,15,3,2011,10644,8,3,1,1,8806,4,4,1,1,34.168
5,28,2,2011,10340,7,4,4,8,10200,7,4,1,1,39.84
7,19,4,2011,8314,8,4,7,7,7832,2,7,12,1,35.9
3,28,5,2011,10779,2,4,7,14,10464,12,4,5,10,52.436
3,18,5,2011,10770,8,4,8,16,10195,12,4,21,7,80.232
7,19,4,2011,10370,5,4,12,12,9996,2,7,12,1,33.012
3,6,3,2011,11892,2,3,11,11,11354,12,4,1,7,7.548
4,28,3,2011,10875,7,3,3,6,9236,7,4,10,1,94.484
4,28,3,2011,10843,7,3,4,8,10571,12,4,21,10,48.756
3,28,5,2011,10752,2,4,3,6,9136,12,4,10,1,61.92
5,15,2,2011,10710,2,3,7,14,10030,4,4,4,7,30.044
3,11,5,2011,10750,2,6,1,1,9150,7,4,1,1,26.364
2,11,3,2011,11042,2,4,1,1,7985,7,4,1,1,51.354
3,11,5,2011,11011,2,6,1,1,9150,7,4,1,1,63.756
5,3,2,2011,10880,9,6,7,7,10139,12,4,1,1,49.16
3,28,5,2011,10850,2,2,4,8,9094,7,4,10,1,52.52
3,28,5,2011,10882,2,4,3,6,9122,12,4,10,1,80.628
7,5,2,2011,9980,2,3,8,16,9607,1,4,1,1,9.968
3,11,5,2011,10685,8,4,1,1,7860,4,4,1,1,80.024
5,12,2,2011,10505,4,6,1,1,7978,4,4,1,1,95.452
3,3,5,2011,10931,7,2,8,9,7371,2,7,12,1,76.244
5,15,2,2011,10908,5,4,8,16,10510,4,4,4,7,30.524
5,15,2,2011,10896,2,4,7,14,10046,4,4,4,7,27.412
5,15,2,2011,10710,2,4,7,14,10051,4,4,4,7,31.096
2,11,3,2011,11105,2,4,1,1,7975,7,4,1,1,123.642793
4,28,3,2011,10709,8,3,3,6,9204,12,4,21,1,52.44
2,15,3,2011,10645,8,3,1,1,8666,4,4,1,1,73.483656
7,14,4,2011,10313,2,3,1,2,7340,4,4,10,1,55.38
3,11,5,2011,11205,2,4,1,1,8035,7,4,1,1,56.956
5,7,2,2011,10920,2,3,1,1,7436,4,4,1,1,57.424
5,28,2,2011,10166,7,4,4,8,9977,7,4,21,10,19.164
5,15,2,2011,10801,2,3,7,14,10078,4,4,4,7,29.132
7,15,2,2011,10135,8,4,7,14,9248,4,4,18,7,26.516
2,11,3,2011,11288,2,4,1,1,8130,7,4,1,1,71.078592
3,6,3,2011,11731,2,3,15,15,11520,7,4,10,7,0.292
3,11,5,2011,10850,2,6,1,1,9285,7,4,1,1,39.584
7,15,2,2011,10093,8,3,6,12,9330,4,4,4,7,32.736
2,15,3,2011,10574,8,3,1,1,8693,4,4,1,1,43.248
7,14,2,2011,10533,5,3,1,2,7050,4,4,10,1,109.128
7,15,2,2011,10086,2,3,7,14,9790,4,4,5,7,25.352572
2,6,3,2011,11059,2,6,12,12,10928,12,4,1,7,11.188
3,28,5,2011,10885,8,4,3,6,9187,12,4,4,1,63.927737
4,28,3,2011,10430,8,4,3,6,8903,7,4,10,1,72.232
2,11,3,2011,10990,2,4,1,1,7965,7,4,10,1,68.68
2,11,3,2011,11395,2,4,1,1,8155,7,4,1,1,36.508
5,26,2,2011,11328,5,3,1,1,6918,4,4,1,1,43.246594
3,11,5,2011,11293,2,4,1,1,7950,4,4,1,1,58.696
2,11,3,2011,11370,2,4,1,1,8170,7,4,1,1,49.24
2,11,3,2011,11361,2,4,1,1,8140,7,4,1,1,55.997849
7,15,2,2011,10080,2,3,7,14,9496,4,4,4,7,24.084
5,5,2,2011,10370,2,3,8,16,9937,1,4,1,1,46.9
5,6,2,2011,11461,5,6,9,9,10866,7,3,10,7,20.088
5,28,2,2011,10275,7,4,4,8,10070,12,4,10,10,73.544
7,4,2,2011,10925,9,4,1,1,6528,1,4,1,9,5.964765
3,28,5,2011,10830,2,4,3,6,9084,7,4,4,1,60.272
3,11,5,2011,10680,8,4,1,1,7870,4,4,1,1,91.812
3,11,5,2011,11159,2,4,1,1,7960,4,4,1,1,25.588
3,17,5,2011,10674,8,4,1,1,7862,4,4,1,1,97.424
7,15,2,2011,10085,2,3,7,14,9750,4,4,5,7,41.336604
7,19,4,2011,8370,8,4,1,1,5696,2,7,12,1,35.624
5,12,2,2011,10625,4,6,1,1,7977,4,4,1,1,60.20299
7,5,2,2011,9990,2,4,7,15,9556,1,4,1,7,29.636
3,28,5,2011,10900,2,4,2,4,9216,7,4,8,1,57.116
5,6,2,2011,10913,4,6,10,11,10584,2,7,2,1,153.18
3,11,5,2011,11334,2,4,1,1,7930,4,4,1,1,98.632189
7,15,2,2011,10711,2,4,8,15,9993,4,4,5,7,41.792
3,11,5,2011,10492,8,4,1,1,7970,4,4,1,1,28.628
7,15,2,2011,10080,2,3,7,14,9704,4,4,4,7,29.810651
2,28,3,2011,10432,8,4,3,6,9528,12,4,10,7,90.7
3,28,5,2011,10889,7,4,3,6,9244,12,4,4,1,55.292
5,6,2,2011,10255,2,6,1,2,8629,12,4,21,10,46.308
4,28,3,2011,10740,7,3,4,7,10419,12,4,10,7,44.324
7,5,2,2011,9985,2,3,8,16,9678,1,4,1,1,28.784
3,28,5,2011,10870,2,4,3,6,9130,7,4,10,1,47.424
3,11,5,2011,11487,6.726061,3.654545,1,1,7850,4,4,1,1,41.064
2,13,3,2011,10140,8,4,1,3,7952,10,4,10,1,34.888
7,19,4,2011,8500,8,4,1,2,5808,4,4,4,1,94.36
7,4,2,2011,10795,9,4,1,1,6440,4,4,1,7,1.219312
2,6,3,2011,11125,2,6,12,12,10830,7,4,10,7,21.736
3,11,5,2011,10693,8,4,1,1,7870,4,4,1,1,59.452
3,11,5,2011,11465,2,4,1,1,7910,4,4,1,1,164.402811
5,15,2,2011,10676,8,2,8,16,9596,4,4,5,7,21.352
7,15,2,2011,10075,2,3,6,12,9506,4,4,4,7,22.844
5,7,2,2011,10880,2,6,1,1,8600,4,4,1,1,185.44
5,6,2,2011,11400,9,6,11,11,10640,7,4,10,7,44.108
3,4,3,2011,12330,9,6,1,1,9312,4,4,1,7,33.984
7,5,2,2011,9989,2,4,8,9,9584,1,4,1,1,29.444
7,4,2,2011,10610,2,4,1,2,6484,1,4,1,9,3.425742
2,15,3,2011,10574,8,3,1,1,8690,4,4,1,1,99.244
3,11,5,2011,10896,2,6,1,1,9290,7,4,1,1,93.704
5,28,2,2011,10187,7,4,4,5,6314,2,7,12,1,51.348
5,28,2,2011,10285,7,4,4,8,10033,7,4,3,7,29.219414
5,28,2,2011,10406,7,4,4,8,10242,12,4,4,10,74.448
5,28,2,2011,10232,2,4,3,6,8300,12,4,10,1,107.047032
3,4,3,2011,11630,2,2,1,2,7690,7,4,10,7,45.42
7,15,2,2011,10088,2,4,7,14,9360,4,4,5,7,44.064
2,28,3,2011,10929,7,4,4,8,10658,12,4,10,7,73.992
5,15,2,2011,10593,2,3,7,13,10004,4,4,5,7,30.492
3,24,3,2011,10955,7,6,1,2,9190,12,6,21,7,8.604
7,15,2,2011,10919,7,4,7,14,9634,4,4,5,7,29.108
5,3,2,2011,10935,5,6,8,8,10143,12,4,1,1,26.818932
2,12,3,2011,11501,2,3,1,1,8550,4,4,1,1,74.232
2,33,3,2011,10555,7,4,1,1,7950,4,4,1,1,84.592
5,36,3,2011,10349,8,2,1,1,6796,12,4,1,1,46.928
2,15,3,2011,10652,8,3,1,1,8699,4,4,1,1,124.096
5,6,2,2011,11050,5,6,12,12,10790,7,1,10,1,19.624
3,28,5,2011,10890,2,4,3,6,9156,7,4,10,1,61.344
3,28,5,2011,10890,2,4,3,6,9216,12,4,10,1,54.856
7,15,2,2011,10057,8,2,7,14,9424,4,4,4,7,6.988
3,11,5,2011,10814,8,4,1,1,7880,4,4,1,1,47.26
5,32,2,2011,10350,2,6,2,4,10104,10,4,1,1,97.304
7,14,4,2011,10144,8,3,1,2,7173,7,4,10,1,27.78
3,11,5,2011,11389,2,4,1,1,7920,4,4,1,1,140.795517
2,11,3,2011,11835,2,4,1,1,7870,7,4,1,1,50.444
3,4,3,2011,11375,2,4,1,1,7950,12,6,1,1,5.083
7,5,2,2011,9980,6.726061,3.654545,1,1,6876,4,1,1,1,57.912
7,15,2,2011,9988,2,4,7,14,9502,4,4,4,7,48.432
3,24,3,2011,10952,7,6,1,2,9130,12,5,21,1,4.528
7,14,4,2011,9958,8,6,1,2,7644,7,4,10,1,23.452
5,15,2,2011,10898,7,2,8,16,10076,4,4,4,7,19.268
5,15,2,2011,10818,2,3,8,16,10148,4,4,4,7,18.056
5,5,2,2011,10327,2,6,1,1,7858,12,4,1,1,11.548
3,28,5,2011,10935,2,4,3,6,9223,4,4,3,7,63.628
3,11,5,2011,11500,2,4,1,1,7985,4,4,1,1,13.405816
5,15,2,2011,10834,5,3,8,16,10700,4,4,5,7,41.876
5,15,2,2011,10715,2,2,8,16,10099,4,4,4,7,36.824
3,11,5,2011,10610,8,4,1,1,7780,4,4,1,1,163.956
4,28,3,2011,10619,7,4,4,8,10395,12,4,10,1,94.432
2,11,3,2011,10980,2,4,1,1,7850,7,4,10,1,83.38
7,15,2,2011,10036,2,4,6,12,9340,4,4,4,7,57.56
3,28,5,2011,10900,2,4,3,6,9096,12,4,10,1,39.652
5,28,3,2011,10452,7,2,4,8,10250,12,4,5,10,19.98
7,15,2,2011,10922,7,4,7,14,9770,4,4,4,7,28.564
2,13,3,2011,10152,8,4,1,3,7961,10,4,1,1,36.676
3,28,5,2011,10779,2,4,2,4,9178,7,4,10,1,54.936
5,28,2,2011,10245,7,2,4,5,6647,2,7,12,1,27.888
5,28,2,2011,10451,2,4,4,8,10146,12,4,4,10,49.112
7,15,2,2011,10464,7,4,7,14,9660,4,4,4,7,12.116
7,19,4,2011,8362,8,4,1,2,5922,2,7,12,1,56.828
2,33,3,2011,10514,8,4,1,1,7847,4,4,1,1,89.508
3,11,5,2011,11033,2,6,1,1,9270,7,4,1,1,52.316
3,11,5,2011,10915,2,6,1,1,9175,7,4,1,1,81.392
5,28,2,2011,10184,2,4,4,8,9944,12,4,4,10,38.444
5,28,2,2011,10344,7,2,4,8,10150,12,4,5,10,44.632
4,28,3,2011,10428,8,4,3,4,7271,2,7,12,1,42.116
5,6,2,2011,11500,6.726061,3.654545,12,12,10842,12,2,21,7,15.236
2,11,3,2011,11445,2,4,1,1,8055,7,4,10,1,57.208
3,28,5,2011,10882,2,4,3,6,9364,4,4,10,1,35.784
7,5,2,2011,10272,6.726061,3.654545,1,1,7202,1,4,1,1,87.312
4,28,3,2011,10446,7,2,3,6,10248,12,4,7,10,73.664
3,6,3,2011,11830,2,6,13,13,11340,12,2,21,7,0.248
7,19,2,2011,10346,5,4,12,12,9948,2,7,12,1,257.668
7,19,4,2011,8144,8,2,3.548077,2,5811,4,4,4,13,14.912
3,4,5,2011,11584,2,6,1,1,9040,1,4,1,1,6.809624
5,28,2,2011,9975,7,2,4,8,9849,12,4,10,10,41.86032
7,19,2,2011,10277,4,4,1,1,5964,2,7,12,1,113.708
2,11,3,2011,11105,2,4,1,1,7965,7,4,1,1,105.98
7,14,4,2011,10130,2,6,1,2,7592,4,4,10,1,58.358548
3,11,5,2011,11550,2,6,1,1,9080,7,4,1,1,106.52
7,15,2,2011,10024,6.726061,3.654545,7,1,5348,2,7,12,1,36.364398
5,28,2,2011,10287,7,4,4,8,10089,12,4,1,1,85.224
5,28,2,2011,10201,2,4,4,8,9977,12,4,10,10,64.552
4,28,3,2011,10617,7,4,4,8,10386,12,4,10,10,202.956
4,28,3,2011,10877,7,3,4,8,10620,12,4,21,10,101.708
7,15,2,2011,10064,7,4,7,14,9454,4,4,10,7,15.6
3,11,5,2011,11490,2,4,1,1,7740,4,4,1,1,115.23466
7,15,2,2011,10016,2,3,7,14,9578,4,4,4,7,45.868
4,28,3,2011,10879,2,4,4,8,10600,12,4,10,10,24.292
3,14,3,2011,10715,8,6,1,2,9350,7,4,10,1,4.216
5,5,2,2011,10039,6.726061,3.654545,1,2,7182,1,6,1,1,80.704
4,28,3,2011,10581,2,4,4,8,10312,12,4,5,10,18.89
3,28,5,2011,10854,2,4,3,6,9736,12,4,10,1,65.012
3,3,5,2011,10907,7,4,9,10,7707,2,7,12,1,31.468
7,15,2,2011,10067,2,4,7,14,9414,4,4,4,10,36.408
3,6,3,2011,11773,2,6,11,22,11446,7,2,10,7,7.608
5,3,2,2011,10885,6.726061,3.654545,7,7,10120,12,4,1,7,15.464
5,28,2,2011,10376,2,4,4,8,10200,4,4,4,10,37.312
5,28,2,2011,10152,6.726061,3.654545,4,8,9924,12,4,5,10,113.672
7,19,2,2012,8738,8,3,1,2,7038,4,4,5,13,61.836
7,19,2,2012,8637,8,4,1,2,5978,4,4,4,13,61.802483
7,19,2,2012,8831,8,3,1,1,6898,2,7,12,1,78.092
3,28,5,2012,10855,2,4,3,6,9067,12,4,10,1,44.156
3,28,5,2012,10888,2,4,2,4,9097,4,4,10,1,68.302282
4,28,3,2012,11267,7,2,4,8,10624,12,4,4,10,56.644
4,28,3,2012,10577,2,4,4,5,7154,2,7,12,1,204.808
4,26,3,2012,11600,5,3,1,1,8152,4,4,1,1,118.444
4,28,3,2012,10754,7,3,4,8,10546,12,4,10,10,60.576
3,26,5,2012,11606,2,6,1,1,8818,4,4,1,1,101.464
6,28,4,2012,10615,7,4,3,6,8479,12,4,21,1,29.304557
3,28,5,2012,10907,7,3,2,4,9198,12,4,10,1,87.508
3,4,3,2012,11707,2,6,1,1,9173,4,4,1,1,38.888
3,4,3,2012,11462,2,3,1,1,8451,12,4,18,1,5.604
7,14,4,2012,10054,2,6,1,2,5956,7,4,10,1,7.836
3,3,5,2012,10845,2,2,8,9,7575,2,7,12,1,49.844
3,11,5,2012,11517,2,4,1,1,7920,4,4,1,1,176.185749
3,28,5,2012,10885,2,4,3,6,9052,12,4,3,1,66.071646
5,3,2,2012,10790,6.726061,3.654545,7,7,10072,12,3,21,1,20.904
2,6,3,2012,11212,2,6,12,24,11012,12,2,21,7,28.196938
2,14,3,2012,10304,8,6,1,2,9350,7,4,10,1,65.181047
5,5,2,2012,10310,2,6,1,2,8222,9,6,18,1,20.592
4,28,3,2012,10429,8,4,3,6,9010,12,4,4,10,14.904
4,28,3,2012,11175,2,3,3,6,9467,12,4,8,10,131.848
7,15,2,2012,10057,6.726061,3.654545,7,14,9480,9,4,4,7,32.164
7,19,4,2012,8295,8,4,1,1,5998,2,7,12,1,40.632
7,19,4,2012,8330,8,4,3.548077,2,5979,4,4,4,1,33.152
3,3,5,2012,10899,7,4,9,10,7364,2,7,12,1,11.184
3,28,5,2012,10890,2,4,2,4,9187,12,4,1,1,55.148
5,27,2,2012,10251,6.726061,3.654545,1,2,7364,4,4,1,1,30.164
4,28,3,2012,10396,8,4,3,6,9185,12,4,21,7,54.004
2,10,3,2012,10855,7,4,6,18,10707,12,4,10,7,51.714019
2,10,3,2012,10971,2,4,7,22,10580,10,1,1,1,52.054503
7,15,2,2012,10902,7,4,8,16,9688,4,4,4,7,25.476
3,3,5,2012,10902,2,4,8,8,10445,12,6,1,1,32.904
2,11,3,2012,10977,2,4,1,1,7960,7,4,1,1,36.652
7,28,4,2012,8992,8,4,3,6,7429,12,4,10,7,13.992
3,11,5,2012,10700,8,4,1,1,7900,4,4,1,1,82.608
7,15,2,2012,10015,6.726061,3.654545,7,14,9528,4,4,4,7,38.58
3,3,5,2012,10887,8,4,9,9,10451,12,4,21,7,68.532
6,3,4,2012,8025,8,4,4,4,7744,9,6,21,1,21.94
3,26,5,2012,10472,8,3,1,1,8369,4,4,1,1,113.412
3,11,5,2012,11410,2,3,1,1,8400,4,4,1,1,92.204
5,28,2,2012,10076,6.726061,3.654545,4,8,9904,12,4,4,10,21.284
6,3,4,2012,8055,6,4,4,4,7710,9,6,21,1,21.56
3,11,5,2012,10945,8,4,1,1,7765,4,4,1,1,25.365176
4,28,3,2012,10735,2,3,4,8,10485,12,4,10,10,107.22
4,28,3,2012,10730,2,3,4,8,10474,12,4,10,10,98.776
4,28,3,2012,10771,7,4,4,8,10606,12,4,4,10,64.344
4,28,3,2012,10606,7,3,3,6,10323,12,4,10,10,132.544
7,15,2,2012,10772,2,4,7,14,9730,12,4,4,7,29.872
2,11,3,2012,11005,2,4,1,1,7990,7,4,1,1,67.568
7,19,4,2012,8340,8,4,1,1,6312,2,7,12,1,35.184
3,11,5,2012,10950,8,4,1,1,7890,4,4,1,1,66.256
2,14,3,2012,11350,2,3,1,2,8819,7,4,10,1,54.692
7,28,4,2012,8614,8,3,3,6,7502,12,4,4,7,46.472
4,28,3,2012,10445,8,4,3,6,8804,12,4,4,1,56.468
3,11,5,2012,10655,8,4,1,1,7795,4,4,1,1,22.9
5,15,2,2012,10880,7,4,6,12,10072,12,4,4,7,42.18
5,5,2,2012,10236,6.726061,3.654545,1,2,7233,9,4,18,1,82.908
4,28,3,2012,10503,7,4,4,8,10274,12,4,10,10,95.916
3,28,5,2012,10921,2,4,3,6,9044,12,4,21,1,44.348
3,3,5,2012,10884,7,4,9,9,10503,12,3,21,7,104.854232
6,3,4,2012,10241,8,6,7,7,9681,12,4,21,7,56.668
7,15,2,2012,10120,6.726061,3.654545,7,14,9620,12,4,18,7,37.772
3,11,5,2012,10681,8,4,1,1,7950,4,4,1,1,57.84
3,28,5,2012,10905,2,4,3,6,9253,12,4,10,1,52.592
5,3,2,2012,10900,6.726061,3.654545,7,1,10777,2,7,2,1,34.8
2,11,3,2012,11110,2,4,1,1,7960,7,4,10,1,84.272
7,19,2,2012,9895,6.726061,3.654545,1,1,7644,2,7,12,1,46.250131
4,28,3,2012,11135,2,3,5,10,10888,12,4,1,10,90.432
4,28,3,2012,10849,2,3,4,8,10628,12,4,21,10,51.136
4,28,3,2012,10810,7,4,4,8,10608,12,4,21,10,95.82
5,5,2,2012,10430,6.726061,3.654545,1,2,7261,9,6,18,1,20.472
3,26,5,2012,12152,5,6,1,1,8894,4,4,1,1,89.408
5,28,2,2012,10162,6.726061,3.654545,4,8,10050,12,4,10,10,56.136
7,5,2,2012,9900,6.726061,3.654545,1,2,6890,9,6,18,1,29.632669
2,11,3,2012,11118,2,4,1,1,7955,7,4,10,1,67.14
3,28,5,2012,10954,2,4,3,6,9042,12,4,21,1,50.208
3,11,5,2012,10635,8,4,1,1,8365,4,4,1,1,26.44
3,11,5,2012,11462,2,4,1,1,7935,4,4,1,1,47.177762
3,11,5,2012,11373,2,4,1,1,7950,4,4,1,1,80.144
2,11,3,2012,11207,2,4,1,1,7985,7,4,10,1,66.948
2,11,3,2012,11475,2,4,1,1,8170,7,4,10,1,70.358333
7,15,2,2012,10173,6.726061,3.654545,7,14,9788,12,4,21,7,84.304
7,19,4,2012,8240,8,4,1,1,5951,9,1,1,1,55.553545
7,15,2,2012,9920,6.726061,3.654545,7,14,9418,12,4,18,7,10.816
5,28,3,2012,10517,2,4,4,8,10265,12,4,21,10,167.716
3,3,5,2012,10810,8,4,9,9,10470,12,3,1,7,74.832
5,3,2,2012,10980,6.726061,3.654545,7,1,10800,2,7,14,1,10.788
4,28,3,2012,10385,8,4,3,6,8860,12,4,4,1,48.14
3,28,5,2012,10983,2,6,1,2,9662,12,4,1,1,27.049898
3,11,5,2012,11495,2,4,1,1,7880,4,4,1,1,79.268037
5,12,2,2012,10567,6.726061,3.654545,1,1,7468,4,4,1,1,24.56
3,11,5,2012,11463,8,4,1,1,7945,4,4,1,1,167.076
3,4,5,2012,11400,2,4,1,2,8048,12,6,18,1,13.241193
3,11,5,2012,10725,8,4,1,1,7890,4,4,1,1,53.736
7,19,4,2012,8242,8,4,1,1,5929,2,7,12,1,23.00821
7,19,4,2012,8270,8,4,1,1,5937,2,7,12,1,126.068
3,28,5,2012,10833,8,4,3,6,9189,12,4,21,1,69.26
2,33,3,2012,10395,8,4,1,1,7845,4,4,1,1,166.34
7,15,2,2012,10182,6.726061,3.654545,7,14,9604,12,4,21,7,19.74
7,14,4,2012,9950,7,6,1,2,7854,7,4,10,1,33.536
3,3,5,2012,10820,8,4,8,8,10450,12,3,21,7,90.088
4,28,3,2012,10719,7,4,4,8,10428,12,4,21,10,49.028
4,28,3,2012,10803,2,4,4,8,10612,12,4,21,10,56.772
3,6,3,2012,11895,2,6,10,20,11440,12,2,21,7,23.292
2,4,3,2012,11350,2,3,1,2,8933,12,6,1,1,86.52
7,14,4,2012,9983,8,6,1,2,7815,12,4,21,1,109.772
7,5,2,2012,10240,6.726061,3.654545,1,2,7211,12,6,18,1,44.735123
5,6,2,2012,11420,3,6,9,1,11196,2,7,12,1,20.776
3,11,5,2012,11460,2,4,1,1,7950,4,4,1,1,18.56
7,15,2,2012,10035,6.726061,3.654545,7,14,9450,12,4,18,7,19.944
2,12,3,2012,11510,2,3,1,1,8560,4,4,1,1,164.344
3,28,5,2012,10755,2,4,3,6,8951,12,4,21,1,66.716
3,3,5,2012,10800,8,4,8,8,10410,12,1,21,1,49.624
3,11,5,2012,11505,2,4,1,1,7965,4,4,1,1,53.004
3,26,5,2012,12200,2,3,1,1,8960,4,4,1,1,125.684
5,6,3,2012,11503,5,6,9,18,10848,7,2,10,7,57.16
3,11,5,2012,11506,2,4,1,1,7850,4,4,1,1,58.896
7,15,2,2012,10087,7,4,7,14,9526,12,4,18,7,26.248
4,28,3,2012,10875,2,3,4,7,10610,12,4,21,10,64.804
5,28,2,2012,10457,6.726061,3.654545,4,7,10248,12,4,21,7,91.968
5,12,2,2012,10623,6.726061,3.654545,1,1,7910,4,4,1,1,18.684
4,28,3,2012,10648,2,3,4,7,10368,12,4,10,10,42.14
4,28,3,2012,11147,4,4,4,8,10872,12,4,21,10,69
4,28,3,2012,11202,2,2,4,8,10674,12,4,21,10,70.3
2,28,3,2012,10939,2,3,4,7,10711,12,4,21,1,66.956
2,28,3,2012,11004,2,4,4,8,10698,12,4,21,10,101.805447
7,19,4,2012,8331,8,4,1,1,6036,2,7,12,1,32.195555
5,12,2,2012,10615,6.726061,3.654545,1,1,7917,4,4,1,1,27.64
3,28,5,2012,10928,2,4,3,6,9194,9,4,10,1,39.86
3,4,3,2012,11460,2,4,1,2,8152,12,6,18,1,8.412
3,22,5,2012,11147,2,6,1,2,8882,7,6,18,1,46.248
4,28,3,2012,10428,8,4,3,6,8710,12,4,21,1,123.407312
5,28,2,2012,10178,6.726061,3.654545,3,6,9940,12,4,21,10,94.26
5,28,2,2012,10229,6.726061,3.654545,4,7,10042,12,4,21,10,32.396
5,28,2,2012,10326,6.726061,3.654545,4,8,10176,12,4,21,10,53.216
7,19,4,2012,8150,8,2,1,1,5801,2,7,12,1,25.484
5,6,2,2012,10880,9,6,9,18,10498,12,2,21,7,39.168
5,28,2,2012,10222,6.726061,3.654545,4,8,10067,12,4,21,10,50.388
3,3,5,2012,10878,7,2,6,6,10310,12,6,21,1,128.335571
5,6,2,2012,11320,9,6,10,20,10664,7,2,10,7,43.462833
5,3,2,2012,10887,5,6,8,8,10150,12,3,21,1,231.404
7,15,2,2012,10034,6.726061,3.654545,7,14,9490,12,4,18,7,24.288
7,15,2,2012,10068,6.726061,3.654545,7,14,9500,12,4,21,7,23.02
7,5,2,2012,9828,6.726061,3.654545,1,2,6495,9,6,21,1,31.532
3,3,5,2012,10819,7,4,8,8,10460,12,3,21,7,88.172
3,26,3,2012,12205,2,6,1,1,9364,4,4,1,1,87.928
3,28,5,2012,10870,2,2,3,6,9180,12,4,21,1,46.096
4,28,3,2012,10526,8,4,3,6,8877,12,4,21,7,87.08
2,4,3,2012,11360,2,4,1,2,8206,4,6,9,1,64.176
4,28,3,2012,10726,2,4,4,8,10445,12,4,21,7,78.66
5,6,2,2012,11015,9,6,10,20,10614,12,2,21,7,67.444031
3,26,5,2012,12161,2,3,1,1,9034,4,4,1,1,23.064
4,28,3,2012,11279,2,4,5,10,10632,12,4,18,7,120.034782
7,14,4,2012,9935,7,6,1,2,6633,7,4,10,1,37.424
2,8,3,2012,11509,2,3,1,1,8410,4,4,1,1,159.212153
3,3,5,2012,10832,7,4,7,7,10451,12,3,21,1,55.088424
5,3,2,2012,10922,5,6,8,1,10840,2,7,14,1,24.282513
5,3,2,2012,10928,5,6,8,8,10199,12,3,21,1,39.964
2,28,3,2012,10548,8,4,3,6,9464,12,4,21,1,58.508
2,28,3,2012,10509,8,2,3,6,9632,12,4,21,1,78.02
5,5,2,2012,10261,2,3,1,2,7305,9,6,21,1,19.408
2,28,3,2012,10924,2,4,4,8,10730,12,4,21,7,51.928
4,28,3,2012,10890,7,4,4,8,10436,12,4,21,10,44.212
3,26,5,2012,12040,2,3,1,1,8988,4,4,1,1,116.856
3,28,5,2012,10844,8,2,3,6,9072,12,4,10,1,126.008
3,26,5,2012,12200,2,3,1,1,9024,4,4,1,1,89.228
7,19,4,2012,8210,8,4,1,1,5905,2,7,12,1,47.04
7,19,2,2012,9965,7,6,1,1,7736,9,1,18,1,26.6
3,18,5,2012,11364,2,4,13,15,11130,12,4,21,7,41.028
3,11,5,2012,11465,2,4,1,1,7840,7,4,10,1,137.532
7,28,4,2012,9703,7,3,4,8,9482,12,4,21,7,47.032
3,24,5,2012,10932,2,3,1,2,8542,12,5,21,1,77.016
4,28,3,2012,10683,2,4,4,8,10396,12,4,21,10,131.648
4,28,3,2012,10637,2,4,4,8,10366,12,4,21,10,89.4
4,28,3,2012,10741,2,4,4,8,10442,12,4,21,7,131.648
2,33,3,2012,10667,8,4,1,1,8007,4,4,1,1,125.6
7,19,4,2012,8233,8,4,1,1,6316,2,7,12,1,53.616738
3,26,5,2012,12014,5,6,1,1,9430,4,4,1,1,107.56
7,19,2,2012,9906,7,6,1,1,7640,9,1,18,1,25.276
7,5,2,2012,9915,2,3,1,1,6804,1,1,1,1,3.256
7,19,4,2012,9745,8,6,1,1,7390,9,1,18,1,84.096
7,19,4,2012,9870,7,6,1,1,7651,9,1,18,1,24.508
5,28,2,2012,10562,2,4,3,6,8206,12,4,21,1,79.94
5,6,2,2012,10815,9,6,8,16,10589,12,2,21,7,28.48
7,5,2,2012,10256,2,3,1,1,7188,1,1,1,1,25.952
2,28,3,2012,11236,2,4,5,10,10941,12,4,21,10,133.616
5,6,2,2012,11245,5,6,9,18,10860,7,2,10,7,65.649773
2,28,3,2012,10943,7,3,4,8,10776,12,4,21,10,47.492
7,15,2,2012,10091,2,4,7,14,9460,12,4,21,7,58.692
2,11,3,2012,10908,2,4,1,2,7964,7,4,10,1,70.092
3,26,3,2012,12020,2,5,1,1,10857,4,4,1,1,286.748
7,28,4,2012,9678,8,4,3,6,7411,12,4,21,7,34.92
3,11,5,2012,11512,8,4,1,2,7830,1,4,1,1,69.256
3,11,5,2012,11125,2,6,1,2,9245,7,4,10,1,64.433145
2,11,3,2012,11245,2,6,1,2,9305,7,4,10,1,70.06
3,28,5,2012,10953,2,4,3,6,9157,12,4,21,1,34.92
2,28,3,2012,10497,8,4,3,6,9446,12,4,21,1,28.744
3,3,5,2012,10821,8,4,7,7,10398,12,3,21,7,51.712
3,18,5,2012,11318,2,3,11,22,10983,12,4,21,12,72.148
4,26,3,2012,11600,5,6,1,1,9022,4,4,1,1,63.7
7,15,2,2012,10122,2,4,7,14,9620,9,4,18,7,9.5
5,6,2,2012,10956,5,6,10,20,10630,12,2,21,7,45.732
2,11,3,2012,11028,2,4,1,2,7955,7,4,10,1,76.764
5,26,2,2012,10634,6.726061,3.654545,1,1,8346,7,4,18,1,333.52
3,28,3,2012,11167,2,3,4,6,10860,12,4,21,7,89.104
5,12,2,2012,10669,5,3,1,1,7338,4,4,1,1,218.792
4,28,3,2012,10992,2,3,5,10,10816,12,4,18,10,88.68
3,18,5,2012,11285,2,4,12,19,10954,12,4,21,12,67.192
5,28,2,2012,10743,4,3,5,9,10263,12,4,18,7,17.556
5,20,2,2012,11041,9,6,1,1,7866,9,1,1,1,45.796
4,28,3,2012,10664,7,3,4,8,10352,12,4,21,7,55.836
5,35,2,2012,10655,7,3,1,1,7452,10,4,1,1,107.336
5,12,2,2012,10531,4,3,1,1,7500,4,4,1,1,21.264
5,12,2,2012,10540,4,3,1,1,6950,4,4,1,1,51.748
7,19,4,2012,9910,7,6,1,1,7590,9,1,18,1,37.556
7,19,2,2012,9922,7,6,1,1,7732,9,1,18,1,39.552
5,7,2,2012,10848,2,3,1,1,7530,4,4,1,1,76.148
