EUR_o..Mstb.,WellID,Fluid.Water..Gals.,Acid..Gals.,Fluid...Total..lbs.,Propping.Agent.Amount,Fluid.Amount.Per.Foot,Propping.Agent.Amount.Per.Foot,Subarea,Operator,Completion.Date,Surface.Latitude,Depth.Total.Driller..ft.,WB.Spacing.Proxy,SPBY.Spacing.Proxy,Frac.Stages,Other..Gals.,Deepest_Zone,Depth.Base,Fluid.Type,Additive,Treated.Stage.Height,Total.Height
17.685,1533,0,0,138440,290080,83.1471471471472,174.222222222222,31.0822746668166,28.7435445124554,37780,31.46918,8250,34.5591944596218,29.3086427363303,1,0,4,7992,32.6831244593204,31.546449633907,1665,1564.99
21.03030391,1541,0,0,192696,290230,114.224066390042,172.039122703023,31.0822746668166,28.7435445124554,37645,31.49026,8225,27.1641634838889,32.7095334436842,1,0,4,8127,32.6831244593204,31.4914543142372,1687,1571.46
15.7871887,1553,0,0,172536,289760,104.567272727273,175.612121212121,31.0822746668166,28.7435445124554,37753,31.4905,8252,30.9649256690123,32.7095334436842,1,0,4,8122,32.6831244593204,31.6014449535767,1650,2541.01
21.976,1554,0,5000,212020,127716,307.943925233645,596.803738317757,31.0822746668166,35.077404580155,37964,31.59362,8700,27.9264454507692,32.7095334436842,3,0,4,7088,35.6141918974286,35.1727043229567,214,2513
21.748,1581,0,4000,218452,0,2.94117647058824,0,31.0822746668166,35.077404580155,37754,31.64919,8440,30.9649256690123,32.7095334436842,3,0,4,6796,35.595766371938,35.2738148487903,170,2672
22.30126664,1595,0,0,153212,290310,92.2963855421687,174.885542168675,31.0822746668166,28.7435445124554,37796,31.45166,8200,36.9369363917544,32.7095334436842,1,0,4,8154,32.6831244593204,31.4914543142373,1660,1561.55
17.03591569,1596,0,0,220506,135000,422.345454545455,613.636363636364,31.0822746668166,28.7435445124554,38212,31.44537,8154,34.5591944596218,29.3086427363303,2,0,4,7897,35.6141918974286,31.4914543142373,220,2538.15
17.94,1600,0,0,220506,135000,400.5,581.896551724138,31.0822746668166,28.7435445124554,38189,31.51953,8306,34.5591944596218,32.7095334436842,2,0,4,8166,32.6831244593204,31.4914543142372,232,2526.77
11.52,1605,0,0,90365,135000,52.2643146327357,78.0798149219202,31.0822746668166,28.7435445124554,37864,31.43354,8184,34.5591944596218,32.7095334436842,1,0,4,8093,32.6831244593204,31.4914543142373,1729,2500.84
17.30257449,1607,0,0,90365,135000,50.6530269058296,75.6726457399103,31.0822746668166,28.7435445124554,37875,31.45807,8208,34.5591944596218,32.7095334436842,1,0,4,8041,32.6831244593204,31.6143108352748,1784,2423
15.1832191,1628,0,0,220506,350000,133.802184466019,212.378640776699,31.0822746668166,28.7435445124554,38103,31.4719,8260,27.1641634838889,32.7095334436842,1,0,4,8068,32.6831244593204,31.8764215519255,1648,1579.88
19.024,1637,0,0,183782,135000,274.782945736434,523.255813953488,31.0822746668166,28.7435445124554,38123,31.49518,8206,34.5591944596218,32.7095334436842,2,0,4,7968,32.6831244593204,32.0090325917209,258,1572.08
20.668,1643,0,0,220506,215000,132.354771784232,223.029045643154,31.0822746668166,28.7435445124554,38189,31.50933,8237,30.9649256690123,32.7095334436842,2,0,4,7396,32.6831244593204,31.4914543142373,964,1578.01
22.39416894,1661,383200,0,383200,49250,533.603238866397,199.392712550607,31.0822746668166,28.7435445124554,38419,31.44406,8282,34.5591944596218,32.7095334436842,2,0,4,7849,27.7652739175,28.2980107080828,247,1575.32
18.52846714,1665,0,0,367506,139000,522.074626865672,518.656716417911,31.0822746668166,28.7435445124554,38240,31.51985,8340,34.5591944596218,29.3086427363303,2,0,4,8117,32.6831244593204,31.5140747146932,268,2549.85
21.0058,1678,0,0,367506,139000,624.625,620.535714285714,31.0822746668166,28.7435445124554,38252,31.51869,8307,34.5591944596218,29.3086427363303,2,0,4,8183,32.6831244593204,31.4914543142373,224,1593.25
21.748,1682,0,11000,330452,17560,9630,2508.57142857143,31.0822746668166,35.077404580155,38361,31.46522,9254,30.9649256690123,32.7095334436842,5,0,4,8956,32.6831244593204,34.3853451434713,7,2495.91
13.54044625,1686,0,3750,202494,135300,342.790419161677,810.179640718563,31.0822746668166,35.077404580155,38360,31.56019,8270,30.9649256690123,32.7095334436842,3,0,3,6719,35.6141918974286,35.1226789634748,167,563.27
8.388,1691,0,0,367506,140000,647.759259259259,648.148148148148,31.0822746668166,28.7435445124554,38303,31.43409,8267,34.5591944596218,32.7095334436842,2,0,4,7896,32.6831244593204,31.4914543142373,216,1558.02
20.312,1695,0,0,383200,49250,506.923076923077,189.423076923077,31.0822746668166,28.7435445124554,38390,31.51264,8360,34.5591944596218,32.7095334436842,2,0,4,8135,35.6141918974286,31.4914543142373,260,2533.31
19.968,1701,383200,0,383200,49250,121.251149954002,45.3081876724931,31.0822746668166,28.7435445124554,38433,31.54337,8374,34.5591944596218,32.7095334436842,2,0,4,8210,27.7652739175,28.2539623928571,1087,2531.55
20.695,1702,383200,0,383200,49250,610.185185185185,228.009259259259,31.0822746668166,28.7435445124554,38420,31.44672,8259,30.9649256690123,32.7095334436842,2,0,4,8046,27.7652739175,28.2539623928571,216,1585.72
19.688,1703,0,0,383200,49250,583.185840707965,217.920353982301,31.0822746668166,28.7435445124554,38361,31.48903,8229,30.9649256690123,32.7095334436842,2,0,4,7966,32.6831244593204,31.4914543142373,226,1573.75
13.56,1704,0,0,383200,49250,588.392857142857,219.866071428571,31.0822746668166,28.7435445124554,38376,31.49751,8287,30.9649256690123,32.7095334436842,2,0,4,7975,32.6831244593204,31.4914543142373,224,1575.57
18.928,1709,0,0,383200,49250,499.242424242424,186.55303030303,31.0822746668166,28.7435445124554,38381,31.51191,8283,34.5591944596218,32.7095334436842,2,0,4,8113,32.6831244593204,31.4914543142373,264,1584.82
17.676,1714,383200,0,383200,49250,563.247863247863,210.470085470085,31.0822746668166,28.7435445124554,38444,31.50804,8360,34.5591944596218,34.88898603,2,0,4,8180,27.7652739175,28.2539623928571,234,1587.02
17.352,1715,383200,0,383200,49250,610.185185185185,228.009259259259,31.0822746668166,28.7435445124554,38506,31.52115,8370,30.9649256690123,32.7095334436842,2,0,4,8193,27.7652739175,28.2539623928571,216,1590.33
13.952,1729,0,5000,189813,133624,345.396103896104,867.688311688312,31.0822746668166,35.077404580155,38543,31.57026,8345,36.9369363917544,32.7095334436842,3,0,3,6698,35.6141918974286,35.8253408689812,154,563.43
17.6,1730,0,5000,198864,133052,352.935064935065,863.974025974026,31.0822746668166,35.077404580155,38530,31.60121,8325,30.9649256690123,32.7095334436842,3,0,3,6725,35.6141918974286,35.4676468009933,154,553.36
20.25828222,1733,383200,0,383200,49250,636.714975845411,237.92270531401,31.0822746668166,28.7435445124554,38481,31.43548,8239,34.5591944596218,29.3086427363303,2,0,4,7909,27.7652739175,28.2539623928571,207,1551.4
22.072,1744,383200,0,383200,49250,621.698113207547,232.311320754717,31.0822746668166,28.7435445124554,38506,31.49306,8310,30.9649256690123,29.3086427363303,2,0,4,8122,27.7652739175,28.2539623928571,212,1579.29
16.38451018,1748,0,5000,200492,132676,319.366279069767,771.372093023256,35.3020635236073,35.077404580155,38547,31.60283,8290,30.9649256690123,32.7095334436842,3,0,4,6682,35.6141918974286,35.5811176170299,172,1574.57
21.156,1768,0,5000,168803,155581,147.490740740741,480.188271604938,35.3020635236073,35.077404580155,38658,31.57201,8065,27.9264454507692,32.7095334436842,3,0,4,6593,35.6141918974286,36.9909862812121,324,1594.33
20.16,1769,383200,0,383200,49250,618.779342723005,231.220657276995,31.0822746668166,28.7435445124554,38627,31.46671,8214,34.5591944596218,29.3086427363303,2,0,4,7884,27.7652739175,28.2539623928571,213,1567.25
10.568,1783,0,6000,168646,135650,141.766447368421,446.217105263158,35.3020635236073,35.077404580155,38715,31.62444,8132,34.5591944596218,29.3086427363303,3,0,3,6612,35.6141918974286,34.5670282989523,304,566
21.984,1791,383200,0,383200,49250,462.456140350877,172.80701754386,31.0822746668166,28.7435445124554,38720,31.44966,8182,34.5591944596218,29.3086427363303,2,0,4,8035,27.7652739175,29.0644296016836,285,2520.58
21.596,1794,383200,0,383200,49250,460.839160839161,172.202797202797,31.0822746668166,28.7435445124554,38709,31.43174,8236,34.5591944596218,32.7095334436842,2,0,4,8096,27.7652739175,28.9018358715178,286,1566.83
21.46032128,1806,383200,0,383200,49250,457.638888888889,171.006944444444,31.0822746668166,28.7435445124554,38734,31.45767,8209,34.5591944596218,32.7095334436842,2,0,4,8047,27.7652739175,28.2539623928571,288,1563.73
18.864,1812,480522,0,480522,107336,379.2096,171.7376,31.0822746668166,28.7435445124554,39014,31.4074,8525,30.9649256690123,29.3086427363303,2,0,4,8460,27.7652739175,28.2242066202142,625,1564.77
22.34,1843,0,5250,185877,161756,2243.34615384615,6221.38461538462,35.3020635236073,35.077404580155,39144,31.6252,8176,30.9649256690123,32.7095334436842,3,0,4,6411,35.6141918974286,22.34,26,1607
10.38,1854,270814,2000,272814,0,50,0,35.3020635236073,35.077404580155,38895,31.46883,8116,27.9264454507692,32.7095334436842,4,0,4,7980,35.595766371938,35.2738148487903,40,1582.06
20.248,1863,576422,0,576422,134000,298.081255771006,123.730378578024,31.0822746668166,28.7435445124554,38881,31.41884,9112,36.9369363917544,32.7095334436842,2,0,4,8925,27.7652739175,28.2539623928571,1083,2396
16.772,1878,365500,0,365500,61500,707.142857142857,351.428571428571,35.3020635236073,28.7435445124554,38986,31.60947,8218,30.9649256690123,32.7095334436842,2,0,4,7875,27.7652739175,28.2539623928571,175,2770
18.784,1887,365500,0,365500,61500,703.125,349.431818181818,35.3020635236073,28.7435445124554,38986,31.61366,8181,30.9649256690123,29.3086427363303,2,0,3,7852,27.7652739175,28.2539623928571,176,1715
18.384,1899,365500,0,365500,61500,695.224719101124,345.505617977528,35.3020635236073,28.7435445124554,39007,31.62241,8182,34.5591944596218,32.7095334436842,2,0,4,7883,27.7652739175,28.2539623928571,178,2777.42
19.43242355,1902,457002,0,457002,163125,548.262295081967,382.025761124122,31.0822746668166,28.7435445124554,39294,31.46071,8524,30.9649256690123,29.3086427363303,2,0,4,8323,27.7652739175,28.2539623928571,427,1565.78
17.37549798,1912,353400,0,353400,61500,618.357487922705,297.101449275362,31.0822746668166,28.7435445124554,39040,31.53378,8352,34.5591944596218,32.7095334436842,2,0,4,8246,27.7652739175,28.2040643184999,207,1588.46
21.62124164,1915,480144,0,480144,107000,319.767567567568,144.594594594595,31.0822746668166,28.7435445124554,39045,31.39727,8534,34.5591944596218,34.88898603,2,0,4,8465,27.7652739175,28.0994614343214,740,1564.62
21.50685053,1916,365484,0,365484,61500,603.570731707317,300,31.0822746668166,28.7435445124554,39111,31.48978,8237,34.5591944596218,29.3086427363303,2,0,4,8066,39.581925305625,28.740890562937,205,1573.96
11.248,1920,364938,0,364938,61500,629.784615384615,315.384615384615,31.0822746668166,28.7435445124554,39174,31.45891,8049,27.1641634838889,29.3086427363303,2,0,4,7871,27.7652739175,28.2539623928571,195,1563
10.67964234,1921,363594,0,363594,61500,639.1875,320.3125,31.0822746668166,28.7435445124554,39197,31.46904,8062,27.1641634838889,29.3086427363303,2,0,4,7870,27.7652739175,28.2539623928571,192,1577.48
18.7,1925,370104,0,370104,61500,661.555555555556,325.396825396825,31.0822746668166,28.7435445124554,39239,31.40627,8147,34.5591944596218,32.7095334436842,2,0,4,7898,39.581925305625,28.7653266309292,189,1559.77
11.324,1928,533778,0,533778,750420,274.577160493827,386.018518518519,35.3020635236073,44.1583190845455,39261,31.64282,8012,27.9264454507692,34.88898603,1,0,4,7910,39.581925305625,35.2738148487903,1944,2816.64
21.004,1933,364938,0,364938,61500,617.125628140703,309.045226130653,31.0822746668166,28.7435445124554,39152,31.46229,8084,27.1641634838889,29.3086427363303,2,0,4,7926,27.7652739175,28.2290133556785,199,1562.16
20.396,1939,481530,0,481530,62100,377.148205928237,96.8798751950078,31.0822746668166,28.7435445124554,39198,31.39708,8532,30.9649256690123,29.3086427363303,2,0,4,8459,27.7652739175,28.2539623928571,641,1576.26
18.328,1943,361410,0,361410,61500,606.242424242424,310.606060606061,31.0822746668166,28.7435445124554,39234,31.49013,8183,32.696018267219,31.6723373441098,2,0,4,8115,39.581925305625,28.6437658052956,198,1577.83
19.898,1961,240240,0,240240,97700,393.398058252427,474.271844660194,31.0822746668166,28.7435445124554,39320,31.47884,8112,34.5591944596218,34.88898603,2,0,4,7923,27.7652739175,28.2539623928571,206,1569.99
19.604,1964,380342,0,380342,560050,158.74040066778,233.743739565943,35.3020635236073,19.604,39427,31.50394,8521,36.9369363917544,29.3086427363303,1,0,4,8422,27.7652739175,31.4914543142373,2396,1681.77
19.328,1973,242240,0,242240,97700,403.18407960199,486.069651741294,31.0822746668166,28.7435445124554,39474,31.51162,8298,34.5591944596218,32.7095334436842,2,0,4,8175,27.7652739175,28.2539623928571,201,1594.84
10.508,1980,242240,0,242240,97700,468.439306358381,564.739884393064,35.3020635236073,28.7435445124554,39565,31.62604,8043,34.5591944596218,29.3086427363303,2,0,4,7892,27.7652739175,28.2539623928571,173,1624
17.1,1984,147484,0,147484,265000,572.461538461538,1568.04733727811,35.3020635236073,28.7435445124554,39563,31.61625,8077,30.9649256690123,29.3086427363303,2,0,4,7868,27.7652739175,28.2539623928571,169,2772
19.908,1987,150989.280274667,3671.68,375047.55,0,198.757735907511,0,35.3020635236073,35.98250707128,39523,31.5851,8495,30.9649256690123,40.8021444320833,1.7,18309.76,4,8021,35.595766371938,35.2738148487903,1825,1622.18
15.18175478,1988,210000,0,210000,43750,445.714285714286,250,31.0822746668166,28.7435445124554,39666,31.51016,8208,34.5591944596218,32.7095334436842,2,0,4,8048,27.7652739175,28.2539623928571,175,1581
5.784,1993,0,5250,196371,135464,329.6,873.961290322581,31.0822746668166,35.077404580155,39465,31.57525,8595,27.1641634838889,29.3086427363303,3,0,4,6900,35.6141918974286,36.9909862812121,155,1589.39
19.764,2000,220655,0,220655,90625,486.704142011834,536.242603550296,31.0822746668166,28.7435445124554,39665,31.52245,8254,27.1641634838889,32.7095334436842,2,0,4,8112,27.7652739175,28.2539623928571,169,1581.98
21.948,2002,220655,0,220655,90625,475.450867052023,523.843930635838,31.0822746668166,28.7435445124554,39616,31.5198,8271,34.5591944596218,32.7095334436842,2,0,4,8102,27.7652739175,28.2539623928571,173,1580.86
8.544,2004,220375,0,220375,90625,219.179144385027,242.312834224599,35.3020635236073,28.7435445124554,39622,31.63161,8234,30.9649256690123,29.3086427363303,2,0,4,8073,27.7652739175,28.2539623928571,374,2781.56
12.592,2007,220538,0,220538,90625,480.625730994152,529.970760233918,31.0822746668166,28.7435445124554,39638,31.53082,8276,34.5591944596218,29.3086427363303,2,0,4,8114,27.7652739175,28.2539623928571,171,1587.92
13.824,2013,0,19000,472366,67006,827.214814814815,496.340740740741,31.0822746668166,35.077404580155,39696,31.61497,10657,27.9264454507692,29.3086427363303,5,0,4,8771,35.6141918974286,36.9909862812121,135,1250.151
14.376,2014,278750,0,278750,6000,564.245810055866,33.5195530726257,31.0822746668166,28.7435445124554,39673,31.47627,8186,34.5591944596218,32.7095334436842,2,0,4,8010,27.7652739175,28.2539623928571,179,1576.73
21.292,2015,374000,0,374000,80000,270.07299270073,145.985401459854,35.3020635236073,28.7435445124554,39636,31.61568,8534,34.5591944596218,34.88898603,3,0,4,8398,27.7652739175,28.2539623928571,548,2743.66
21.152,2023,196751,0,196751,92805,449.71511627907,539.563953488372,31.0822746668166,28.7435445124554,39665,31.52064,8278,27.1641634838889,29.3086427363303,2,0,4,8102,27.7652739175,28.2539623928571,172,1581.75
15.656,2025,278750,0,278750,6000,502.487562189055,29.8507462686567,31.0822746668166,28.7435445124554,39680,31.46572,8156,34.5591944596218,32.7095334436842,2,0,4,7986,27.7652739175,28.2539623928571,201,1567.89
13.43492656,2026,278750,0,278750,6000,540.106951871658,32.0855614973262,31.0822746668166,28.7435445124554,39682,31.46833,8179,34.5591944596218,29.3086427363303,2,0,4,7975,27.7652739175,28.2539623928571,187,1569.38
15.93179403,2027,278750,0,278750,6000,587.209302325581,34.8837209302326,31.0822746668166,28.7435445124554,39680,31.46909,8177,34.5591944596218,29.3086427363303,2,0,4,7981,27.7652739175,28.2539623928571,172,1569.68
20.288,2031,134552.4,8026.40600000001,334913.87,0,310.019283141839,0,35.3020635236073,35.98250707128,39676,31.59629,8707,34.5591944596218,29.3086427363303,4.21,17840.77,4,8360,35.595766371938,35.631183831975,338,1079.33
16.4500793,2037,82543.04,13668.168,477239.547,0,1617.2321974682,0,35.3020635236073,35.98250707128,39693,31.57442,8725,30.9649256690123,29.3086427363303,6.99,24406.38,4,8592,35.595766371938,35.2738148487903,296,1603.86
20.872,2057,80681.16,15004.1440000001,499997.827,0,1509.03923752949,0,35.3020635236073,35.98250707128,39715,31.59245,8695,36.9369363917544,29.3086427363303,6.94,24534.97,4,8466,35.595766371938,35.2738148487903,224,1596.85
20.18,2060,74695.04,13719.058,478892.331,0,1709.75749998017,0,35.3020635236073,35.98250707128,39754,31.57057,8693,34.5591944596218,40.8021444320833,7,35807.5,4,8500,35.595766371938,35.2738148487903,284,1587.42
12.89341834,2063,91817.99,11805.242,659594.495683637,0,1360.96725360543,0,35.3020635236073,35.98250707128,40425,31.56388,8651,30.9649256690123,32.7095334436842,8,9030.62,4,8402,35.595766371938,35.2738148487903,202,1697.26
13.256,2065,16945.07,12440.328,466122.697,123659.953846154,1603.36495112662,768.794231106065,35.3020635236073,35.98250707128,39954,31.60025,8197,30.9649256690123,32.7095334436842,7,8727,4,8058,35.6373367636223,35.2738148487903,108,1626.11
17.03817508,2071,297000,0,297000,87500,283.422459893048,155.971479500891,31.0822746668166,28.7435445124554,39867,31.48339,8177,27.1641634838889,32.7095334436842,2,0,3,8016,27.7652739175,28.2539623928571,561,566.94
15.34,2073,91837.85,12511.132,687053.715683636,0,1522.65403310734,0,35.3020635236073,35.98250707128,40441,31.58197,8605,34.5591944596218,29.3086427363303,8,8870.01,4,8392,35.595766371938,35.2738148487903,202,1624.85
18.776,2074,97816.31,9135.38600000001,445744.991,0,1428.75346900537,0,35.3020635236073,35.98250707128,39999,31.59646,8225,30.9649256690123,29.3086427363303,6,20243.74,4,8048,35.595766371938,35.2738148487903,184,1627.51
20.812,2076,47062.3066666666,5410.07,448037.477,261033.4,340.862004668088,375.243572175222,35.3020635236073,35.98250707128,40039,31.59971,8121,36.9369363917544,32.7095334436842,1.61,11601,4,7944,35.618559016,34.8982870550237,2118,1629
16.496,2079,77973.31,12419.268,451048.747,0,1403.2659048768,0,35.3020635236073,35.98250707128,39992,31.60748,8275,30.9649256690123,32.7095334436842,6.87,29577.74,4,8112,35.595766371938,35.2738148487903,172,1645.8
21.412,2080,98289.15,8893.48600000001,418079.801,0,1442.5509431449,0,35.3020635236073,35.98250707128,40007,31.57834,8195,34.5591944596218,32.7095334436842,6,21664.62,4,8010,35.595766371938,35.2738148487903,172,1629.89
22.484,2082,125319.616666667,5872.32600000001,335542.9,0,247.903778531798,0,35.3020635236073,35.98250707128,40055,31.60702,8296,30.9649256690123,32.7095334436842,2.62,5287.88,4,8022,35.595766371938,35.2738148487903,190,1633.55
20.272,2083,58650.17,11016.562,431370.791,0,1563.8663175694,0,35.3020635236073,35.98250707128,40066,31.5892,8326,30.9649256690123,32.7095334436842,7,29586.62,4,8008,35.595766371938,34.9222426214717,152,1631
20.104,2085,0,12432,184504,656313,94.8577728776185,361.804299889746,31.0822746668166,23.19,40282,31.44664,8121,34.5591944596218,32.7095334436842,1,0,4,8045,32.6831244593204,36.9909862812121,1814,1579.21
17.524,2134,728532,9492,738024,1818840,249.326488706365,632.443531827515,35.3020635236073,44.1583190845455,40404,31.56444,8525,27.9264454507692,34.88898603,1,0,4,8424,39.581925305625,31.4914543142373,2922,3149.75
21.52,2136,67341.16,10600.946,522390.05632,0,1615.15442629372,0,35.3020635236073,35.98250707128,40298,31.5524,8432,30.9649256690123,29.3086427363303,8,27743.62,4,8200,35.595766371938,35.2738148487903,194,1590.36
20.028,2140,68727.12,11325.562,552126.1,0,1396.52944295744,0,35.3020635236073,35.98250707128,40338,31.62199,8293,30.9649256690123,40.8021444320833,7,26336.62,4,8032,35.595766371938,35.2738148487903,138,1605.52
19.544,2141,0,5500,237396,119320,337.657894736842,785,31.0822746668166,35.077404580155,40336,31.52035,8665,30.9649256690123,32.7095334436842,4,0,3,7050,35.6141918974286,36.9909862812121,152,592.23
14.336,2145,0,5000,234798,135194,366.272727272727,877.883116883117,31.0822746668166,35.077404580155,40342,31.50975,8700,27.1641634838889,32.7095334436842,4,0,3,7000,35.6141918974286,36.9909862812121,154,589.55
11.228,2157,92831.85,10995.286,646229.045683637,0,1403.69169998204,0,35.3020635236073,35.98250707128,40462,31.57511,8760,30.9649256690123,29.3086427363303,8,15251.5,4,8578,35.595766371938,35.2738148487903,182,1627.67
13.324,2169,94765.99,12167.142,672635.745683637,0,1370.14894446579,0,35.3020635236073,35.98250707128,40459,31.56021,8612,30.9649256690123,29.3086427363303,8,9030.62,4,8396,35.595766371938,35.2738148487903,196,1710.87
20.868,2175,88039.85,11502.596,658495.315683636,0,1474.78801053206,0,35.3020635236073,35.98250707128,40442,31.58565,8635,30.9649256690123,32.7095334436842,8,8875.01,4,8376,35.595766371938,35.2738148487903,190,1634.93
14.912,2218,236479.070824,7634.49,668045.39,669121,265.660451422964,328.322374877331,35.3020635236073,35.98250707128,40881,31.61428,8144,34.5591944596218,32.7095334436842,1.19,4801.02,4,7849,39.581925305625,47.224,2038,3251.37
21.94,2229,0,0,459668,125000,1320,1000,31.0822746668166,28.7435445124554,40952,31.48826,8025,34.5591944596218,32.7095334436842,4,325000,4,7869,41.6378872642857,36.9909862812121,125,1561.24
21.56,2230,0,0,547000,125000,1044.30379746835,791.139240506329,31.0822746668166,28.7435445124554,40955,31.49176,8055,34.5591944596218,34.88898603,4,490000,3,7868,41.6378872642857,36.9909862812121,158,563.61
7.836,2237,0,9072,771498,503744,193.952175019079,128.146527601119,35.3020635236073,44.1583190845455,40925,31.53383,10054,7.836,32.7095334436842,1,0,9,9887,32.6831244593204,31.4914543142373,3931,2275.98
29.088,1524,0,5000,201980,122328,290.915254237288,691.118644067797,31.0822746668166,35.077404580155,37726,31.53781,8210,30.9649256690123,32.7095334436842,3,0,3,6590,35.6141918974286,34.5816186084104,177,1488.92
28.91222461,1526,0,5000,197595,0,1.50602409638554,0,35.3020635236073,35.077404580155,37753,31.55151,8120,34.5591944596218,32.7095334436842,3,0,4,6653,35.595766371938,35.2738148487903,332,2587.4
27.41962381,1536,0,0,185517,292190,110.756417910448,174.441791044776,31.0822746668166,28.7435445124554,37649,31.47097,8225,34.5591944596218,32.7095334436842,1,0,4,8078,32.6831244593204,31.6014449535767,1675,1572.1
26.20745867,1537,0,0,222222,289940,133.949367088608,174.767932489451,31.0822746668166,28.7435445124554,37699,31.47761,8225,34.5591944596218,32.7095334436842,1,0,4,8004,32.6831244593204,31.766430912586,1659,1570.26
23.639,1555,0,11000,348454,16200,6735.1,1620,31.0822746668166,35.077404580155,37963,31.46657,9315,30.9649256690123,29.3086427363303,5,0,4,9100,32.6831244593204,34.2979749045877,10,1566.64
29.19716485,1568,0,0,189533,289640,116.135416666667,177.475490196078,31.0822746668166,28.7435445124554,37703,31.54827,8227,34.5591944596218,32.7095334436842,1,0,4,8153,32.6831244593204,31.6564402732465,1632,1591.32
25.76,1570,0,5000,356901,13602,7345.8,1360.2,31.0822746668166,35.077404580155,37810,31.47368,9300,36.9369363917544,34.88898603,5,0,4,9090,32.6831244593204,34.6288682466652,10,2471.38
24.501905,1573,0,4000,197649,0,2.55102040816327,0,31.0822746668166,35.077404580155,37889,31.58599,8620,36.9369363917544,32.7095334436842,3,0,4,6998,35.595766371938,35.2738148487903,196,2471.24
25.01447869,1574,0,5000,206138,0,2.67379679144385,0,31.0822746668166,35.077404580155,37889,31.57456,8630,30.9649256690123,29.3086427363303,3,0,3,6997,35.595766371938,35.2738148487903,187,1481.46
23.428,1586,0,5000,145309,155000,71.9776119402985,578.358208955224,35.3020635236073,35.077404580155,37838,31.63724,8430,36.9369363917544,32.7095334436842,3,0,4,8184,35.6141918974286,36.9909862812121,268,1598
24.1,1613,0,5000,191715,127823,251.566502463054,629.669950738916,31.0822746668166,35.077404580155,37972,31.56325,8355,30.9649256690123,32.7095334436842,3,0,4,6718,35.6141918974286,35.9408775742881,203,2504.92
29.856,1625,0,0,220506,135000,258.1,375,31.0822746668166,28.7435445124554,38095,31.46986,8300,34.5591944596218,32.7095334436842,2,0,4,8021,32.6831244593204,31.4914543142373,360,1577.27
23.852,1634,0,0,220506,215000,132.080745341615,222.567287784679,31.0822746668166,28.7435445124554,38159,31.52338,8337,34.5591944596218,32.7095334436842,2,0,4,7446,32.6831244593204,31.4914543142373,966,2564.28
25.4,1639,0,0,220506,135000,357.369230769231,519.230769230769,31.0822746668166,28.7435445124554,38150,31.48406,8290,34.5591944596218,32.7095334436842,2,0,4,7903,32.6831244593204,31.4914543142373,260,1564
26.52292632,1645,0,0,220506,135000,371.664,540,31.0822746668166,28.7435445124554,38156,31.50218,8300,30.9649256690123,32.7095334436842,2,0,4,8011,32.6831244593204,31.4914543142373,250,1566.72
29.15185689,1654,0,0,220506,135000,416.663677130045,605.381165919282,31.0822746668166,28.7435445124554,38227,31.44684,8174,34.5591944596218,29.3086427363303,2,0,4,7944,32.6831244593204,31.4914543142373,223,1567.17
28.67926976,1669,0,4500,200262,138234,376.88,921.56,31.0822746668166,35.077404580155,38295,31.53355,8205,30.9649256690123,32.7095334436842,3,0,4,6591,35.6141918974286,34.7790373916009,150,1582.11
29.992,1676,0,0,367506,140000,610.986899563319,611.353711790393,31.0822746668166,28.7435445124554,38291,31.4549,8140,34.5591944596218,32.7095334436842,2,0,4,7942,32.6831244593204,31.7114355929162,229,2526.45
27.77576071,1680,0,0,367506,140000,546.546875,546.875,31.0822746668166,28.7435445124554,38326,31.43709,8231,34.5591944596218,32.7095334436842,2,0,4,8003,32.6831244593204,31.4914543142373,256,1564.05
29.26563545,1685,0,11000,345278,14866,7480.2,1486.6,31.0822746668166,35.077404580155,38362,31.47835,9274,30.9649256690123,32.7095334436842,5,0,4,9010,32.6831244593204,34.4553003614454,10,1568.78
28.35819288,1699,0,11000,345782,18375,2315.6,612.5,31.0822746668166,35.077404580155,38417,31.49829,9319,34.5591944596218,29.3086427363303,5,0,4,9006,32.6831244593204,34.1181826884148,30,1585.77
26.428,1700,0,11000,361616,15355,7480.2,1535.5,31.0822746668166,35.077404580155,38397,31.45886,9350,30.9649256690123,29.3086427363303,5,0,4,9008,32.6831244593204,34.3205953050437,10,1568.87
29.104,1713,383200,0,383200,49250,583.185840707965,217.920353982301,31.0822746668166,28.7435445124554,38626,31.52521,8314,34.5591944596218,32.7095334436842,2,0,4,8157,27.7652739175,28.2539623928571,226,1590.9
28.22,1736,383200,0,383200,49250,621.698113207547,232.311320754717,31.0822746668166,28.7435445124554,38467,31.43957,8327,34.5591944596218,32.7095334436842,2,0,4,8003,27.7652739175,28.2539623928571,212,1566
24.644,1737,383200,0,383200,49250,593.693693693694,221.846846846847,31.0822746668166,28.7435445124554,38480,31.51718,8322,27.1641634838889,32.7095334436842,2,0,4,8093,27.7652739175,28.265635788869,222,2541.23
29.104,1743,383200,0,383200,49250,596.380090497738,222.850678733032,31.0822746668166,28.7435445124554,38482,31.50308,8265,27.1641634838889,32.7095334436842,2,0,4,8060,27.7652739175,28.3240027689285,221,1569.76
27.8,1745,366270,0,366270,63548,587,302.609523809524,31.0822746668166,28.7435445124554,38909,31.49628,8317,34.5591944596218,34.88898603,2,0,4,8118,27.7652739175,28.2539623928571,210,1603.52
27.51995035,1759,0,5000,186612,135420,378.992647058824,995.735294117647,31.0822746668166,35.077404580155,38570,31.5308,8160,30.9649256690123,32.7095334436842,3,0,3,6582,35.6141918974286,34.0166421333332,136,564.75
26.688,1762,383200,0,383200,49250,607.373271889401,226.958525345622,31.0822746668166,28.7435445124554,38627,31.4541,8180,34.5591944596218,32.7095334436842,2,0,4,7946,27.7652739175,28.2539623928571,217,1564.06
23.784,1771,383200,0,383200,49250,451.369863013699,168.664383561644,31.0822746668166,28.7435445124554,38643,31.42331,8235,34.5591944596218,32.7095334436842,2,0,4,7927,27.7652739175,30.1201035096071,292,1558.86
23.48265515,1778,383200,0,383200,49250,753.142857142857,281.428571428571,31.0822746668166,28.7435445124554,38796,31.50421,8269,27.1641634838889,29.3086427363303,2,0,3,8038,27.7652739175,28.2539623928571,175,1534.17
25.304,1792,383200,0,383200,49250,459.233449477352,171.602787456446,31.0822746668166,28.7435445124554,38694,31.45856,8124,34.5591944596218,32.7095334436842,2,0,4,8030,27.7652739175,28.2539623928571,287,1565.17
27.684,1793,393965,0,393965,48895,454.48275862069,168.603448275862,31.0822746668166,28.7435445124554,38815,31.44542,8254,34.5591944596218,32.7095334436842,2,0,4,8037,27.7652739175,29.2912923927618,290,1558.28
23.78,1800,364450,0,364450,61500,635.740932642487,318.652849740933,31.0822746668166,28.7435445124554,39084,31.4547,8292,34.5591944596218,32.7095334436842,2,0,4,7827,27.7652739175,28.2290133556785,193,1562.51
27.792,1801,365484,0,365484,61500,672.45652173913,334.239130434783,31.0822746668166,28.7435445124554,39084,31.45015,8266,27.1641634838889,32.7095334436842,2,0,4,7825,27.7652739175,28.2040643184999,184,1556.62
27.228,1803,383200,0,383200,49250,639.805825242718,239.077669902913,31.0822746668166,28.7435445124554,38742,31.52284,8295,27.1641634838889,29.3086427363303,2,0,4,8111,27.7652739175,28.2539623928571,206,1582.71
24.652,1820,0,5000,197568,133901,174.675241157556,430.549839228296,35.3020635236073,35.077404580155,38807,31.57699,8125,30.9649256690123,32.7095334436842,3,0,3,6692,35.6141918974286,34.0846648630683,311,562.89
29.32501026,1823,0,4950,146084,0,1.33333333333333,0,31.0822746668166,35.077404580155,38864,31.51461,8565,36.9369363917544,32.7095334436842,2,0,3,6988,35.595766371938,35.2776405697813,150,581.69
29.852,1833,393965,0,393965,48985,459.233449477352,170.679442508711,31.0822746668166,28.7435445124554,38831,31.43181,8210,34.5591944596218,32.7095334436842,2,0,4,8003,27.7652739175,29.1644872817856,287,1551.59
28.104,1836,0,1500,195243,134899,178.793442622951,442.291803278689,35.3020635236073,35.077404580155,38834,31.59098,8215,30.9649256690123,32.7095334436842,3,0,3,6786,35.6141918974286,35.0811564009984,305,566.84
25.124,1840,366450,0,366450,63750,416.114649681529,203.025477707006,31.0822746668166,28.7435445124554,38827,31.44219,8418,30.9649256690123,34.88898603,2,0,4,8204,27.7652739175,25.759058675,314,1559.57
30.248,1842,492870,0,492870,100823,303.882352941176,121.036014405762,35.3020635236073,28.7435445124554,38827,31.58415,8500,30.9649256690123,32.7095334436842,2,0,4,8405,27.7652739175,27.7300326121071,833,1631.63
29.632,1847,0,1500,196388,136404,157.065714285714,389.725714285714,35.3020635236073,35.077404580155,38852,31.58619,8294,30.9649256690123,32.7095334436842,3,0,4,6843,35.6141918974286,35.574359336135,350,1586.06
23.532,1848,0,5250,184506,126860,281.565789473684,834.605263157895,31.0822746668166,35.077404580155,39108,31.57805,8307,36.9369363917544,32.7095334436842,3,0,4,6695,35.6141918974286,35.7093876034164,152,1580.47
26.39411735,1853,492870,0,492870,100823,269.005313496281,107.144527098831,35.3020635236073,28.7435445124554,38828,31.57637,8500,30.9649256690123,34.88898603,2,0,4,8460,27.7652739175,25.759058675,941,1631.23
23.70705727,1855,375250,0,375250,61500,733.898305084746,347.457627118644,35.3020635236073,28.7435445124554,38867,31.60813,8267,34.5591944596218,32.7095334436842,2,0,3,7912,27.7652739175,28.2491556573928,177,575.32
27.472,1856,383200,0,383200,49250,748.863636363636,279.829545454545,35.3020635236073,28.7435445124554,38854,31.61703,8061,36.9369363917544,32.7095334436842,2,0,4,7891,27.7652739175,28.2539623928571,176,1641
28.096,1862,365750,0,365750,61500,586.96682464455,291.469194312796,31.0822746668166,28.7435445124554,38933,31.52635,8345,34.5591944596218,29.3086427363303,2,0,4,8150,27.7652739175,28.2290133556785,211,2524.84
27.336,1866,385032,0,385032,61500,430,205,31.0822746668166,28.7435445124554,38897,31.52285,8508,30.9649256690123,32.7095334436842,2,0,4,8370,27.7652739175,28.2539623928571,300,1592.21
30.284,1868,365500,0,365500,61500,727.941176470588,361.764705882353,35.3020635236073,28.7435445124554,38958,31.63872,8215,30.9649256690123,32.7095334436842,2,0,3,7888,27.7652739175,28.2539623928571,170,1731
25.05108889,1871,353400,0,353400,61500,496.124031007752,238.372093023256,31.0822746668166,28.7435445124554,38909,31.54559,8334,34.5591944596218,32.7095334436842,2,0,4,8222,27.7652739175,28.2539623928571,258,2518.81
23.508,1881,365484,0,365484,61500,524.28813559322,260.593220338983,31.0822746668166,28.7435445124554,38946,31.40078,8215,34.5591944596218,34.88898603,2,0,4,7963,27.7652739175,28.1992575830356,236,1577
27.748,1897,353400,0,353400,61500,609.52380952381,292.857142857143,31.0822746668166,28.7435445124554,39026,31.54104,8359,34.5591944596218,32.7095334436842,2,0,4,8152,27.7652739175,28.2539623928571,210,2521.27
27.86321554,1914,365484,0,365484,61500,597.739130434783,297.101449275362,31.0822746668166,28.7435445124554,39027,31.40963,8112,34.5591944596218,34.88898603,2,0,4,7918,27.7652739175,28.1992575830356,207,2452.49
29.488,1930,478002,0,478002,110099,301.45247148289,139.542458808619,35.3020635236073,28.7435445124554,39239,31.59996,8531,34.5591944596218,32.7095334436842,2,0,4,8413,27.7652739175,28.1541662441428,789,1614.2
24.036,1932,365484,0,365484,61500,679.846153846154,337.912087912088,31.0822746668166,28.7435445124554,39169,31.46422,8073,30.9649256690123,29.3086427363303,2,0,4,7890,27.7652739175,28.2539623928571,182,1564.95
27.024,1937,147484,0,147484,132500,311.276073619632,812.883435582822,35.3020635236073,28.7435445124554,39268,31.64513,8122,30.9649256690123,32.7095334436842,2,0,4,7910,27.7652739175,28.4764425230949,163,2569
28.836,1958,270791,0,270791,89115,233.587548638132,115.583657587549,35.3020635236073,28.7435445124554,39293,31.62445,8504,34.5591944596218,40.8021444320833,2,0,4,8413,27.7652739175,28.2539623928571,771,1618.52
22.748,1966,0,10500,398987,132200,315.96875,826.25,31.0822746668166,35.077404580155,39624,31.44429,8610,30.9649256690123,32.7095334436842,6,0,4,6343,35.6141918974286,35.6377168864628,160,1576.94
22.696,1967,0,129522.600000001,706162,124650,416.6484375,973.828125,31.0822746668166,35.077404580155,39647,31.44017,8615,30.9649256690123,32.7095334436842,7,0,4,6325,35.6141918974286,36.12686497136,128,1557.26
23.904,1983,242240,0,242240,97700,391.497584541063,471.980676328502,31.0822746668166,28.7435445124554,39495,31.52342,8284,34.5591944596218,32.7095334436842,2,0,4,8156,27.7652739175,28.2539623928571,207,1587.58
30.264,1986,108907.38,5704.86,300804.58,0,268.228206700595,0,35.3020635236073,35.98250707128,39524,31.60375,8564,30.9649256690123,34.88898603,4.38,12157.25,4,8034,35.595766371938,35.2738148487903,165,1605.52
25.85188981,1992,220911,0,220911,43750,409.92039800995,217.661691542289,31.0822746668166,28.7435445124554,39618,31.52543,8428,30.9649256690123,32.7095334436842,2,0,4,8297,27.7652739175,28.2539623928571,201,1594.7
27.468,1998,79830.93,12612.948,456022.142,0,981.767034199004,0,35.3020635236073,35.98250707128,39560,31.57462,8530,36.9369363917544,29.3086427363303,7.19,28212.85,4,8371,35.595766371938,35.2738148487903,301,1636.46
29.132,1999,76827.05,16929.1260000001,493175.441,0,883.464253508133,0,35.3020635236073,35.98250707128,39579,31.58524,8715,36.9369363917544,32.7095334436842,7,21509.09,4,8303,35.595766371938,35.2738148487903,343,1634.06
29.356,2005,209000,0,209000,97700,377.450980392157,478.921568627451,31.0822746668166,28.7435445124554,39587,31.51698,8264,34.5591944596218,29.3086427363303,2,0,4,8193,27.7652739175,28.2539623928571,204,2536.28
25.776,2008,221886,0,221886,118125,488.835294117647,694.852941176471,31.0822746668166,28.7435445124554,39586,31.5239,8326,34.5591944596218,29.3086427363303,2,0,4,8154,27.7652739175,28.2539623928571,170,1587
25.54,2011,208000,0,208000,90625,417.582417582418,497.93956043956,31.0822746668166,28.7435445124554,39657,31.47911,8220,34.5591944596218,32.7095334436842,2,0,4,8025,27.7652739175,28.2539623928571,182,1580
23.77308795,2018,448250,0,448250,41200,334.378920953576,51.693851944793,35.3020635236073,28.7435445124554,39822,31.59294,8527,34.5591944596218,32.7095334436842,2,0,4,8392,27.7652739175,28.2539623928571,797,1604.38
27.38,2020,0,6000,213161,136860,428.769911504425,1211.15044247788,35.3020635236073,35.077404580155,39614,31.58751,8201,34.5591944596218,32.7095334436842,4,0,3,6524,35.6141918974286,34.8585363573141,113,565.9
26.296,2028,71526.04,16016.1800000001,471654.607,0,1662.43504204417,0,35.3020635236073,35.98250707128,39627,31.57789,8700,30.9649256690123,40.8021444320833,6.85,24395.5,4,8400,35.595766371938,35.2738148487903,150,1607.48
29.396,2029,69275.02,16887.9260000001,491530.971,0,933.225576628473,0,35.3020635236073,35.98250707128,39630,31.57814,8723,36.9369363917544,34.88898603,7,22943.48,4,8364,35.595766371938,35.2738148487903,356,1624.2
26.532,2059,77833.97,12724.388,460490.441,0,1570.96193519017,0,35.3020635236073,35.98250707128,40091,31.59258,8250,30.9649256690123,32.7095334436842,7,21843.74,4,7982,35.595766371938,32.93,170,1636
23.48,2075,60694.29,12636.288,468715.291,0,1583.62978498877,0,35.3020635236073,35.98250707128,40136,31.60701,8208,36.9369363917544,32.7095334436842,7,25025.23,4,7990,35.595766371938,35.2738148487903,168,1641.03
26.276,2086,0,13306,498415,501474,269.954924874791,279.061769616027,31.0822746668166,23.19,40289,31.44939,8111,34.5591944596218,29.3086427363303,1,0,4,8043,32.6831244593204,36.9909862812121,1797,1587.98
26.412,2099,0,10080,974232,1120000,447.402320185615,519.721577726218,35.3020635236073,44.1583190845455,40374,31.53287,8480,36.9369363917544,34.88898603,1,0,4,8337,32.6831244593204,31.4914543142373,2155,1606.67
23.716,2106,73388.12,11702.742,505528.737,0,1537.91042050991,0,35.3020635236073,35.98250707128,40216,31.59266,8527,34.5591944596218,34.88898603,7,18190.5,4,8356,35.595766371938,35.2738148487903,196,1616.89
30.128,2108,79422.17,11633.242,493460.297,0,1542.14228011591,0,35.3020635236073,35.98250707128,40238,31.56728,8518,34.5591944596218,29.3086427363303,8,16764.62,4,8272,35.595766371938,35.2738148487903,176,1696.5
27.556,2114,73786.12,10584.896,495568.117,0,1569.3710376867,0,35.3020635236073,35.98250707128,40231,31.56723,8532,34.5591944596218,29.3086427363303,8,18185.5,4,8348,35.595766371938,35.2738148487903,196,1614.1
27.572,2124,72682.12,12081.772,602675.61932,0,838.53622774147,0,35.3020635236073,35.98250707128,40301,31.58594,8775,30.9649256690123,32.7095334436842,7,22985.5,4,8528,35.595766371938,35.2738148487903,190,1094.79
30.31861183,2127,0,7560,588630,846560,257.909454061252,375.747891699956,35.3020635236073,44.1583190845455,40383,31.55127,8480,36.9369363917544,32.7095334436842,1,0,4,8377,32.6831244593204,31.4914543142373,2253,1676.81
23.696,2129,78338.26,12217.352,555384.612683637,0,1362.07722986804,0,35.3020635236073,35.98250707128,40294,31.59678,8737,30.9649256690123,29.3086427363303,8,16769.62,4,8464,35.595766371938,35.2738148487903,194,1614.19
26.236,2132,0,5000,235662,95710,327.434210526316,629.671052631579,31.0822746668166,35.077404580155,40315,31.52574,8630,34.5591944596218,32.7095334436842,4,0,4,7018,35.6141918974286,36.9909862812121,152,1589.13
23.924,2137,74396.26,12342.202,537063.062683637,0,717.730769170459,0,35.3020635236073,35.98250707128,40287,31.60762,8720,30.9649256690123,32.7095334436842,8,12230.62,4,8470,35.595766371938,35.2738148487903,192,1609.85
28.78,2162,65495.16,12138.882,643959.74932,0,1553.23109848991,0,35.3020635236073,35.98250707128,40347,31.54912,8549,30.9649256690123,32.7095334436842,8,22047.5,4,8366,35.595766371938,35.2738148487903,192,1611
27.02,2164,112151.89,10806.136,684885.18932,0,1462.24155357184,0,35.3020635236073,35.98250707128,40584,31.57118,8660,30.9649256690123,32.7095334436842,7,13670.01,4,8498,35.595766371938,35.2738148487903,195,1633.07
29.072,2166,71446.02,11508.682,647514.13932,0,1610.68706457849,0,35.3020635236073,35.98250707128,40410,31.54529,8478,34.5591944596218,40.8021444320833,8,9025.62,4,8232,35.595766371938,35.2738148487903,202,1589.19
23.408,2173,85929.08,11332.722,597718.40932,0,1508.98299717236,0,35.3020635236073,35.98250707128,40408,31.61716,8318,30.9649256690123,40.8021444320833,7,21048.74,4,8032,35.595766371938,35.2738148487903,165,1648.23
27.532,2185,114010.03,13473.418,698766.905683637,0,1558.2542998511,0,35.3020635236073,35.98250707128,40589,31.59987,8560,34.5591944596218,32.7095334436842,8,9035.62,4,8350,35.595766371938,35.2738148487903,188,1625.46
30.188,2187,84319.83,12161.252,667558.575683636,0,1472.0697384876,0,35.3020635236073,35.98250707128,40469,31.58575,8670,36.9369363917544,32.7095334436842,8,16800.97,4,8408,35.595766371938,35.2738148487903,198,1645.5
26.76028006,2192,119005.74,11954.442,639653.70932,0,1293.48159173567,0,35.3020635236073,35.98250707128,40588,31.61368,8563,30.9649256690123,29.3086427363303,7,22469.62,4,8054,35.595766371938,35.2738148487903,168,1630
26.68,2193,89884.08,12297.392,656319.13932,0,693.361614538137,0,35.3020635236073,35.98250707128,40486,31.60771,8776,34.5591944596218,32.7095334436842,7,13830.62,4,8524,35.595766371938,35.2738148487903,194,1614.19
28.208,2202,108593.98,12413.468,646205.21932,0,1558.2945838242,0,35.3020635236073,35.98250707128,40548,31.5781,8530,30.9649256690123,32.7095334436842,8,10451.5,4,8298,35.595766371938,35.2738148487903,182,1620.53
24.244,2203,105535.85,10774.366,671238.37932,0,1368.52394562423,0,35.3020635236073,35.98250707128,40523,31.57501,8700,34.5591944596218,29.3086427363303,7,27109.01,4,8542,35.595766371938,35.2738148487903,206,1633.13
27.74933842,2205,104951.02,11246.322,641387.09932,0,1663.20729231918,0,35.3020635236073,35.98250707128,40559,31.54897,8500,34.5591944596218,40.8021444320833,8,9025.62,4,8250,35.595766371938,35.2738148487903,194,1595.22
27.824,2206,117808.03,11756.202,678272.62932,0,1284.85649513351,0,35.3020635236073,35.98250707128,40565,31.5676,8650,30.9649256690123,29.3086427363303,7,24088.13,4,8490,35.595766371938,35.2738148487903,196,1761.73
24.276,2211,53674.1,10301.486,613693.94,136681.79,1533.59491700793,589.562124681924,35.3020635236073,35.98250707128,40661,31.62717,8281,30.9649256690123,32.7095334436842,7,12589,4,8056,35.6167771440357,35.5281380599673,156,1623.49
23.452,2220,0,10080,846972,682210,381.098360655738,310.66029143898,35.3020635236073,44.1583190845455,40854,31.52916,9958,36.9369363917544,34.88898603,1,0,4,9840,32.6831244593204,31.4914543142373,2196,1365.4387
27.78,2221,0,10080,836472,727700,325.60756501182,286.72182821119,35.3020635236073,44.1583190845455,40846,31.5342,10144,36.9369363917544,32.7095334436842,1,0,4,9711,32.6831244593204,31.4914543142373,2538,1047.54
23.00821016,2245,187809.883608,6971.13600000001,491863.37,0,301.163649557375,0,35.3020635236073,35.98250707128,41001,31.63968,8242,30.9649256690123,34.88898603,1,40004.88,4,7987,35.595766371938,35.2738148487903,2058,1636.66
24.508,2250,222655.408144,11405.966,851362.14,627756.42,1407.22309125735,1033.75996027953,35.3020635236073,35.98250707128,41091,31.63296,9870,34.5591944596218,40.8021444320833,1,168472.16,8,9652,41.6378872642857,28.2539623928571,2001,2059.65
25.484,2252,170245.263608,7416.75600000001,669709.6,0,352.689406622048,0,35.3020635236073,35.98250707128,41039,31.61058,8150,34.5591944596218,34.88898603,1,47252.02,4,7861,35.595766371938,35.2738148487903,2060,3260.76
32.70993787,1519,0,45500,2541052,137550,13205.0847457627,777.118644067797,31.0822746668166,35.077404580155,37732,31.6031,8540,34.5591944596218,32.7095334436842,3,500,3,7004,32.6831244593204,34.7670552437801,177,596
35.02434343,1523,0,5000,207337,135740,316.32,775.657142857143,31.0822746668166,35.077404580155,37719,31.54523,8198,30.9649256690123,32.7095334436842,3,0,3,6633,35.6141918974286,35.0860876976107,175,565.58
38.48,1525,0,3500,201236,133607,355.6875,835.04375,35.3020635236073,35.077404580155,37754,31.54521,8112,30.9649256690123,32.7095334436842,3,0,4,6468,35.6141918974286,35.2738148487903,160,2771.06
33.27003426,1529,0,0,140135,284000,142.558494404883,288.911495422177,31.0822746668166,28.7435445124554,37636,31.49233,8225,34.5591944596218,32.7095334436842,1,0,3,7450,32.6831244593204,32.0910640566598,983,563.009999999999
34.33198681,1538,0,0,186984,290030,111.765690376569,173.359234907352,31.0822746668166,28.7435445124554,37684,31.48299,8225,27.1641634838889,32.7095334436842,1,0,4,8077,32.6831244593204,31.4914543142373,1673,1575.18
35.07129045,1543,0,0,189966,291891,113.888489208633,174.994604316547,31.0822746668166,28.7435445124554,37676,31.46139,8238,27.1641634838889,32.7095334436842,1,0,4,8022,32.6831244593204,31.6564402732465,1668,1563.71
31.19237239,1546,0,0,212226,290950,127.846987951807,175.271084337349,31.0822746668166,28.7435445124554,37701,31.4544,8225,34.5591944596218,32.7095334436842,1,0,4,7982,32.6831244593204,31.766430912586,1660,1565.28
36.91160307,1561,99400,6000,286770,30700,856.896551724138,264.655172413793,35.3020635236073,28.7435445124554,37743,31.64331,8300,30.9649256690123,32.7095334436842,4,0,4,8178,27.7652739175,33.0486486590448,116,2655.79
34.89567384,1563,0,3000,175200,130000,4350,13000,35.3020635236073,28.7435445124554,37774,31.6183,8047,34.5591944596218,29.3086427363303,3,0,3,6276,32.6831244593204,31.4914543142373,10,572
36.51621832,1567,0,0,187216,291500,118.191919191919,184.027777777778,31.0822746668166,28.7435445124554,37684,31.54204,8237,34.5591944596218,32.7095334436842,1,0,4,8132,32.6831244593204,31.6014449535767,1584,2529.02
33.312,1571,0,4000,204202,0,2.94117647058824,0,31.0822746668166,35.077404580155,37810,31.46127,9250,30.9649256690123,29.3086427363303,3,0,4,6750,35.595766371938,35.2738148487903,170,1565.88
37.176,1575,0,5000,138854,0,2.57731958762887,0,31.0822746668166,35.077404580155,37810,31.59868,8550,27.9264454507692,32.7095334436842,3,0,4,6926,35.595766371938,35.2738148487903,194,2480.9
31.38,1579,0,4000,190354,0,6.17283950617284,0,31.0822746668166,35.077404580155,37810,31.58893,8540,27.9264454507692,32.7095334436842,3,0,4,6803,35.595766371938,35.2738148487903,81,2492.53
39.324,1609,0,0,90365,135000,53.6609263657957,80.166270783848,31.0822746668166,28.7435445124554,37896,31.45611,8200,34.5591944596218,32.7095334436842,1,0,4,8071,32.6831244593204,31.3943295565958,1684,1562.69
32.644,1610,0,8000,285938,17640,349,77.3684210526316,31.0822746668166,35.077404580155,38077,31.46399,9304,30.9649256690123,32.7095334436842,4,0,4,8906,32.6831244593204,34.8125191431246,228,2474.1
39.388,1612,0,5000,195096,130557,153.69375,407.990625,35.3020635236073,35.077404580155,37963,31.59617,8180,36.9369363917544,29.3086427363303,3,0,4,6701,35.6141918974286,35.357352992579,320,1599.33
34.48819999,1616,0,5000,203324,135187,265.5,689.729591836735,31.0822746668166,35.077404580155,38226,31.61293,8520,27.1641634838889,32.7095334436842,3,0,4,6884,35.6141918974286,35.8478513638832,196,2448
34.24012514,1621,0,11000,349712,35260,567.943548387097,142.177419354839,31.0822746668166,35.077404580155,38153,31.46258,9118,36.9369363917544,32.7095334436842,4,0,4,8933,32.6831244593204,34.7134337839456,248,2502.37
34.904,1624,0,11000,384756,17377,8127,1737.7,31.0822746668166,35.077404580155,38205,31.44973,9300,36.9369363917544,32.7095334436842,5,158149,4,9010,34.904,34.8425873312286,10,2478
36.2429405,1626,0,0,220080,215000,132.310659898477,218.274111675127,31.0822746668166,28.7435445124554,38119,31.45046,8229,34.5591944596218,29.3086427363303,2,0,4,7339,35.6141918974286,31.4914543142373,985,1562.89
35.576,1627,0,0,159000,350000,98.6352357320099,217.12158808933,31.0822746668166,28.7435445124554,38078,31.46737,8250,34.5591944596218,32.7095334436842,1,0,4,8042,32.6831244593204,31.8764215519255,1612,2530.91
38.304,1650,0,5000,194756,136548,307.685393258427,767.123595505618,31.0822746668166,35.077404580155,38258,31.5407,8270,30.9649256690123,32.7095334436842,3,0,3,6619,35.6141918974286,34.8718344328444,178,1505.18
32.59924597,1671,0,5000,201224,138234,330.284023668639,817.952662721893,31.0822746668166,35.077404580155,38295,31.59139,8345,34.5591944596218,32.7095334436842,3,0,4,6710,35.6141918974286,35.937397397591,169,2459.33
32.49670036,1672,0,5000,200636,137740,288.191489361702,732.659574468085,31.0822746668166,35.077404580155,38307,31.58082,8615,36.9369363917544,32.7095334436842,3,0,4,6928,35.6141918974286,35.9752210029365,188,2501.64
36.86935873,1684,0,14000,429998,16852,7564.2,1685.2,31.0822746668166,35.077404580155,38377,31.46773,9270,34.5591944596218,29.3086427363303,6,0,4,8974,32.6831244593204,34.4684095497287,10,2479.72
32.723344,1688,0,0,367506,140000,638.885844748858,639.269406392694,31.0822746668166,28.7435445124554,38302,31.51931,8418,34.5591944596218,32.7095334436842,2,0,4,8220,32.6831244593204,31.986412191265,219,1591.31
35.592,1697,0,11000,354812,18955,13160,3159.16666666667,31.0822746668166,35.077404580155,38396,31.48515,9315,30.9649256690123,32.7095334436842,5,0,4,9024,32.6831244593204,34.3640291248882,6,1576.79
32.712,1698,0,12500,376598,15300,7308,1530,31.0822746668166,35.077404580155,38377,31.48419,9260,36.9369363917544,32.7095334436842,5,0,4,8958,32.6831244593204,34.3470094193286,10,1010.52
33.524,1706,0,0,383200,49250,580.616740088106,216.960352422907,31.0822746668166,28.7435445124554,38375,31.49672,8298,30.9649256690123,32.7095334436842,2,0,4,8071,32.6831244593204,31.4914543142373,227,1565.23
33.756,1710,0,0,383200,49250,565.665236051502,211.37339055794,31.0822746668166,28.7435445124554,38382,31.50115,8326,34.5591944596218,32.7095334436842,2,0,4,8082,32.6831244593204,31.4914543142373,233,1566.99
38.388,1720,0,12000,360664,17595,500.95,109.96875,31.0822746668166,35.077404580155,38458,31.48023,9250,36.9369363917544,32.7095334436842,5,0,4,9016,32.6831244593204,34.7227642442783,160,1566.98
34.848,1725,0,5000,163048,134117,233.802259887006,757.723163841808,31.0822746668166,35.077404580155,38593,31.54317,8215,30.9649256690123,32.7095334436842,3,0,3,6657,35.6141918974286,35.1950716810008,177,561.29
31.244,1726,0,5000,194960,135237,392.584,1081.896,31.0822746668166,35.077404580155,38592,31.51928,8230,36.9369363917544,32.7095334436842,3,0,4,6560,35.6141918974286,35.0207457740128,125,1677.04
35.16005354,1727,0,8500,352366,16203,4754.58823529412,953.117647058824,31.0822746668166,35.077404580155,38465,31.4668,9260,34.5591944596218,29.3086427363303,5,0,4,9002,32.6831244593204,34.3203519984584,17,1561.77
33.272,1755,383200,0,383200,49250,580.616740088106,216.960352422907,31.0822746668166,28.7435445124554,38580,31.52156,8303,34.5591944596218,32.7095334436842,2,0,4,8110,27.7652739175,28.2539623928571,227,1580.06
32.44123301,1757,383200,0,383200,49250,613.023255813953,229.06976744186,31.0822746668166,28.7435445124554,38558,31.42852,8202,34.5591944596218,38.0724890142857,2,0,4,7913,27.7652739175,28.2539623928571,215,1556
35.212,1760,0,3500,125510,173250,372.4,1050,31.0822746668166,35.077404580155,38613,31.53151,8282,34.5591944596218,32.7095334436842,2,0,4,7252,35.6141918974286,35.3474734248704,165,1586.45
37.3,1765,383200,0,383200,49250,639.805825242718,239.077669902913,31.0822746668166,28.7435445124554,38576,31.42752,8204,34.5591944596218,32.7095334436842,2,0,4,7896,27.7652739175,28.2539623928571,206,2475.01
36.55831701,1767,383200,0,383200,49250,596.380090497738,222.850678733032,31.0822746668166,28.7435445124554,38608,31.54289,8360,34.5591944596218,34.88898603,2,0,4,8136,27.7652739175,28.2539623928571,221,1589.54
36.764,1774,383200,0,383200,49250,615.88785046729,230.140186915888,31.0822746668166,28.7435445124554,38621,31.528,8451,27.1641634838889,29.3086427363303,2,0,4,8225,27.7652739175,28.2539623928571,214,2515.09
37.9403326,1779,0,3000,105800,134524,3422,10348,35.3020635236073,35.077404580155,38637,31.59531,8190,34.5591944596218,29.3086427363303,2,0,4,6482,35.6141918974286,31.8727020277894,13,1587.84
33.424,1790,383200,0,383200,49250,618.779342723005,231.220657276995,31.0822746668166,28.7435445124554,38673,31.46733,8253,34.5591944596218,29.3086427363303,2,0,4,8014,27.7652739175,35.258,213,1576.55
31.58,1798,365750,0,365750,61500,589.761904761905,292.857142857143,31.0822746668166,28.7435445124554,38907,31.53877,8339,27.1641634838889,32.7095334436842,2,0,4,8137,27.7652739175,28.2290133556785,210,2535.54
34.4,1805,383200,0,383200,49250,639.805825242718,239.077669902913,31.0822746668166,28.7435445124554,38754,31.5072,8242,27.1641634838889,29.3086427363303,2,0,4,8083,27.7652739175,28.2539623928571,206,1576.36
36.31888501,1807,504800,0,504800,98500,336.883116883117,127.922077922078,35.3020635236073,28.7435445124554,38705,31.60346,8500,34.5591944596218,34.88898603,2,0,4,8380,27.7652739175,28.2539623928571,770,1610.1
38.86579378,1810,504800,0,504800,98500,323.441396508728,122.817955112219,35.3020635236073,28.7435445124554,38723,31.59383,8480,34.5591944596218,40.8021444320833,2,0,4,8385,27.7652739175,28.0294210582499,802,1599.02
31.956,1811,504800,0,504800,98500,301.97904540163,114.668218859139,35.3020635236073,28.7435445124554,38720,31.58863,8526,30.9649256690123,32.7095334436842,2,0,4,8434,27.7652739175,27.9545739467142,859,1629.02
37.32541472,1818,0,1750,193889,131432,167.423566878981,418.573248407643,31.0822746668166,35.077404580155,38818,31.58488,8260,30.9649256690123,29.3086427363303,3,0,3,6853,35.6141918974286,35.6449584096048,314,550.410000000001
31.108,1821,0,5000,195691,130760,329.3125,817.25,31.0822746668166,35.077404580155,38807,31.54091,8525,30.9649256690123,32.7095334436842,3,0,3,6959,35.6141918974286,36.0506390444663,160,590.22
34.4131975,1831,0,5250,204952,139132,175.067901234568,429.41975308642,35.3020635236073,35.077404580155,38994,31.61702,8260,27.9264454507692,32.7095334436842,3,0,4,6727,35.6141918974286,35.2341996682192,324,1590
36.416,1834,509250,0,509250,98929,316.199270959903,120.205346294046,35.3020635236073,28.7435445124554,38854,31.59103,8510,30.9649256690123,34.88898603,2,0,4,8398,27.7652739175,27.9545739467142,823,1616.61
32.812,1835,0,6250,195510,135360,322.496894409938,840.745341614907,31.0822746668166,35.077404580155,38972,31.59039,8295,34.5591944596218,32.7095334436842,3,0,3,6703,35.6141918974286,35.6495971889372,161,1435.19
34.664,1844,0,5250,200888,134955,1806.35483870968,4353.38709677419,35.3020635236073,35.077404580155,39015,31.62709,8172,30.9649256690123,32.7095334436842,3,0,3,6372,35.6141918974286,30.409116566232,31,558
33.50169037,1858,507500,0,507500,110750,299.414519906323,129.683840749415,35.3020635236073,28.7435445124554,38867,31.58157,8512,34.5591944596218,34.88898603,2,0,4,8409,27.7652739175,28.2539623928571,854,2834.49
38.0292309,1865,353400,0,353400,61500,426.666666666667,205,31.0822746668166,28.7435445124554,38901,31.52355,8505,30.9649256690123,32.7095334436842,2,0,4,8410,27.7652739175,28.2539623928571,300,2522.65
38.7437565,1867,0,4950,180090,134000,289.896551724138,770.114942528736,31.0822746668166,35.077404580155,39068,31.55037,8670,34.5591944596218,32.7095334436842,3,0,4,7073,35.6141918974286,34.6844721550538,174,1591.8
36.77679768,1876,365482,0,365482,61500,699.050847457627,347.457627118644,35.3020635236073,28.7435445124554,38971,31.61922,8211,34.5591944596218,32.7095334436842,2,0,4,7886,27.7652739175,28.2539623928571,177,2764
38.252,1891,353400,0,353400,61500,603.77358490566,290.094339622641,31.0822746668166,28.7435445124554,38985,31.5507,8365,30.9649256690123,32.7095334436842,2,0,4,8181,27.7652739175,28.2539623928571,212,2518.21
32.832,1894,483756,0,483756,108486,527.395973154362,242.697986577181,31.0822746668166,28.7435445124554,39042,31.40133,8358,34.5591944596218,32.7095334436842,2,0,4,8270,27.7652739175,28.2539623928571,447,1578.22
33.176,1895,676032,0,676032,601000,275.481662591687,244.906275468623,31.0822746668166,42.6377498866667,39150,31.48091,9300,30.9649256690123,32.7095334436842,1,0,4,9079,27.7652739175,31.3789941795462,2454,1580.46
38.736,1908,0,5250,198577,133272,1431.56756756757,3601.94594594595,35.3020635236073,35.077404580155,39083,31.59881,8223,34.5591944596218,29.3086427363303,3,0,3,6478,35.6141918974286,31.8883318389989,37,866.08
34.8,1936,383100,0,383100,181250,267.870485678705,225.716064757161,35.3020635236073,28.7435445124554,39282,31.61928,8526,34.5591944596218,32.7095334436842,2,0,4,8402,27.7652739175,28.2539623928571,803,1618.53
33.73002076,1942,268624,0,268624,218896,477.528795811518,573.026178010471,31.0822746668166,28.7435445124554,39309,31.47588,8412,30.9649256690123,29.3086427363303,2,0,4,8293,27.7652739175,28.2539623928571,382,1577.16
31.684,1945,364938,0,364938,61500,653.234042553191,327.127659574468,31.0822746668166,28.7435445124554,39195,31.43126,8066,34.5591944596218,32.7095334436842,2,0,4,7887,27.7652739175,28.2539623928571,188,2544.64
36.084,1950,385032,0,385032,61500,1454.72727272727,349.431818181818,31.0822746668166,28.7435445124554,39256,31.51685,8245,34.5591944596218,29.3086427363303,2,0,4,8182,27.7652739175,28.3349035210714,176,2532.85
31.10518902,1959,270791,0,270791,24980,171,74.3452380952381,35.3020635236073,28.7435445124554,39351,31.58786,8508,34.5591944596218,34.88898603,3,0,4,8395,27.7652739175,28.2539623928571,336,1627.49
32.204,1960,387060,0,387060,162379,267.941107184923,191.259128386337,35.3020635236073,28.7435445124554,39315,31.58887,8536,34.5591944596218,34.88898603,2,0,4,8362,27.7652739175,28.2539623928571,849,1630.56
37.668,1972,337020,0,337020,97700,555.970297029703,483.663366336634,31.0822746668166,28.7435445124554,39341,31.53085,8309,34.5591944596218,32.7095334436842,2,0,4,8223,27.7652739175,28.2539623928571,202,1594.51
37.62,1974,337020,0,337020,97700,558.73631840796,486.069651741294,31.0822746668166,28.7435445124554,39344,31.51335,8350,34.5591944596218,32.7095334436842,2,0,4,8197,27.7652739175,28.2539623928571,201,1582.92
33.484,1976,242240,0,242240,97700,403.18407960199,486.069651741294,31.0822746668166,28.7435445124554,39496,31.52648,8296,34.5591944596218,32.7095334436842,2,0,4,8140,27.7652739175,28.2539623928571,201,1577.7
37.644,1981,242240,0,242240,97700,395.317073170732,476.585365853659,31.0822746668166,28.7435445124554,39487,31.51211,8314,27.1641634838889,32.7095334436842,2,0,4,8205,27.7652739175,28.2539623928571,205,1584.96
30.672,1994,0,6000,245005,120902,325.364864864865,816.905405405405,31.0822746668166,35.077404580155,39522,31.6148,8672,27.1641634838889,29.3086427363303,4,0,3,6931,35.6141918974286,36.990986281212,148,541
33.728,2042,0,6000,228308,82312,278.06993006993,575.608391608392,31.0822746668166,35.077404580155,39704,31.53483,8564,30.9649256690123,32.7095334436842,4,0,3,6920,35.6141918974286,36.9909862812121,143,586.43
36.584,2051,449500,0,449500,125000,374.084919472914,183.016105417277,31.0822746668166,28.7435445124554,39823,31.47608,10270,30.9649256690123,32.7095334436842,2,0,8,10093,27.7652739175,28.5535452740341,683,2237.74
33.416,2056,291500,0,291500,181250,292.435424354244,334.409594095941,31.0822746668166,28.7435445124554,39833,31.43794,8157,34.5591944596218,32.7095334436842,2,0,4,8024,39.581925305625,28.2539623928571,542,1580.61
37.532,2084,0,12000,578138,120971,9013.2,24194.2,35.3020635236073,35.077404580155,40146,31.56374,9098,30.9649256690123,40.8021444320833,8,0,4,5739,35.6141918974286,36.9909862812121,5,1576
33.488,2087,80526.1,13287.528,458770.237,0,1478.75088536036,0,35.3020635236073,35.98250707128,40150,31.62904,8504,36.9369363917544,40.8021444320833,7.85,21532.6,4,8368,35.595766371938,35.2738148487903,198,1639.98
31.20847532,2091,0,0,298410,130000,493.701923076923,625,31.0822746668166,31.20847532,40249,31.55983,8298,36.9369363917544,32.7095334436842,3,0,4,8178,35.6141918974286,36.9909862812121,208,1599.73
36.01964551,2101,0,7560,655662,823600,288.045333333333,366.044444444444,35.3020635236073,44.1583190845455,40291,31.53994,8510,34.5591944596218,34.88898603,1,0,4,8406,35.6141918974286,33.794622292307,2250,1620.24
38.91903009,2105,0,5000,237090,88927,347.830985915493,626.246478873239,31.0822746668166,35.077404580155,40232,31.54401,8587,30.9649256690123,32.7095334436842,4,0,4,7007,35.6141918974286,36.9909862812121,142,1589.44
33.96,2109,85331.94,10527.356,626361.56932,0,1626.07600251644,0,35.3020635236073,35.98250707128,40450,31.57799,8495,30.9649256690123,32.7095334436842,8,9030.62,4,8284,35.595766371938,35.2738148487903,190,1619.22
36.128,2112,79536.12,11539.202,488417.797,0,1494.0096918748,0,35.3020635236073,35.98250707128,40227,31.56704,8428,34.5591944596218,29.3086427363303,7.12,27757.5,4,8268,35.595766371938,35.2738148487903,198,1602.77
30.7,2125,79024.17,11655.922,534195.24632,0,1548.11788545598,0,35.3020635236073,35.98250707128,40275,31.57076,8510,30.9649256690123,34.88898603,8,11476.74,4,8290,35.595766371938,35.2738148487903,192,1665.48
38.064,2146,0,5000,241416,148725,391.176470588235,972.058823529412,31.0822746668166,35.077404580155,40337,31.52215,8580,34.5591944596218,32.7095334436842,4,0,3,6995,35.6141918974286,36.9909862812121,153,592.52
39.044,2147,0,10584,1657950,697137,402.385442110405,170.282608695652,35.3020635236073,44.1583190845455,40437,31.52764,10130,34.5591944596218,32.7095334436842,1,0,9,10020,32.6831244593204,31.4914543142373,4094,3904.97
32.252,2154,76240.26,13311.138,608341.025683637,0,853.238398107784,0,35.3020635236073,35.98250707128,40312,31.60748,8770,34.5591944596218,38.0724890142857,8,17697.62,4,8510,35.595766371938,35.2738148487903,196,1614.2
37.14,2155,70911.21,11402.842,579174.01932,0,1524.27537063252,0,35.3020635236073,35.98250707128,40326,31.52707,8355,30.9649256690123,32.7095334436842,8,26322.74,4,8138,35.595766371938,35.2738148487903,204,1899.3
39.416,2156,72454.16,10638.706,528738.38632,0,1342.89095382508,0,35.3020635236073,35.98250707128,40330,31.50567,8547,34.5591944596218,32.7095334436842,8,19601.38,4,8302,35.595766371938,35.2738148487903,188,1596.89
38.652,2160,0,14070,1034880,941700,247.769417475728,228.567961165049,35.3020635236073,44.1583190845455,40472,31.5275,10100,34.5591944596218,32.7095334436842,1,0,9,10035,32.6831244593204,31.4914543142373,4120,3905.37
33.034,2180,97032.84,13893.548,709193.065683636,0,1456.69304698893,0,35.3020635236073,35.98250707128,40424,31.63583,8586,30.9649256690123,29.3086427363303,8,20888.13,4,8388,35.595766371938,35.2738148487903,200,1644.82
34.624,2190,89883.85,10969.746,652986.14932,0,857.872400541756,0,35.3020635236073,35.98250707128,40487,31.58236,8780,30.9649256690123,32.7095334436842,7,15246.5,4,8554,35.595766371938,35.2738148487903,192,1639.27
32.952,2197,107393.99,12669.888,656382.12932,0,1551.02572267398,0,35.3020635236073,35.98250707128,40520,31.58913,8532,30.9649256690123,29.3086427363303,8,9035.62,4,8326,35.595766371938,35.2738148487903,203,1649.69
31.888,2199,100729.94,10216.736,635301.38932,0,1623.10184426368,0,35.3020635236073,35.98250707128,40515,31.57432,8500,34.5591944596218,34.88898603,8,9030.62,4,8263,35.595766371938,35.2738148487903,186,1588.19
30.764,2201,112151.89,10781.966,682933.75932,0,1452.5997137204,0,35.3020635236073,35.98250707128,40557,31.57869,8764,30.9649256690123,32.7095334436842,7,15251.5,4,8591,35.595766371938,35.2738148487903,207,1636.94
30.608,2204,103251.02,10654.106,695520.19932,0,1422.91027367423,0,35.3020635236073,35.98250707128,40553,31.54922,8585,34.5591944596218,32.7095334436842,7,10446.5,4,8376,35.595766371938,35.2738148487903,197,1617.79
35.9,2216,112026.88,11080.672,587487.4,0,1486.57392976511,0,35.3020635236073,35.98250707128,40742,31.62704,8314,34.5591944596218,32.7095334436842,7,22460.74,4,8104,35.595766371938,35.2738148487903,272,1630.8
35.624,2217,181538.263608,6963.64600000001,546503.52,0,330.488147180248,0,35.3020635236073,35.98250707128,40790,31.54109,8370,34.5591944596218,32.7095334436842,1,16024.25,4,8136,35.595766371938,35.2738148487903,2440,1606.94
33.152,2238,196344.747216,6439.43,608658.54,703045,265.19843978547,342.78156996587,35.3020635236073,35.98250707128,40937,31.64411,8330,34.5591944596218,40.8021444320833,1.03,17995,4,8030,39.581925305625,47.224,2051,1625.61
35.184,2241,138905.4,7139.87600000001,488406.26,0,291.190940425667,0,35.3020635236073,35.98250707128,40958,31.63757,8340,34.5591944596218,34.88898603,1,38446.98,4,8012,35.595766371938,35.2738148487903,1700,1635.83
32.19555527,2243,176725.583608,7278.58600000001,552130.42864,0,276.590321431531,0,35.3020635236073,35.98250707128,41029,31.64264,8331,27.9264454507692,29.3086427363303,1,35265.49,4,8078,35.595766371938,35.2738148487903,2042,1619.7
37.556,2251,206676.688144,9620.27,825757.47,579137.79,389.776076944668,389.455459279708,35.3020635236073,35.98250707128,41151,31.57472,9910,34.5591944596218,29.3086427363303,1,171798.12,8,9661,41.6378872642857,28.2539623928571,2071,2155.17
34.92,2254,0,10500,951450,477584,726.361631753032,526.553472987872,35.3020635236073,35.077404580155,41109,31.52041,9678,30.9649256690123,34.88898603,3,0,4,8318,35.6141918974286,36.9909862812121,907,1925.14
48.13532361,1527,0,0,260484,482040,153.587264150943,284.221698113208,31.0822746668166,28.7435445124554,37634,31.48016,8218,30.9649256690123,32.7095334436842,1,0,4,8074,32.6831244593204,32.5008274896281,1696,1573.05
55.292,1528,0,0,209197,290050,125.8706377858,174.518652226233,31.0822746668166,28.7435445124554,37701,31.45684,8245,27.1641634838889,32.7095334436842,1,0,4,8004,32.6831244593204,31.4914543142373,1662,1561.12
44.50083322,1532,0,0,181546,290390,109.102163461538,174.513221153846,31.0822746668166,28.7435445124554,37687,31.47291,8235,34.5591944596218,32.7095334436842,1,0,4,8016,32.6831244593204,31.6564402732465,1664,1563.25
41.02,1547,0,0,113000,284000,61.7149098853086,155.106499180776,31.0822746668166,28.7435445124554,37741,31.48383,8270,34.5591944596218,32.7095334436842,1,0,4,8136,32.6831244593204,31.839758005479,1831,1565.09
39.96278973,1549,0,0,193372,290360,123.166878980892,184.942675159236,31.0822746668166,28.7435445124554,37701,31.54763,8237,27.1641634838889,32.7095334436842,1,0,4,8175,32.6831244593204,31.4914543142373,1570,1592.95
43.108,1550,0,0,197292,291310,117.715990453461,173.812649164678,31.0822746668166,28.7435445124554,37644,31.47219,8243,34.5591944596218,32.7095334436842,1,0,4,7984,32.6831244593204,31.7114355929162,1676,1569.28
45.448,1558,0,5000,200760,138529,269.414893617021,736.856382978723,31.0822746668166,35.077404580155,37733,31.60893,8690,36.9369363917544,32.7095334436842,3,0,4,7018,35.6141918974286,35.8026563199936,188,2454.88
65.90859364,1565,85000,6000,271200,0,6.17283950617284,0,35.3020635236073,28.7435445124554,37747,31.60975,8450,30.9649256690123,34.88898603,4,0,4,8387,35.595766371938,35.2738148487903,486,1621.87
44.124,1578,1000,3000,193546,0,2.80898876404494,0,31.0822746668166,35.077404580155,37733,31.61728,8577,34.5591944596218,32.7095334436842,3,0,4,6938,35.595766371938,35.2738148487903,178,2468
42.688,1583,0,5000,192976,130750,140.436781609195,375.718390804598,31.0822746668166,35.077404580155,37838,31.61864,8345,36.9369363917544,32.7095334436842,3,0,4,6942,35.6141918974286,35.9340490102195,348,1569.98
40.66573967,1597,0,0,153212,290310,87.250569476082,165.324601366743,31.0822746668166,28.7435445124554,37847,31.42677,8295,34.5591944596218,29.3086427363303,1,0,4,8034,32.6831244593204,31.4914543142373,1756,1555.64
44.39708554,1598,0,0,149834,290560,89.7209580838323,173.988023952096,31.0822746668166,28.7435445124554,37825,31.43175,8266,34.5591944596218,32.7095334436842,1,0,4,7940,32.6831244593204,31.546449633907,1670,1552.97
49.95212264,1599,0,0,90365,135000,53.5655008891523,80.0237107291049,31.0822746668166,28.7435445124554,37896,31.42459,8200,34.5591944596218,32.7095334436842,1,0,4,8017,32.6831244593204,31.3943295565958,1687,1562.53
44.38544029,1608,0,0,90365,135000,55.540872771973,82.9748002458513,31.0822746668166,28.7435445124554,37875,31.46217,8200,34.5591944596218,32.7095334436842,1,0,4,7988,32.6831244593204,31.3943295565958,1627,2505.56
57.10141561,1614,0,5000,224198,138890,382.762886597938,715.927835051546,31.0822746668166,35.077404580155,38377,31.57271,8662,30.9649256690123,29.3086427363303,3,0,4,7008,35.6141918974286,36.1008716893377,194,2462.63
40.932,1615,0,4000,208204,135240,301.98,676.2,31.0822746668166,35.077404580155,38226,31.57651,8545,27.1641634838889,32.7095334436842,3,0,4,6914,35.6141918974286,35.4230920114148,200,2492.65
44.144,1617,0,11000,367554,36340,574.065934065934,133.113553113553,31.0822746668166,35.077404580155,38113,31.47672,9245,34.5591944596218,32.7095334436842,4,0,4,8975,32.6831244593204,34.8329356354577,273,1567.63
45.068,1629,0,0,220506,35000,139.120504731861,22.0820189274448,31.0822746668166,28.7435445124554,38084,31.50376,8300,27.1641634838889,32.7095334436842,1,0,4,8092,32.6831244593204,31.644717245054,1585,1574.41
55.96,1647,0,5000,204458,133882,292.6875,697.302083333333,31.0822746668166,35.077404580155,38201,31.56653,8610,34.5591944596218,32.7095334436842,3,0,4,6976,35.6141918974286,35.9408775742881,192,2466.41
44.236,1648,0,5000,212988,134547,184.520231213873,388.864161849711,35.3020635236073,35.077404580155,38243,31.59831,8116,36.9369363917544,32.7095334436842,3,0,4,6671,35.6141918974286,34.7657788228954,346,2736.44
41.124,1656,383200,0,383200,49250,568.103448275862,212.284482758621,31.0822746668166,28.7435445124554,38446,31.53,8327,34.5591944596218,32.7095334436842,2,0,4,8165,27.7652739175,28.2539623928571,232,1584.8
42.43844071,1657,0,0,367506,139000,630.252252252252,626.126126126126,31.0822746668166,28.7435445124554,38272,31.55144,8336,34.5591944596218,32.7095334436842,2,0,4,8117,32.6831244593204,31.4914543142373,222,1587.65
39.86164692,1662,0,0,367506,140000,630.252252252252,630.630630630631,31.0822746668166,28.7435445124554,38289,31.44229,8260,30.9649256690123,38.0724890142857,2,0,4,8053,32.6831244593204,31.4914543142373,222,1577.47
45.8702266,1666,0,5000,200174,135440,284.15625,705.416666666667,31.0822746668166,35.077404580155,38257,31.63272,8710,27.9264454507692,32.7095334436842,3,0,4,7088,35.6141918974286,35.9613221799198,192,2452
51.59316437,1723,0,12000,357066,17318,7074.09090909091,1574.36363636364,31.0822746668166,35.077404580155,38453,31.46632,9206,30.9649256690123,32.7095334436842,5,0,4,8947,32.6831244593204,34.2558454666161,11,2522.35
63.044,1724,0,11000,359487,15000,6728.63636363636,1363.63636363636,31.0822746668166,35.077404580155,38448,31.47772,9270,34.5591944596218,32.7095334436842,5,0,4,8981,32.6831244593204,34.3203519984584,11,1576.13
40.668,1738,383200,0,383200,49250,593.693693693694,221.846846846847,31.0822746668166,28.7435445124554,38538,31.53754,8339,34.5591944596218,32.7095334436842,2,0,4,8139,27.7652739175,28.2539623928571,222,1589.91
43.03807665,1747,0,5000,187249,132458,345.862068965517,913.503448275862,31.0822746668166,35.077404580155,38564,31.57995,8360,30.9649256690123,38.0724890142857,3,0,4,6710,35.6141918974286,35.9747246539394,145,1570.61
51.06845562,1816,510800,3000,513800,98500,323.441396508728,122.817955112219,35.3020635236073,28.7435445124554,38777,31.61686,8510,30.9649256690123,34.88898603,2,0,4,8392,27.7652739175,28.8213360879741,802,1622.86
43.98483889,1824,0,1500,194730,134770,308.66091954023,774.540229885057,31.0822746668166,35.077404580155,38859,31.51283,8539,34.5591944596218,32.7095334436842,3,0,4,6986,35.6141918974286,36.243660743204,174,1594.76
41.23692755,1825,0,5000,193178,132431,310.969879518072,797.777108433735,31.0822746668166,35.077404580155,38863,31.51176,8491,36.9369363917544,32.7095334436842,3,0,3,6921,35.6141918974286,35.9543399427539,166,581.66
41.936,1826,0,6750,190727,90410,237.491891891892,488.702702702703,31.0822746668166,35.077404580155,38922,31.56495,8456,36.9369363917544,32.7095334436842,3,0,3,6909,35.6141918974286,34.974011703981,185,575.12
40.67932238,1828,0,4500,202081,131750,311.983606557377,719.945355191257,31.0822746668166,35.077404580155,38834,31.52424,8505,30.9649256690123,32.7095334436842,3,0,3,6911,35.6141918974286,35.8684813711328,183,581.6
56.76203076,1849,0,8250,253094,134023,261.768817204301,720.55376344086,31.0822746668166,35.077404580155,38966,31.55974,8517,36.9369363917544,32.7095334436842,4,0,3,6923,35.6141918974286,36.5021173446272,186,574.29
42.556,1850,0,8750,203060,133792,1557.79411764706,3935.05882352941,31.0822746668166,35.077404580155,38938,31.60448,8355,36.9369363917544,32.7095334436842,3,0,3,6623,35.6141918974286,33.7158696188098,34,552
43.676,1852,229649,2000,231649,0,50,0,35.3020635236073,35.077404580155,38907,31.46265,8160,36.9369363917544,32.7095334436842,3,0,4,7930,35.595766371938,43.676,40,1580.3
71.34268838,1886,0,7250,195952,140873,307.445086705202,814.294797687861,31.0822746668166,35.077404580155,39003,31.5513,8660,34.5591944596218,32.7095334436842,3,0,3,7031,35.6141918974286,35.9556443246268,173,1471.19
49.928,1893,365750,0,365750,61500,598.309178743961,297.101449275362,31.0822746668166,28.7435445124554,38978,31.53354,8351,34.5591944596218,32.7095334436842,2,0,4,8232,27.7652739175,28.2290133556785,207,2512.51
39.96924966,1905,676032,0,676032,6e+05,274.921512810085,244.001626677511,31.0822746668166,42.6377498866667,39140,31.48534,9340,30.9649256690123,32.7095334436842,1,0,4,9094,27.7652739175,31.3466192603324,2459,1574.77
54.768,1906,676032,0,676032,610350,277.175891758918,250.246002460025,31.0822746668166,42.6377498866667,39139,31.48161,9320,36.9369363917544,32.7095334436842,1,0,4,9160,27.7652739175,31.3142443411186,2439,1572.41
53.592,1910,0,8750,237986,128510,405.367741935484,829.096774193548,35.3020635236073,35.077404580155,39089,31.55135,8213,30.9649256690123,32.7095334436842,3,0,4,6607,35.6141918974286,35.2882296807313,155,1578.5
39.956,1919,365484,0,365484,61500,246.97005988024,122.754491017964,35.3020635236073,28.7435445124554,39099,31.63719,8111,34.5591944596218,34.88898603,2,0,4,7869,39.581925305625,29.2663039866456,501,2773
41.63943828,1922,364490,0,364490,61500,713.593023255814,357.558139534884,35.3020635236073,28.7435445124554,39119,31.63936,8171,34.5591944596218,34.88898603,2,0,4,7879,39.581925305625,28.7744083356564,172,1617.15
52.24596847,1927,480102,0,480102,110000,305.753530166881,141.206675224647,35.3020635236073,28.7435445124554,39224,31.59645,8519,34.5591944596218,34.88898603,2,0,4,8404,39.581925305625,28.5872419480586,779,1610.17
49.16,1951,385032,0,385032,61500,629.268292682927,300,31.0822746668166,28.7435445124554,39307,31.53381,8296,34.5591944596218,32.7095334436842,2,0,4,8175,27.7652739175,28.2539623928571,205,2517.78
46.228,1971,242240,0,242240,97700,393.398058252427,474.271844660194,31.0822746668166,28.7435445124554,39344,31.52748,8315,34.5591944596218,32.7095334436842,2,0,4,8219,27.7652739175,28.2539623928571,206,1596.02
43.67591628,1982,242240,0,242240,48625,391.497584541063,234.903381642512,31.0822746668166,28.7435445124554,39480,31.50811,8364,34.5591944596218,32.7095334436842,2,0,4,8207,27.7652739175,28.2539623928571,207,2550.17
44.70841868,1995,0,6000,209315,117196,264.666666666667,723.432098765432,31.0822746668166,35.077404580155,39519,31.60062,8592,34.5591944596218,32.7095334436842,4,0,3,6994,35.6141918974286,36.9909862812121,162,596
44.144,1997,81693.04,16026.8400000001,492959.463363636,0,942.835811002938,0,35.3020635236073,35.98250707128,39565,31.55993,8720,30.9649256690123,29.3086427363303,7.47,15734.38,4,8351,35.595766371938,35.2738148487903,301,1612.23
47.16539174,2010,208000,0,208000,90625,466.257668711656,555.981595092025,31.0822746668166,28.7435445124554,39641,31.47801,8212,34.5591944596218,32.7095334436842,2,0,3,8021,27.7652739175,28.2539623928571,163,575
49.432,2036,101497.41,13406.958,604937.637,0,1540.71380904699,0,35.3020635236073,35.98250707128,39681,31.56718,8715,34.5591944596218,29.3086427363303,7.22,37358.52,4,8604,35.595766371938,35.2738148487903,330,3344.11
69.09392334,2040,0,6000,240826,149098,344.7,1064.98571428571,31.0822746668166,35.077404580155,39684,31.54282,8554,36.9369363917544,32.7095334436842,4,0,3,6943,35.6141918974286,36.9909862812121,140,586.28
46.016,2041,0,7500,332242,172220,327,1025.11904761905,31.0822746668166,35.077404580155,39746,31.5198,8526,30.9649256690123,32.7095334436842,4,0,3,6899,35.6141918974286,36.9909862812121,168,1503.35
55.988,2052,366240,0,366240,1448000,150.283135002052,594.173163725892,35.3020635236073,55.988,40161,31.49834,8817,36.9369363917544,34.88898603,1,0,4,8450,39.581925305625,32.5624204516206,2437,1680.88
63.15788804,2068,0,6552,636090,845640,279.422103861518,375.339547270306,35.3020635236073,44.1583190845455,39880,31.58313,8515,34.5591944596218,32.7095334436842,1,0,4,8347,32.6831244593204,31.4914543142373,2253,1628.49
46.25166625,2069,0,0,245500,238125,127.714581178904,246.251292657704,31.0822746668166,28.7435445124554,40077,31.50624,8282,34.5591944596218,34.88898603,2,245500,3,7562,41.6378872642857,28.2539623928571,967,569.93
49.684,2081,72682.12,10955.086,598856.06932,0,845.293930077974,0,35.3020635236073,35.98250707128,40325,31.57859,8695,30.9649256690123,32.7095334436842,7,30840.5,4,8492,35.595766371938,35.2738148487903,198,1089.96
44.296,2089,76494.03,11626.782,477273.901,0,1531.86793432044,0,35.3020635236073,35.98250707128,40144,31.55643,8532,30.9649256690123,29.3086427363303,8,18180.5,4,8344,35.595766371938,35.2738148487903,188,1637
45.952,2092,79138.12,10486.406,476589.447,0,1572.75744093753,0,35.3020635236073,35.98250707128,40207,31.55597,8392,34.5591944596218,34.88898603,7.91,27126.62,4,8204,35.595766371938,35.2738148487903,196,1587.54
44.404,2095,70911.21,11583.152,502574.877,0,1530.23893315045,0,35.3020635236073,35.98250707128,40197,31.54139,8374,34.5591944596218,32.7095334436842,8,25705.74,4,8148,35.595766371938,35.2738148487903,200,1842.02
52.88401437,2104,0,5000,238014,128360,148.641509433962,345.983827493261,31.0822746668166,35.077404580155,40243,31.54579,8589,34.5591944596218,32.7095334436842,4,0,3,7221,35.6141918974286,36.9909862812121,371,586.5
43.20116525,2110,0,5000,230832,126360,413.538461538462,883.636363636364,31.0822746668166,35.077404580155,40243,31.54392,8598,30.9649256690123,32.7095334436842,4,0,4,7039,35.6141918974286,36.9909862812121,143,1600.22
59.376,2113,64615.17,11471.902,453508.157,0,1490.29819853852,0,35.3020635236073,35.98250707128,40247,31.57081,8475,34.5591944596218,32.7095334436842,7,15343.74,4,8206,35.595766371938,35.2738148487903,146,1666.77
44.716,2115,142414.603608,7284.36600000001,489437.360333333,0,278.29810450076,0,35.3020635236073,35.98250707128,40262,31.56714,8510,34.5591944596218,29.3086427363303,1.51,21312.13,4,8260,35.595766371938,35.2738148487903,2424,1604.37
71.048,2116,107613.63,7869.62600000001,427269.870333333,0,291.540458627021,0,35.3020635236073,35.98250707128,40267,31.51968,8462,34.5591944596218,32.7095334436842,1.68,21472.74,4,8228,35.595766371938,35.2738148487903,1814,1394.1
41.48374654,2118,0,16500,1151228,132012,385.714285714286,942.942857142857,31.0822746668166,35.077404580155,40352,31.52989,10705,34.5591944596218,29.3086427363303,10,0,8,6967,35.6141918974286,36.9909862812121,140,3765.35
67.29519571,2119,0,16500,990020,110921,351.197368421053,729.743421052632,31.0822746668166,35.077404580155,40307,31.5253,10675,34.5591944596218,29.3086427363303,10,0,8,6962,35.6141918974286,36.9909862812121,152,3765.86
43.756,2123,80441.02,11463.896,513716.533363636,0,1691.49321946349,0,35.3020635236073,35.98250707128,40222,31.63639,8572,30.9649256690123,63.263,8,12902.62,4,8362,35.595766371938,35.2738148487903,178,1646
48.448,2126,69885.17,11656.542,502382.777,0,1469.79503308469,0,35.3020635236073,35.98250707128,40334,31.61184,8248,34.5591944596218,34.88898603,7,22460.74,4,7998,35.595766371938,35.2738148487903,136,1641.96
42.76791385,2130,0,5000,227400,125363,353.883870967742,808.793548387097,31.0822746668166,35.077404580155,40310,31.53657,8660,34.5591944596218,29.3086427363303,4,0,3,7036,35.6141918974286,36.9909862812121,155,588.71
42.036,2131,0,8568,707784,901360,302.690909090909,390.199134199134,35.3020635236073,44.1583190845455,40370,31.57343,8524,30.9649256690123,32.7095334436842,1,0,4,8412,35.6141918974286,34.3106966102862,2310,1634.1
66.52,2133,1024296,11592,1035888,1022000,280.859884836852,280.230326295585,35.3020635236073,44.1583190845455,40406,31.56234,9915,30.9649256690123,32.7095334436842,1,0,4,9724,39.581925305625,31.4914543142373,3647,1698.06
51.74410674,2138,0,5000,232035,130336,357.79746835443,824.911392405063,31.0822746668166,35.077404580155,40310,31.53767,8656,34.5591944596218,29.3086427363303,4,0,4,7090,35.6141918974286,36.9909862812121,158,1605.97
60.988,2149,0,11592,1123794,1102000,311.978120617111,309.116409537167,35.3020635236073,44.1583190845455,40388,31.53491,10115,36.9369363917544,32.7095334436842,1,0,9,10039,32.6831244593204,31.8061052279525,3565,3210.04
98.172,2150,0,11592,1088640,1046000,267.589565217391,259.875776397516,35.3020635236073,44.1583190845455,40422,31.53137,10100,36.9369363917544,34.88898603,1,0,9,9996,32.6831244593204,31.4914543142373,4025,3894.38
45.84,2151,78098.17,12158.152,564888.872683636,0,770.658839064665,0,35.3020635236073,35.98250707128,40318,31.59325,8780,34.5591944596218,32.7095334436842,8,21564.62,4,8510,35.595766371938,35.2738148487903,192,1635.83
43.016,2158,75390.03,10819.906,598555.155683637,0,802.91304696323,0,35.3020635236073,35.98250707128,40349,31.57128,8680,34.5591944596218,32.7095334436842,8,18180.5,4,8456,35.595766371938,35.2738148487903,194,1631.19
41.536,2163,71435.26,11498.842,590806.31932,0,1676.61727649621,0,35.3020635236073,35.98250707128,40369,31.62608,8260,30.9649256690123,40.8021444320833,7,22460.74,4,7978,35.595766371938,35.2738148487903,164,1641.62
90.868,2168,67341.16,11102.986,671542.735683637,0,1406.48328683642,0,35.3020635236073,35.98250707128,40399,31.54559,8585,34.5591944596218,29.3086427363303,8,23885.5,4,8360,35.595766371938,35.2738148487903,196,1616.03
47.356,2170,91838.08,12805.782,654283.765683637,0,1365.85381790679,0,35.3020635236073,35.98250707128,40421,31.60394,8675,30.9649256690123,29.3086427363303,8,12254.13,4,8490,35.595766371938,35.2738148487903,174,1605.53
46.31872541,2174,90969.97,13093.578,660116.215683636,0,1410.50781283195,0,35.3020635236073,35.98250707128,40428,31.56774,8710,36.9369363917544,29.3086427363303,8,20175.09,4,8499,35.595766371938,35.2738148487903,195,1688.46
137.964,2179,116272.5,11365.692,604709.05932,0,1597.19970967738,0,35.3020635236073,35.98250707128,40453,31.64136,8275,34.5591944596218,40.8021444320833,7,18593.74,4,8016,35.595766371938,35.2738148487903,174,1629.78
44.784,2181,88021.97,13331.418,641461.505683637,0,778.15704681664,0,35.3020635236073,35.98250707128,40458,31.6005,8745,36.9369363917544,32.7095334436842,8,20175.09,4,8530,35.595766371938,35.2738148487903,186,1631.53
45.516,2182,84319.83,12706.252,656518.425683637,0,1405.17668625346,0,35.3020635236073,35.98250707128,40457,31.59294,8660,36.9369363917544,32.7095334436842,8,16800.97,4,8425,35.595766371938,35.2738148487903,198,1635.63
58.608,2183,94848.08,12765.032,685406.745683637,0,1541.58361940756,0,35.3020635236073,35.98250707128,40453,31.6302,8600,34.5591944596218,40.8021444320833,8,6033.25,4,8406,35.595766371938,35.2738148487903,182,1635.97
76.612,2188,71446.02,10216.936,622285.41932,0,1571.79962723647,0,35.3020635236073,35.98250707128,40472,31.53438,8468,34.5591944596218,40.8021444320833,8,9025.62,4,8199,35.595766371938,35.2738148487903,200,1589.59
53.604,2189,69746.02,9886.61600000001,614407.53932,0,1452.33606094885,0,35.3020635236073,35.98250707128,40494,31.53432,8434,34.5591944596218,32.7095334436842,7,9025.62,4,8192,35.595766371938,35.2738148487903,180,1592.71
54.116,2207,110367.07,11127.222,653417.68932,0,1513.20891974773,0,35.3020635236073,35.98250707128,40564,31.53065,8431,30.9649256690123,38.0724890142857,7,7604.74,4,8184,35.595766371938,35.2738148487903,178,1891.42
44.708,2210,105097.02,11833.412,680165.70932,0,1432.75882699928,0,35.3020635236073,35.98250707128,40623,31.54554,8550,34.5591944596218,29.3086427363303,8,25297.5,4,8344,35.595766371938,35.2738148487903,196,1601.16
56.028,2214,145722.32,10830.132,541906.00932,0,1619.3182810059,0,35.3020635236073,35.98250707128,40687,31.64753,8315,34.5591944596218,40.8021444320833,7,22460.74,4,8042,35.595766371938,35.2738148487903,182,1620
58.35854761,2222,865116,11004,876120,539130,370.816973853408,231.088726960994,35.3020635236073,44.1583190845455,40883,31.53023,10130,36.9369363917544,34.88898603,1,0,9,9925,39.581925305625,31.4914543142373,2333,2306.65
94.36,2223,216487.740824,6372.89,659861.69,751508,260.085106382979,307.490998363339,35.3020635236073,35.98250707128,40806,31.50161,8500,34.5591944596218,32.7095334436842,1,10590.88,4,8252,39.581925305625,47.224,2444,1582.99
56.828,2224,196166.953608,6774.00600000001,412479.42,0,5.9424736337488,0,35.3020635236073,35.98250707128,40872,31.6155,8362,34.5591944596218,40.8021444320833,1,48416.36,4,8008,35.595766371938,35.2738148487903,2086,1643.05
40.632,2234,173021.883608,7256.69600000001,477436.93,0,898.620797776782,0,35.3020635236073,35.98250707128,40937,31.62685,8295,30.9649256690123,40.8021444320833,1,32553.37,4,8052,35.595766371938,35.2738148487903,2054,1617.64
46.472,2235,0,13500,1036800,599699,963.846774193548,806.047043010753,35.3020635236073,35.077404580155,40962,31.56379,8614,30.9649256690123,34.88898603,3,0,4,8246,35.6141918974286,47.224,744,1074.98
56.668,2239,0,0,760000,88625,346.020761245675,306.660899653979,31.0822746668166,28.7435445124554,40971,31.47793,10241,36.9369363917544,29.3086427363303,7,160000,4,9970,35.6141918974286,36.9909862812121,289,1547.96473333333
84.096,2240,102044.11,10284.21,782322.61,577315.07,449.533653185718,355.161335061316,35.3020635236073,35.98250707128,41091,31.53076,9745,34.5591944596218,34.88898603,1,159809.04,4,9452,41.6378872642857,28.2539623928571,2062,1311.50563333333
126.068,2242,168769.603608,7517.97600000001,484416.58,0,919.037716864201,0,35.3020635236073,35.98250707128,41002,31.65067,8270,34.5591944596218,63.263,1,36298.49,4,7953,35.595766371938,35.2738148487903,2016,1626.11
55.5535446,2244,84750.563608,5600.1,481469.03,330478.34,1568.66187436971,366.478667160253,35.3020635236073,35.98250707128,40989,31.61329,8240,34.5591944596218,40.8021444320833,1,169500.16,4,8005,41.6378872642857,34.0228623062161,2054,1647.82
47.04,2246,182177.383608,7601.69600000001,495426.15,0,1064.87885286897,0,35.3020635236073,35.98250707128,41077,31.64056,8210,30.9649256690123,63.263,1,37724.37,4,7957,35.595766371938,35.2738148487903,2052,1635.93
47.032,2253,0,12000,1311378,144162,3213.14285714286,2574.32142857143,35.3020635236073,35.077404580155,41082,31.51949,9703,30.9649256690123,40.8021444320833,4,0,8,9538,35.6141918974286,36.9909862812121,56,3307.29
53.61673798,2255,115135.77,7253.53600000001,512494.77,0,404.742301291127,0,35.3020635236073,35.98250707128,41088,31.61735,8233,34.5591944596218,34.88898603,1,36298.49,4,8025,35.595766371938,35.2738148487903,1709,1643.18
