Class,Fluid.Water..Gals.,Acid..Gals.,Gel.x.link..Gals.,Proppant...Total..lbs.,Fluid...Total..lbs.,Fluid.Amount,Propping.Agent.Amount,Fluid.Amount.Per.Foot,Propping.Agent.Amount.Per.Foot,WellID,Subarea,Operator,County,Completion.Date,Completion.Year,Depth.Total.Driller..ft.,WB.Spacing.Proxy,SPBY.Spacing.Proxy,Between_Zone,Frac.Stages,Treatment.Records,Other..Gals.,EUR_o..Mstb.,Top_Zone,Deepest_Zone,Number,Type,Depth.Base,Fluid.Type,Propping.Agent.Type,Additive,Mesh.Size,Treated.Stage.Height,Total.Height,Geology.Score
1,0,2.5,784150.5,773646.25,784153,46443,28520.75,505.661207172159,263.71944980695,1359.75,57.1815579561387,35.0804697180488,50.0247607149579,40771,2011,11748.25,45.3525727019272,43.7092329098299,6.25,13.25,13.5,0,0.578,3.75,9,13.5,45.1882199388182,11452,45.3131892238557,43.2573592038088,53.938563806772,35.265390030236,100.5,2093.16,11326.0475
2,439586,5666.66666666667,420271,571196,865523.666666667,483062.666666667,110210.666666667,387.871281501681,444.07769103445,889,48.525733099723,30.6798430677712,48.3499632734845,40294.6666666667,2009.66666666667,10879.6666666667,45.643021213675,42.4968669286689,7.33333333333333,6,8,0,1.27177052566667,2.33333333333333,8.66666666666667,8,46.2993373360375,9982.66666666667,49.5629373329721,53.8916643135033,48.7225007616148,35.265390030236,1520,2817.7,13874.1066666667
4,0,83554.9999999988,0,125000,151200,66497.9166666667,125000,1231.24579850431,31.5179021684317,372.5,37.4785431919082,29.3976583765641,45.0003683905377,40954.5,2011.5,10262.5,44.1646661294716,46.7994049798903,7.5,1,1.5,0,3.340870865,2.5,9,1.5,46.2993373360375,10136,45.5493525267337,46.4885978294857,42.2692752058223,4.695253278,3492,3523.325,17476.105
5,0,12282,792222,874451,804504,652701,583280,311.436022679856,308.114042715832,819,52.724706023017,47.667992523324,47.5125645527478,40778,2011,10309,43.799148260388,50.6748351291662,4.5,1.5,3,0,4.206,2.5,6,3,46.2993373360375,10166.5,46.3032304908654,46.4885978294857,49.3991790434914,68.7727801518461,1743.5,4538.28,9848.835
6,0,6500,885201,318850,891701,885201,318850,326.830962599632,167.950091968118,1420.5,57.1815579561387,31.6867463723334,50.0247607149579,40852,2011,11163.5,46.3821987557766,43.7886769784276,6.5,1,1.5,0,4.8055,3,8.5,1.5,46.2993373360375,11046,45.6145114608116,45.1894320994444,48.7225007616148,52.019085091041,2506,2331.8,11735.665
7,0,6687.5,405508.75,450392,412196.25,116022.5,133092.8,1031.1929523429,883.608872121987,1489.2,48.0911895659578,29.1713780452505,48.1592655722442,40419.8,2010.2,10302.4,44.0978110247545,40.1642746824277,5.6,3.2,6,0,5.693370168,2.2,6.8,6,46.2993373360375,9772.4,45.6145114608116,46.4885978294857,45.7815797747846,27.622855842177,1484,2268.024,10341.836
8,55500,20500,329197,419006.666666667,405197,125672.5,110500,558.876707820394,279.561646948083,1000,47.6426517459807,35.9910850326699,50.9485797369528,40306.6666666667,2009.66666666667,10379,45.643021213675,47.0876390291613,4,3.66666666666667,7.33333333333333,0,6.90054137366667,2.66666666666667,5.66666666666667,7.33333333333333,46.2993373360375,9585.33333333333,51.5371502690523,46.4885978294857,38.5516637875556,35.265390030236,922.333333333333,1729.98666666667,6623.39
9,0,9268,743949.25,679496.75,753217.25,227188,175927.25,438.160952903647,488.289396272843,1519.5,50.6880246808756,37.6451429939396,45.7439294389645,40593.5,2010.5,10906,36.0085069757144,39.9132468291517,5.5,7.5,12.25,0,7.668,3.25,7.75,12.25,46.2993373360375,10021.5,46.3032304908654,44.1204468742571,50.075857325368,35.265390030236,1078.5,2143.225,9864.56666666667
10,31482.1428571429,5894.28571428571,618079.748571428,507941.428571429,660302.857142857,329985.942857143,169895.142857143,420.284754320969,343.614739031068,1306.71428571429,48.8976408000326,32.9185903432227,44.4146117817626,40069.7142857143,2009.14285714286,10271.7142857143,46.6989891309631,42.3070839525065,5.14285714285714,4.57142857142857,5.85714285714286,0,8.30802737057143,2.57142857142857,6.71428571428571,5.85714285714286,45.6644131090551,9711.57142857143,44.0429614286866,43.571671456678,44.2814224178983,35.265390030236,797.714285714286,2162.85714285714,9385.16571428571
11,0,14750,538604.333333333,810727,591687.666666667,87343,98976.6666666667,719.850010828159,737.362216352532,599.333333333333,45.5544984776419,34.4922931881349,46.6751658320111,40436,2010.33333333333,10398.3333333333,47.1213762978783,44.5040189296441,6,7.66666666666667,12,38333.3333333333,9.16533333333333,2.33333333333333,7.33333333333333,12,46.2993373360375,9345.33333333333,46.4317588122652,46.4885978294857,42.8406587879545,35.265390030236,162,2659.73,9307.08
12,88762.8,24910.9999999998,207537.2,514630.2,380100,75907.5,73426,363.45500645851,420.849824859046,804.8,46.7919047157177,32.5938590971957,44.5903387643951,39569.6,2007.8,9461.2,44.0610474542328,43.356325904521,3.6,5.2,9.8,0,10.0086,2.4,5,9.8,45.4104434182621,8765.6,47.9301491129492,45.798127693127,46.4862713959095,35.265390030236,157.8,1802.986,7495.94
13,268893.714285714,6473.42857142857,262431.285714286,513472.285714286,555334.142857143,152901.428571429,121276.266666667,788.979442794102,415.069883661992,1229.13333333333,43.4253453802672,36.4924381164738,44.0165943125086,39907.8,2008.73333333333,9599.6,45.5022254372009,42.7808727926985,4.69230769230769,5.2,7.06666666666667,17535.7142857143,10.913776156,2.07692307692308,5.76923076923077,6.66666666666667,45.7067413908539,8992.33333333333,43.3673307637842,45.798127693127,40.4925166707653,35.265390030236,624.533333333333,1943.315,7223.84416666667
14,88963,6458.33333333333,275284.333333333,452536.666666667,370705.666666667,159277.666666667,225480,441.526714137149,600.537094243249,1041.16666666667,45.5909397080707,33.9686804623309,42.6421882388266,39607.3333333333,2008,9444.33333333333,46.3131196389508,43.5004429291565,3.83333333333333,3.5,6.5,0,11.5676666666667,2,4.83333333333333,6.5,46.2993373360375,8499.33333333333,47.8182974069098,46.4885978294857,47.9427252197004,35.265390030236,1056.5,1991.93666666667,7165.785
15,137292.25,8875,259346.5,399035.125,405513.75,115287.25,95343.4444444444,442.823173940509,727.11394782433,757.666666666667,40.9919441245717,35.4631411343487,43.428248289397,39611.2222222222,2008,9234.66666666667,45.2909299799237,43.1140063901811,3.55555555555556,4.66666666666667,7.77777777777778,0,12.55141919,1.88888888888889,4.44444444444444,7.77777777777778,46.2993373360375,8040.88888888889,43.3784966583,46.1050033092864,41.1320603101972,39.4538137954373,353.333333333333,2166.5075,6504.41666666667
16,250539.559921667,5419.5,339339.25,429102.333333333,616150.059999999,511513.16,179416.615384615,615.708991436734,352.886727762307,1504.35714285714,44.8407734789039,37.8009292351805,44.3567319683417,39545.0714285714,2007.85714285714,9603.57142857143,45.4079508071041,42.4906347804782,4.28571428571429,3.78571428571429,5.35714285714286,0,13.4190700321429,2,5.28571428571429,5.35714285714286,46.2993373360375,9080.07142857143,45.0512153003361,45.5704887798147,44.4702761573353,35.265390030236,898.785714285714,2018.32642857143,7946.15071428571
17,46458.3333333333,8833.33333333333,411333.666666667,461979,466625.333333333,183740.166666667,156475.5,900.238522785297,729.774551133397,1708.33333333333,35.2462200599439,44.7288604964209,34.9179244075765,39859.8333333333,2008.66666666667,9151.66666666667,44.8318121403518,43.7096328068866,2,3.83333333333333,7.66666666666667,0,14.09944354,2.66666666666667,3.66666666666667,7.66666666666667,46.2993373360375,7840.83333333333,43.9819179146363,46.4885978294857,46.6404352849013,35.265390030236,323.5,1080.1575,3639.34
18,121443.714285714,4613.57142857143,322090.785714286,455678.285714286,448148.071428571,174870.333333333,143041.944444444,426.521324298866,264.422896924104,1224.66666666667,44.0433620044818,39.0219014227772,42.2491582135415,39711.5,2008.22222222222,9510.33333333333,45.6406592821585,44.7876063421939,3.0625,4.76470588235294,5.94444444444444,0,15.0528484605556,2.125,4.1875,6,46.2993373360375,8999.27777777778,46.452495881483,45.3869502813582,44.305563009023,39.2374653161838,582.666666666667,1701.82466666667,5552.2075
19,99647,15401.1538461538,187895.153846154,400371.285714286,311833,82995.8333333333,86063.2857142857,1569.63445415147,541.269431392477,1034,42.5380168427561,38.8196275294678,44.2536878347315,39545.4285714286,2007.71428571429,9391.57142857143,46.6989891309631,43.1672919529244,4.57142857142857,4,7.42857142857143,4430.30769230769,15.8929639135714,2,5.57142857142857,7.42857142857143,46.2993373360375,8640.5,45.4841935926558,46.4885978294857,43.1789979288928,35.265390030236,274.357142857143,2070.61230769231,7994.14076923077
20,117441.076923077,17585.3846153844,191678.846153846,437908.230769231,426819.615384615,127446.666666667,102914.4375,531.885163378661,573.950736757088,1591.6875,40.5714165520382,36.8918104672317,37.9384501856998,39368.75,2007.25,8891.875,44.4368711456483,41.3650746244187,2.875,3.78571428571429,6.3125,0,16.75077866875,2,3.875,6.3125,45.7437786374279,8280,43.4591599677914,45.8412820766494,44.9182750992407,35.265390030236,359.125,1631.25533333333,5104.0275
21,174396.117647059,5720.82352941176,284510.058823529,587077.225,464627,192280.529411765,242052.94117647,399.735564756946,569.146976492332,1256.70588235294,41.0707329052897,44.4495614341218,40.5313928609215,39100.1176470588,2006.47058823529,9250.76470588235,46.2029939305875,44.7522911030082,3.94117647058824,3.35294117647059,5.94117647058824,0,17.6228672023529,2,4.94117647058824,5.94117647058824,46.2993373360375,8315.47058823529,45.6845739138908,46.4885978294857,44.0675952309783,36.9505912523717,705,1933.26176470588,7367.92117647059
22,337986.526315789,3907.89473684211,130146.789473684,334528.526315789,472041.210526316,225153.157894737,158237,489.971179461646,475.593271501264,1430.15,40.6527684290346,39.6333295603873,40.6328579981499,39339.95,2007.25,8984.75,45.7848049612906,42.5801060663604,3.63157894736842,3.05,4.6,0,18.540283214,1.84210526315789,4.47368421052632,4.6,46.2993373360375,8335.7,44.6662138097255,46.315980295396,40.8187395399583,35.265390030236,524.2,2025.605,6484.25684210526
23,128464.954545455,8018,401649.703636363,594655.812727272,603380.836363636,273261.695238095,233675.409090909,759.10777193196,988.715240868215,1203.5652173913,44.2062030099431,39.3256892906362,43.6544622943892,39703.2608695652,2008.21739130435,9669,46.2525505709335,44.9581405277278,4.56521739130435,3.82608695652174,6.08695652173913,53567.1818181818,19.2705271913043,2.30434782608696,5.8695652173913,6.04347826086957,46.1060995278255,8982.08695652174,44.6547945147544,45.7891538145986,44.7481531517883,39.7330420464507,609.347826086957,2010.58772727273,7988.76380952381
24,203623.391304348,5780.52173913043,246747.391304348,449531.434782609,506125.826086957,212702.47826087,134121.741935484,570.122651424154,345.611654138421,1442.48387096774,38.5683534998994,37.211331602899,37.8429139939768,39619.2258064516,2008,8986,46.3045104247749,46.1835899905514,3.67857142857143,3.57142857142857,4.74193548387097,49974.5217391304,20.1114125483871,2.03571428571429,4.71428571428571,4.74193548387097,45.8692273758236,8527,41.7289793377075,46.0404470886397,41.5058641356437,36.9407595363165,617.903225806452,1848.68111111111,5857.64384615385
25,167759.75,7091.66666666667,319323.416666667,526148.375,545487.666666667,206190.708333333,173743.888888889,531.784987944713,426.557900757009,1146.46428571429,41.5783693431528,39.2797473056748,39.668672332821,39511.3214285714,2007.71428571429,9315.60714285714,44.999577979586,45.154369582533,4.30769230769231,3.88461538461538,6,51312.8333333333,20.9835429939286,2.11538461538462,5.42307692307692,5.35714285714286,45.7628117264779,8807.71428571429,45.4739944036271,46.3576489064915,43.7956022284226,39.4538137954373,583.285714285714,1864.10291666667,6367.70291666667
26,199004.863636364,7578.40909090904,174293.681818182,362661.863636364,419942.636363636,200947.863636364,171352.666666667,924.967094715488,526.5056516662,1452.66666666667,39.0857892897491,40.2833899398322,39.9422821018718,39244.0833333333,2007.04166666667,9188.66666666667,46.5365333188784,45.0017371974756,3.70833333333333,3.5,4.875,37045.4545454545,21.8100489770833,2.08333333333333,4.79166666666667,4.66666666666667,46.1141511031676,8650.41666666667,44.4919745289357,45.3501317472673,43.4366763662762,36.0771478852191,678.75,1727.48869565217,5900.97608695652
27,226397.218768235,11709.1176470588,307943.668647059,666910.411764706,563023.574529411,306104.270588235,253020.722222222,441.979421249214,741.310878412682,1482.42105263158,41.687576923092,47.356329343518,42.8801938681701,39655.6315789474,2008.10526315789,9322.8947368421,45.5901941505638,44.6825464473647,3.83333333333333,3.5,6.42105263157895,0,22.8073648910526,2.11111111111111,4.94444444444444,6.42105263157895,44.6096385721537,8383.57894736842,46.0715796063051,45.9132060491868,41.631153629706,36.6420325615782,840.631578947368,1999.87470588235,6828.85823529412
28,169950.888888889,6732.44444444444,271299.416296296,429607.185185185,450581.636444444,221948.5,128887.53125,984.301362436762,628.484697953241,1475.34375,40.8775736297236,40.4040825170251,39.6303699475093,39425.1875,2007.5,9254.75,46.0252130051226,44.9108950013192,3.375,4.25,6.4375,0,23.6014316653125,2.28125,4.65625,6.3125,46.2993373360375,8684.15625,44.0829739109413,45.6531491660519,44.1282123049592,35.265390030236,469.8125,1678.36741935484,6449.72125
29,135832.105263158,7684.21052631579,327867.473684211,519257.842105263,471383.789473684,131121.736842105,127420.19047619,555.70924786276,612.693975238638,1248.13043478261,39.7032203216153,41.2782106786541,39.5616890837134,39566.3913043478,2007.78260869565,9248.52173913043,44.968626018168,44.2289367611313,4.09523809523809,4.1304347826087,6.60869565217391,0,24.3343022965217,2,5.09523809523809,6.26086956521739,45.7196239114014,8431.91304347826,44.4974139698829,45.6666095719158,40.8367929107364,38.9597237641943,453.739130434783,1943.692,6826.557
30,269870.330928571,8019.64285714286,263101.964285714,535992.535714286,541067.485214286,331005.148148148,285356.827586207,1268.23643291604,1769.93885753855,1101.76666666667,44.4939421522378,44.4737348960496,44.4949899137749,39487.3333333333,2007.63333333333,9707.83333333333,46.219956941112,46.6132239301326,3.56666666666667,3.1,5.56666666666667,0,25.3182238113333,2.13333333333333,4.7,5.56666666666667,46.1511883497416,8794.13333333333,46.5584132605482,46.2505046790172,43.4504883985702,37.6270742455715,960.666666666667,1879.72034482759,6914.40833333333
31,117643.55,6106.8,283977.8,486072.70135,407803.15,235571.75,220833.80952381,1465.49033228242,640.25635554165,1565.09090909091,40.2991273286235,42.7547629778663,41.9762170444103,39310.0454545455,2007.22727272727,9327.77272727273,46.2371281830045,46.2873405792071,3.59090909090909,2.9047619047619,5.40909090909091,75,26.1615092268182,2.18181818181818,4.77272727272727,5.45454545454545,45.8952946461396,8725.90909090909,44.6571077004964,46.1598025264578,43.3716250727637,35.265390030236,827.454545454545,1776.75727272727,6828.05818181818
32,169208.523809524,5883.52380952381,262481.904761905,371350.095238095,437573.952380952,206345.15,120131.96,459.743525795655,375.773562079163,1464,42.7779674138348,39.7952062084372,43.1278031760932,39471.1923076923,2007.57692307692,9440.73076923077,45.5529711144305,43.7034909633747,3.84615384615385,3.84615384615385,5.46153846153846,0,26.844588635,2.46153846153846,5.30769230769231,5.46153846153846,46.1283961980038,8982.73076923077,42.8658523718284,45.798127693127,41.5650457844775,35.265390030236,571.346153846154,1754.09583333333,6757.888
33,146821.029411765,5928.82352941176,272187.205882353,478274.558823529,425116.921176471,162465.727272727,145604.43902439,746.934968783377,831.127352294184,1431.9756097561,42.283056839652,41.5137322889922,41.2669239984726,39385.7804878049,2007.39024390244,9280.0243902439,46.4213260232688,43.8330335604151,3.2,4.1,6.34146341463415,0,27.7572467219512,2.15,4.35,6.36585365853659,46.0825339414581,8589.53658536585,44.564433225982,45.5839293105769,44.7407413474888,35.265390030236,478.829268292683,1587.42425,6005.7885
34,95989.7586206897,8354.75862068966,304088.655172414,491504.483689655,408433.172413793,180048.821428571,136948.6875,938.152994479819,738.750423881191,1312.5,45.289763788561,43.7263324123189,46.6705472901663,39257.5625,2006.96875,9466.5,45.9110605837853,45.0611694782394,3.5625,4.15625,7.34375,0,28.63004538625,2.25,4.8125,7.375,46.0215579867327,8700.96875,44.559958752698,45.6531491660519,44.29111236766,35.265390030236,428.03125,1777.39709677419,6782.5675
35,116993.897435897,9287.53846153846,252523.564102564,451107,414667.29025641,179263.459459459,119031.857142857,992.973350521277,746.871084135743,1184.11904761905,41.0742064717365,40.2995554323911,42.1003966271942,39140.8571428571,2006.66666666667,9511.92857142857,45.6106427965879,45.8537319223878,3.78048780487805,3.97619047619048,6.88095238095238,35474.9230769231,29.430912472381,2.17073170731707,4.95121951219512,6.76190476190476,45.9818752225463,8770.33333333333,44.8941430004013,45.7934270900883,44.7905954654963,35.265390030236,463.52380952381,1926.4205,7339.762
36,243800,9508.55555555555,211957.777777778,578523.493333333,465266.333333333,230184.888888889,169543.28,383.092157051958,286.563913462271,1479.6,41.8571441363421,40.6639862582181,40.2554638360578,39744.96,2008.32,9145.68,45.8534575820358,44.9649858299873,4.04166666666667,4.45833333333333,6.4,0,30.3387272076,1.91666666666667,4.95833333333333,6.4,46.1215585524824,8606.6,46.3873148118354,45.5219396385835,42.643772152601,35.265390030236,567.12,1848.98695652174,6770.41565217391
37,139277.375,7989.58333333333,230515.666666667,489412.208333333,450435.391666666,176942.441666667,141079.307692308,807.248958356676,1128.02618158985,1221,43.0212038059853,40.5973597095937,42.9657233708421,39453.4615384615,2007.57692307692,9358.84615384615,45.2624439885588,42.5967217296628,3.52,4.03846153846154,6.61538461538461,81819.5,31.1434219638462,1.92,4.44,6.65384615384615,45.95745505997,8406.15384615385,47.3444658926396,45.6311951490586,44.0413980756469,35.265390030236,676.923076923077,1801.3556,6553.468
38,136472.52173913,8677.47826086957,262871.217391304,462610.52173913,413274.31826087,147089,149076.192307692,744.034108767251,497.455137901606,1253.46153846154,46.3935556042829,42.4210364269494,45.4623205232274,39177.8846153846,2006.84615384615,9643.03846153846,46.90204235394,46.8502034866644,3.16666666666667,3.69230769230769,6.26923076923077,5130.4347826087,32.0678388365385,2.08333333333333,4.25,6.26923076923077,46.1283961980038,8932.11538461538,43.3946796531306,45.9574669553636,44.4169496244475,37.4992160383433,728.884615384615,1558.64875,5683.19
39,126878.896551724,11818.3103448275,261196.870344828,483005.662666666,424222.335172413,224760.521428571,202429.882352941,1395.80414958271,1141.49999048989,1466.5,41.6762531448094,43.0338554416526,41.4180503299369,39237.3235294118,2006.91176470588,9416.64705882353,45.7829692031699,44.784914974768,3.67647058823529,3.87878787878788,6.23529411764706,7189.65517241379,32.8807356158824,2.17647058823529,4.85294117647059,6.11764705882353,46.2993373360375,8762.32352941176,43.956362701896,45.6558706874203,42.6476411134476,35.265390030236,636.352941176471,1704.93129032258,6122.15272727273
40,181142.357142857,5682.92857142857,233592.428571429,365694,420417.714285714,205726.964285714,158753.266666667,547.00807226902,588.53091979636,1498.03333333333,43.2334708421689,41.0604912141178,42.3177809439594,39075.3666666667,2006.46666666667,9588.73333333333,46.1740197802296,44.3917844302442,3.1,3.24137931034483,5.56666666666667,0,33.6755441223333,2.3,4.4,5.56666666666667,46.0030393634457,8910.03333333333,45.4580521494856,46.1433627613064,43.4523419552379,35.265390030236,565.133333333333,1626.89535714286,5879.87633333333
41,194948.797389032,7629.48387096774,235214.709677419,520309.028387096,458462.496774193,264702.186666667,237029.40625,1108.69520906138,850.084912394789,1320.25,45.4454550839839,44.0188167987107,44.5779949747684,39126.21875,2006.625,9716.375,45.1478895147765,44.9455963438409,3.09677419354839,3.1875,5.71875,13020.935483871,34.62440806125,2.2258064516129,4.32258064516129,5.34375,46.1604476613851,8922.15625,45.0903592610633,46.2728259118736,47.9694881153695,35.265390030236,769.8125,1601.37633333333,5913.80483870968
42,234019.25,6336.91666666667,195899.791666667,571115.87,436255.958333333,243764.708333333,233233.846153846,894.628580211029,661.774538316071,1148.92307692308,44.5073211533232,43.9558304678575,43.624312797918,39328.6538461538,2007.26923076923,9620.61538461538,46.0365926536483,45.1968703061232,4.19230769230769,2.80769230769231,5.03846153846154,0,35.3727293480769,2.26923076923077,5.46153846153846,4.84615384615385,45.7865139219363,8944.84615384615,46.2529893547737,45.9574669553636,44.4688485275966,35.265390030236,1096.80769230769,1887.5568,7670.61730769231
43,143800,9075.29411764706,296097.882352941,452388.558823529,490256.647058824,276464.941176471,212152.421052632,627.748638427127,608.442569797724,1309.18421052632,45.3677104300356,42.5216857388297,44.855175948788,39346.7105263158,2007.23684210526,9778.42105263158,46.7160881417327,44.6438024307896,3.62162162162162,3.40540540540541,5.63157894736842,41283.4705882353,36.3066728828947,2.24324324324324,4.86486486486486,5.10526315789474,45.9484581579683,9090.71052631579,44.1763710882751,45.9434898270973,42.9694217930637,38.616129042397,882.131578947368,1598.66583333333,5867.58085714286
44,231622.708333333,8560.41666666667,264976.916666667,488159.751125,505160.041666667,203874.458333333,162221.48,833.98227798078,512.492127356312,1351.72,43.4579022325985,41.5814910762094,43.2250239030813,39247.4,2006.92,9666.68,46.1390882541955,46.8179903958688,4.16,3.88,6.52,0,37.0864132472,1.96,5.12,6.52,46.1215585524824,9024.56,43.6886072112464,46.2124097749422,42.3445786474522,38.9597237641943,677.32,2027.28652173913,6988.00375
45,136191.904761905,8490.47619047619,211287.285714286,347506.523809524,355969.666666667,105199.19047619,101117.428571429,940.763956652032,1255.50676275212,1306.86363636364,41.5522226870342,41.885294077359,41.0063352243874,39045.6818181818,2006.31818181818,9400.13636363636,45.937806506197,44.621815251469,2.95238095238095,3.45454545454545,6.27272727272727,0,37.8898237845455,2.14285714285714,4.09523809523809,6.27272727272727,46.2993373360375,8627.45454545455,42.4769861034701,46.4885978294857,41.3595524827519,35.265390030236,406.227272727273,1605.209,5423.81714285714
46,74661.3076923077,8090.53846153846,391645.355384615,515863.807692308,478037.923076923,238990.292307692,189838.785714286,767.725489684124,629.290848087011,1304.92857142857,43.6346707023345,43.1807014711325,42.5252688662238,39352.4642857143,2007.28571428571,9651.71428571429,46.9991913445923,43.905588866596,3.92592592592593,3.51851851851852,6.35714285714286,0,38.7865240460714,2.11111111111111,5.03703703703704,6.17857142857143,46.2665928653858,8956.07142857143,46.3248083190877,45.7803958342609,44.8589032043599,37.236412978566,923,1946.07653846154,6431.616
47,145411.038461538,8271.80769230765,307503.461538462,523383.115384615,518936.473846154,281572.52,234452.448275862,757.512428294178,710.180158477281,1278.93333333333,46.0599242126439,46.0833247832491,45.0214727773927,39318.6,2007.1,9763.4,46.0532233448038,46.0349355480742,3.86666666666667,3.17241379310345,4.9,49425.6153846154,39.7013024473333,2.43333333333333,5.3,4.9,45.7801281189111,9098.1,46.4358941839505,46.7782459924126,45.1593219851014,35.265390030236,1013.4,1678.9475862069,6417.1024137931
48,127575.058823529,5497.35294117647,274679.823529412,452120.058823529,407752.235294118,208381.058823529,208769.777777778,412.179175588286,373.635796171455,1410.27777777778,40.2177256371932,42.8175057079199,40.6657721608606,38952.2222222222,2006.22222222222,9228.33333333333,46.9277439567131,43.1399619929209,3.38888888888889,3.05555555555556,5.44444444444444,0,40.5401109494444,2.05555555555556,4.44444444444444,5.38888888888889,46.2993373360375,8623.33333333333,45.5371967216124,46.2968005693861,44.851451792337,35.265390030236,938.388888888889,1698.91611111111,5838.58764705882
49,273168.363294167,7972.25,250660.125,616285.948333333,533579.041666667,254105.541666667,274814.52,1056.99226468638,1177.57135238033,1393.08,46.094775641111,45.1023438331158,47.3923266428567,39285.24,2007.12,9884.08,45.7566644944066,46.2316477895237,4.5,3.6,6,0,41.3126843568,2.08333333333333,5.58333333333333,5.8,46.1215585524824,9261.2,45.9150058541284,46.350503802214,46.6696905585815,35.265390030236,915.6,1955.70304347826,7341.31954545455
50,101329.576923077,12171.6153846154,462820.307692308,622486.192307692,576321.5,193511.538461538,186523.461538462,1337.28742287167,1035.7164490424,890.961538461538,45.0737654549579,43.1612044723667,44.3340114248185,39456.1153846154,2007.46153846154,9767.30769230769,46.7242773198642,45.9741962705905,4.53846153846154,4.07692307692308,7.76923076923077,0,42.1355291723077,2.07692307692308,5.61538461538461,7.80769230769231,45.95745505997,8857.65384615385,45.5404854618083,46.2230323924247,46.6625223363366,38.616129042397,693.692307692308,1916.18173913043,7204.88958333333
51,242821.08,7377.76,244794.68,556985.4778,494993.52,337392.375,317455.846153846,370.796832657535,567.057526782226,1329.5,47.4875051202571,51.465319166764,46.7006475261979,39339.7692307692,2007.19230769231,9856.19230769231,45.7204659634782,47.2591960577032,3.19230769230769,3.34615384615385,6.11538461538461,0,43.0170608584615,2.34615384615385,4.53846153846154,5.96153846153846,46.2993373360375,8911.15384615385,47.4271981360523,46.3558151109552,48.4282098276308,35.265390030236,928.538461538462,1373.886,5295.3992
52,125743.352941176,7235.29411764706,423881,652696.411764706,556859.647058823,222745.9375,140806.75,469.816883172833,251.933310505637,1354.2,42.2425004094904,44.1084103971795,41.0992317838283,39479.8,2007.65,9697.55,46.6356081221284,43.4164644238944,4.6,4.57894736842105,7.25,0,44.01516763,2.25,5.85,7.25,45.4104434182621,9104.25,45.3771567730121,44.979262433902,45.4217797636349,41.4226129201665,617.05,2075.3705,7986.16578947368
53,0,6192.30769230769,615605.326153846,585643.076923077,627987.076923077,339939.661538462,160289.764705882,1122.63831127543,405.947117444348,1640.52941176471,42.1827573620548,45.6388656837278,42.630761571421,39571.5882352941,2007.94117647059,9324.23529411765,46.7176383731437,41.9879932949377,4.0625,3.8125,5.17647058823529,0,44.6504307,2,5.0625,4.88235294117647,46.0378979484565,8966,45.4929655978069,45.1772760829502,44.8931821399023,38.616129042397,979,1980.86125,7509.001875
54,150655.782608696,11947.6086956521,335644.015956522,615627.042304348,498684.29073913,251553.523809524,284135.04,340.113285847418,414.409614676833,1080.14814814815,46.798394834037,47.1408595654605,45.5778694980861,39555,2007.81481481481,10193.8148148148,45.9308591374162,44.3565170600048,5.07407407407407,3.96153846153846,7.03703703703704,0,45.5870885588889,2.25925925925926,6.33333333333333,6.85185185185185,45.9701173664911,9451.40740740741,47.4865284956935,45.5573175675622,45.9516255719978,35.265390030236,1086.48148148148,2136.68923076923,8130.7596
55,111704.181818182,11313.7727272727,351775.409090909,512262.363636364,544684.79090909,294398.954545455,252411.625,1040.70997654811,991.939520857784,1367.625,47.0357533213541,44.876078925729,47.5774144088164,39459.4583333333,2007.5,9796.875,45.8764960360798,46.2242594531987,3.56521739130435,3.08333333333333,5.375,11159.0909090909,46.3340252329167,2.21739130434783,4.78260869565217,5.375,46.2993373360375,9123.41666666667,46.5675558255863,45.8474408158392,44.6720298302048,38.3115164049278,840.25,1685.23826086957,6431.12739130435
56,151586.761904762,10098.1904761905,541069.047619048,693437.142857143,702754,395156.45,305752.086956522,706.193491642662,762.721861424298,1535.60869565217,49.2935433989968,47.7204308830544,48.6524041238891,40028.2608695652,2008.95652173913,10225.2173913043,45.7478178966952,47.7779322400488,4.04347826086957,3.73913043478261,6.69565217391304,0,47.1824136304348,2.39130434782609,5.43478260869565,6.69565217391304,46.1060995278255,9538.13043478261,46.8079986839591,46.038291218817,46.47693361616,42.7114767239271,1025.17391304348,1729.27571428571,6966.53363636364
57,262324.647058824,9933.52941176471,322544.352941176,572938.411764706,594802.529411765,426481.705882353,351009.611111111,313.02052084681,199.531199612489,1092.77777777778,50.4281341179439,45.5494228245858,49.2675074314736,39046.0555555556,2006.44444444444,10309.3333333333,46.1358062417428,49.1978308474343,3.38888888888889,3.11111111111111,5.44444444444444,0,48.2204810494444,2.44444444444444,4.83333333333333,5.38888888888889,46.0524223588777,10110.1666666667,48.06858482744,46.1050033092864,43.7608942598674,35.265390030236,1278.11111111111,1575.86722222222,6477.47722222222
58,174755.151058889,7458.33333333333,532162.111111111,685632.944444444,716605.184444444,272678.222222222,254872.555555556,1041.10970387049,1079.75460664173,1130.83333333333,48.1228398085853,47.6895160586113,47.4788128716273,39631.2777777778,2008,10167.3888888889,46.2077115292563,44.6661736382936,4.94444444444444,3.88888888888889,7.16666666666667,0,49.0287651466667,2.27777777777778,6.22222222222222,7.16666666666667,46.0524223588777,9257.5,45.3841480482671,46.2968005693861,42.6014230063101,43.6422375606385,762.833333333333,2177.48777777778,9303.46611111111
59,168097.818181818,10220.9090909091,428759.909090909,608643.363636364,658351.363636364,332486.181818182,299845.47826087,754.689808985191,582.445054474398,1539.875,49.8515364406033,45.0721722148745,49.9872888049366,39503,2007.54166666667,10117.875,46.2677636545914,45.6307328714673,3.41666666666667,3.91304347826087,6.375,51272.7272727273,49.8369410116667,2.16666666666667,4.58333333333333,6.5,45.9289648702978,9291.08333333333,45.7774581372669,46.038291218817,45.7431715761038,37.0910246875497,1073.20833333333,1787.39565217391,6071.775
60,101225,9143.75,605766.75,527382.125,716135.5,303109.875,170593.125,761.938746788963,507.546189289886,1148.5,49.6883484327184,50.0840925987891,48.8588262507618,39396.5,2007.5,10397.625,45.6957813865437,48.3806264422417,3.28571428571429,4,7.5,0,50.73219813875,2.42857142857143,4.71428571428571,7.5,46.2993373360375,10009.5,43.682160414089,49.2647477609923,48.7225007616148,41.966868054558,624.875,1612.755,5478.05285714286
61,217897.83,6217.8700016,446318.62959,667147.05,683815.59559,447963.947368421,351174.3,962.168352504367,599.349472363737,1183.85,49.4753955964237,51.9293352068263,49.2305859969003,39724.05,2008.3,10373.5,45.5248728034056,48.9847726822204,4.25,2.95,5.35,13300,51.563060382,2.25,5.5,5.35,46.0771138565937,9826.9,48.0399730043863,47.4264402679987,47.6402291192429,39.4538137954373,1320.65,1937.6915,7963.869
62,125616.461538462,5574.30769230769,698469.692307692,809902.452307692,829660.461538462,462443.076923077,351846.083333333,1183.21772066499,590.27129710783,1691.30769230769,52.2907219925565,47.7401789339187,53.6384440588158,39937.0769230769,2008.84615384615,10496,45.3654075515435,45.8751314521475,5.30769230769231,3.38461538461538,6.92307692307692,0,52.4201991830769,2.30769230769231,6.61538461538461,6.92307692307692,46.5706930599321,10269.4615384615,46.7949141837632,46.4885978294857,45.8173186263112,40.8499550505043,1111.53846153846,2266.18153846154,9488.32461538461
63,281617.071906,5885,485541.724,928023.975999998,784895.3,453829.76,412614.454545454,1362.82251726457,991.272627947562,1269.36363636364,47.6877810056202,47.6098842638809,46.3154271826369,39774.2727272727,2008.63636363636,9976.81818181818,45.5250703603385,48.6086674527401,4.5,3.27272727272727,5.36363636363636,0,53.2630574372727,2.5,6,5.36363636363636,45.8952946461396,9404.81818181818,47.674276496941,45.8608977055233,46.7330703319542,48.66834607888,1006,1797.01125,6796.41333333333
64,222821.375,9078.25,495976.125,708140.375,782438.25,570779.25,367941.7,434.828122643975,434.24973847693,1807,51.3609512086071,49.6629676052223,51.7281923800933,39954.7,2009.1,10322.4,46.8257052810377,49.868677889865,4.3,2.9,4.5,54562.5,53.87630503,2.3,5.6,4.6,46.2993373360375,9887.9,44.70629957691,45.798127693127,48.1118947901696,35.265390030236,1511.1,1687.00666666667,6181.45888888889
65,312743.125,5380.5,453445.8125,779265.367499999,771569.4375,468094.1875,421622.9375,390.57819669374,318.878464192944,1762.4375,51.4482043770966,48.0265168019717,53.9804414140975,39537.625,2007.75,10346.625,45.8464935086278,47.0164635393349,4.6875,2.9375,4.1875,0,54.92243465,2.0625,5.75,4.0625,46.0215579867327,9960.33333333333,47.5343247823317,47.6609008776269,50.6225270893919,35.265390030236,1424.26666666667,2122.838125,8298.77875
66,69552,8743.14285714286,566317.571428571,719441.092619048,644612.714285714,323114.619047619,293204.045454545,1765.73221955578,1327.97001752583,1218.91304347826,47.3888390787644,48.2078191927413,46.6637931357443,39667.347826087,2008.08695652174,9875.26086956522,46.4209155488627,48.4550715957086,3.77272727272727,3.69565217391304,6.82608695652174,0,55.7525380356522,2.27272727272727,5.04545454545455,6.82608695652174,46.2993373360375,8964.26086956522,46.6321669139896,46.3316727984951,46.7681255121909,37.8428815780522,870.608695652174,1930.694,6796.64
67,124048,8914.47619047619,578319.952380952,727436.333333333,718901.476190476,231587.772727273,222407.681818182,734.734247404145,916.323774113652,1521.77272727273,49.7957115949823,45.4989267558814,50.1794769671687,39688.3636363636,2008.13636363636,10313,45.9413314872707,45.3887405465572,3.90909090909091,4.13636363636364,7.27272727272727,7619.04761904762,56.6354580972727,2.13636363636364,5.04545454545455,7.31818181818182,45.4912519562417,9525.77272727273,46.5974330772609,45.8608977055233,44.9289395874755,41.3576427796197,1029.31818181818,1888.79904761905,7034.34909090909
68,253389.964833333,8769.44444444445,401442.124444444,703083.548888888,700446.487055555,452542.333333333,420574.833333333,433.696177161361,341.965670237184,1176.55555555556,48.9557736390139,49.8637994906528,50.3727731075824,39660.3888888889,2008.11111111111,10399.4444444444,46.2889981350778,48.4443065352575,4.83333333333333,2.88888888888889,5.38888888888889,26444.4444444444,57.4171067494444,2.33333333333333,6.16666666666667,5.61111111111111,46.2993373360375,9902.11111111111,50.3113399182622,45.9623420616571,51.8342659733715,35.265390030236,1366.05555555556,2032.55588235294,7973.094375
69,342231.348666667,14900.7499999999,243932.666666667,701405.085909091,633907.348666667,439841.727272727,373983.75,398.063019412561,361.187162272886,1508.53846153846,48.7086598680144,49.2203101451122,50.5621093305358,40016.2307692308,2008.92307692308,10367.3846153846,47.1477563843127,48.6598419279698,4.66666666666667,3.30769230769231,5.15384615384615,0,58.3862522984615,2.41666666666667,6.08333333333333,5.15384615384615,46.5706930599321,9797.69230769231,46.7073122822744,45.9132060491868,45.0627109755835,35.265390030236,1385.53846153846,2069.5825,7636.272
70,513276.143255,12137.2499999999,312009.75,648296.49775,842861.333333333,742330.583333333,475780,374.502044617131,325.411393854214,1544,51.2580113852024,57.8042712516574,53.2519523415527,39710.4615384615,2008.30769230769,10539.4615384615,46.2359701720003,51.1062733070729,3.76923076923077,2.53846153846154,4,0,59.0714065961538,2.61538461538462,5.38461538461539,4,46.2993373360375,10183.3076923077,51.0948049078249,46.2230323924247,45.3401433738086,38.804768357677,1842.84615384615,1709.5375,7243.93
71,280128.545454545,6136.36363636364,383261.363636364,706705.545454545,669526.272727273,535595.727272727,498733.545454545,387.151741934559,349.843711716976,1096.81818181818,50.9414913496812,52.6367980879708,49.8855219583067,39305,2007.18181818182,10464.8181818182,44.4710074013677,45.8548348488927,5,2.27272727272727,4.18181818181818,0,60.0281014381818,2.63636363636364,6.63636363636364,3.72727272727273,46.2993373360375,10082.9090909091,48.5806443583507,46.4885978294857,46.9586297592464,35.265390030236,1475.81818181818,1986.99727272727,9731.52636363636
72,201016.286081538,13934.3846153845,810011.633846154,904018.07875,1056901.52307692,435661.153846154,375107.583333333,983.402930004206,1255.41455650554,1597.92307692308,51.8088404690937,54.1668629399997,52.6522716192138,40095.0769230769,2009.30769230769,10484.9230769231,46.6258307356183,47.8904777460315,5.30769230769231,4.30769230769231,8.53846153846154,4361.53846153846,60.7122520569231,2.15384615384615,6.46153846153846,8.46153846153846,45.6155727839026,9359.92307692308,50.0536146913285,45.9132060491868,48.6635880415932,40.0521600476089,992.076923076923,2219.34615384615,8641.47916666667
73,551935.148,8568.25,239150.75,831731.285714286,799654.148,657498.9,618056.555555556,341.843701442123,302.485923595228,1306.5,50.0177615658662,46.660116302066,53.6455397035619,39883.2,2008.8,10263.9,47.7127183315597,52.3104507544603,4.6,1.8,3.1,0,61.670856754,2.2,5.8,3.3,46.2993373360375,10014.4,50.9003095813009,46.4885978294857,44.3360477604163,44.7037322367453,1951.3,2145.893,8677.587
74,383258.222222222,6444.44444444444,239035.111111111,471089,628737.777777778,530065.888888889,413929.555555556,724.281464901591,530.864504740537,966.888888888889,52.0148398787673,52.9167824067294,50.8909662027807,39192.5555555556,2006.77777777778,10713.4444444444,46.1358062417428,46.0358461142372,3.55555555555556,2,3.66666666666667,0,62.4039863011111,2.55555555555556,5.11111111111111,3.66666666666667,46.2993373360375,10171.6666666667,47.0019499465602,46.4885978294857,48.6400229535846,35.265390030236,1632.55555555556,1535.84888888889,6424.40777777778
75,304601.8398825,5996.625,456987.602,741818.125,786975.227,553448.075,445751.125,1197.46005975554,482.139690944249,1834,49.1484083359674,61.9638025733202,50.5515200820239,40007.375,2009,10453.375,46.8847725747335,45.4120943756489,5.5,2.875,5.375,0,63.53893823,2.75,7.25,5.375,46.2993373360375,10149,48.0401047353543,48.080672283378,50.5904593745498,40.742294002177,1254,1858.51428571429,7886.58857142857
76,78531.3333333333,10779.1111111111,837865.222222222,963608.222222222,989231.591111111,558780.222222222,408969.2,956.396850524032,712.551820087928,1492.4,53.2538889820818,51.0538454163442,53.6455397035619,40551.9,2010.5,10631,45.9685768855995,47.8418741565001,5.6,2.9,5.5,61600,64.221400969,2.2,6.8,5.5,46.2993373360375,10126.1,47.3561178753616,45.6402911330927,43.6829741479214,57.6036501113094,1191.1,2358.211,9761.57
77,108892,11752.6666666667,669116.248888889,820935.666666667,798657.222222222,374275.25,422854.555555556,546.254549186669,574.431645385849,1420.22222222222,54.3966137614863,49.3819415408459,52.8737033182524,40045.1111111111,2009.11111111111,10698,47.1565497464575,49.7142852182922,4.66666666666667,3.44444444444444,6.66666666666667,0,65.0049479077778,2.44444444444444,6.11111111111111,6.66666666666667,46.2993373360375,9977,47.4395306778987,46.4885978294857,48.4282098276308,53.7370587000274,1090.44444444444,2192.63625,8154.46333333333
78,140974.545454545,9431.81818181818,591813.909090909,715471.181818182,742220.272727273,412376.272727273,332979.272727273,623.718773418327,515.264579892825,1634.91666666667,51.3669184615894,47.8069146189957,51.6752418580694,39790.0833333333,2008.58333333333,10450.5833333333,45.7470284464584,49.6546783137662,5.25,4.33333333333333,7.83333333333333,0,65.8964221908333,2.25,6.5,7.83333333333333,45.9289648702978,9952.41666666667,44.9977159013904,44.999751903622,46.5118149173018,43.6422375606385,1007.33333333333,2160.75636363636,8657.60181818182
79,275037,10761.5,697025.125,922391,983088.04,869646.285714286,656801.75,616.130186809444,582.472706412561,1613.11111111111,50.8145478830341,54.6730646674939,50.9711116400331,40264.4444444444,2009.88888888889,10772.6666666667,45.0759527359215,44.8364197898593,5,2.33333333333333,4,0,66.7709709955556,2.22222222222222,6.22222222222222,4,46.2993373360375,10212.2222222222,45.2130080433339,46.4885978294857,49.6247384707836,35.265390030236,1924.44444444444,2081.83222222222,8668.41222222222
80,98292.5,11625,709261.625,736671.75,819179.125,429396.75,345617.875,446.167258478447,496.398159074704,1548.66666666667,50.544481585406,54.2030155783624,51.8373171278559,39882.6666666667,2008.66666666667,10831.8888888889,46.4613390150797,45.7842792984084,5.88888888888889,4.77777777777778,8.66666666666667,0,67.5632021611111,2.22222222222222,7.11111111111111,8.66666666666667,46.2993373360375,9912.11111111111,46.0429057607538,45.3045223518714,46.4672147604918,38.106542522677,1524.77777777778,2350.76666666667,10556.8344444444
81,241001.25,5998,484624.75,787174.75,847324,554929,434793.25,386.464994043012,307.834126907489,1919.77777777778,55.4950953259987,50.0284756884619,58.0133227110169,40010.4444444444,2009.11111111111,10684.5555555556,47.5681085813955,46.0358461142372,4.77777777777778,3.875,5.44444444444444,115700,68.4242600166667,2.33333333333333,6.11111111111111,5.44444444444444,46.1116364137,10307.6666666667,49.3988378942674,46.4885978294857,46.4582580566612,35.265390030236,1376.77777777778,1975.54222222222,8261.08888888889
82,235308.818181818,10811.0909090909,412652.385454545,863945.459545455,669935.210909091,460773,517198.727272727,524.066911492311,398.705245808674,1708.27272727273,52.561559458834,53.711443063446,54.2954773940627,39621,2008,10657.7272727273,45.3061611779525,46.993402232077,4.36363636363636,2.09090909090909,4,0,69.2331776209091,2,5.36363636363636,4,45.8952946461396,10153.0909090909,45.7661820279044,46.1747477675045,45.3916920038274,43.6422375606385,1701.09090909091,2047.45818181818,8304.73363636364
83,42420,10540,977503.477,913763.743125,1030463.477,867592.875,656125.875,544.616858553738,399.258267064994,1297.375,51.3681678026201,60.0847960017037,50.9992418887585,40346,2010,10925.125,46.3821987557766,48.8747345453751,5.875,1.625,3.125,0,70.0698666475,2.25,7.125,3.125,46.2993373360375,10573.625,47.7838901929256,46.4885978294857,49.4958473694738,68.7727801518461,2028.5,2255.81125,9764.435
84,203287,5875,491729.333333333,798243.333333333,806827.22,817823.2,495275.428571429,516.835025491988,371.954716211436,2014.85714285714,48.8985920188619,55.1853301554607,50.6267714201762,40248.2857142857,2009.85714285714,10052.4285714286,47.9661506317088,48.8914167840647,3.85714285714286,2,2.85714285714286,105666.666666667,71.0041829071429,1.71428571428571,4.57142857142857,2.85714285714286,45.6644131090551,9662.42857142857,48.0260395913326,45.9954048749438,40.6044294222491,35.265390030236,1773.57142857143,1842.51857142857,6443.31285714286
85,0,22193.6666666665,645082.777777778,684925.111111111,673631.444444444,401825.777777778,355536.333333333,522.625203092789,636.124511247081,1283.44444444444,51.7175200800507,51.6455877858459,52.3154375044279,39832.8888888889,2008.55555555556,10650,46.0897534971922,47.9496306378816,4.55555555555556,4,7.88888888888889,0,71.7834970088889,2.66666666666667,6.22222222222222,7.88888888888889,46.2993373360375,10187.7777777778,46.0736574808475,46.4885978294857,46.6404352849013,38.106542522677,1333,1850.86777777778,8582.15111111111
86,81396,8563.11111111111,572508.070333333,652301.666666667,662744.959222222,578735.625,503192.333333333,477.852483573066,400.553592566549,1241,47.9778612381341,55.8236247337715,49.5466403383859,39406.7777777778,2007.33333333333,10378.6666666667,47.6493347745252,50.0098077858128,4.625,2.33333333333333,4.44444444444444,277.777777777778,72.6944923066667,2.25,5.875,4.44444444444444,46.2993373360375,9729.88888888889,44.9066055737205,46.4885978294857,47.6928123018809,42.5679286594907,1747.66666666667,1871.4625,7738.39125
87,180026,12948.6666666667,788658.166666667,1016619.33333333,982236.72,329534.8,240291.5,998.140853765189,719.24043996296,1325.16666666667,52.1210603104178,45.3181477952605,52.6233771784262,40421.8333333333,2010.16666666667,10597.3333333333,44.956603844442,50.1007217572676,5.83333333333333,4.5,8.83333333333333,0,73.565275955,2,6.83333333333333,8.83333333333333,46.2993373360375,9999.83333333333,47.9835669841079,46.4885978294857,65.7679524417893,61.6867375834821,558,2567.53333333333,10831.8866666667
88,253610,7016,575801.666666667,856554.666666667,836427.666666667,466469.833333333,444410,1197.93395228896,942.194872932718,732.833333333333,50.0329070420789,53.2116586219209,48.3499632734845,39854.8333333333,2008.5,10926.3333333333,46.9523296959225,50.5737854824897,5.66666666666667,2,3.5,0,74.254,2.33333333333333,7,3.5,46.2993373360375,10520.3333333333,48.1599167968147,46.4885978294857,46.2344594794305,46.4345200707727,1648,2515.06666666667,10923.3
89,179100,6800,461240.4,820182.4,715540.4,196817.8,162176.6,254.998180588625,329.690065330458,1724.4,54.1459252218867,38.7826914539286,56.712027278969,40191.4,2009.8,11005,45.9386922305156,47.2546710137,5,5.4,7.6,68400,75.199018988,2.4,6.4,7.8,45.4104434182621,9649.6,43.138853803815,51.4169146843071,47.2316811844779,35.265390030236,1245.4,2021.274,9608.312
90,299938.5,3172.66666666667,434552.666666667,874095.166666667,737663.833333333,557728.833333333,539096.666666667,241.397792784544,202.943707309102,1078.66666666667,53.6066776214583,53.037703460121,51.3240689466921,39814.8333333333,2008.66666666667,10827.1666666667,47.7127183315597,49.6646662508563,6,2.66666666666667,3.5,0,76.0482060816667,2.16666666666667,7.16666666666667,3.66666666666667,45.558592404558,10641.8333333333,45.9848223694306,45.9132060491868,46.4862713959095,42.1922657814078,2484.66666666667,2598.04333333333,10881.7566666667
91,0,17097.1428571429,686678.285714286,673396.142857143,768632.571428571,711623.166666667,454710,921.115828613064,438.909370522293,2033.375,52.368676367253,56.2871239150903,54.2944659343738,40608.375,2010.625,10548.625,47.0157221716559,51.1742686257536,5.25,2.5,3.375,64857.1428571429,76.8827239575,2.75,7,3.375,46.2993373360375,10360.875,46.3829067875059,46.7926459322425,52.0157905177962,68.7727801518461,1515,2114.46714285714,8701.42375
92,303352,4250,492583.833333333,773536.333333333,800185.833333333,669950.2,346185.875,571.953947706488,358.23064448535,1266.75,49.1235743625728,46.6930290317838,48.8588262507618,39854.375,2008.75,10203.75,45.1820529753532,47.3895314845857,4.125,3.25,4.375,0,77.806421525,2.125,5.25,4.375,46.2993373360375,9744.375,47.1591025723747,45.6255101590373,46.7118308232017,40.313079311824,1470.25,1937.5575,7361.65125
93,0,11250,1131286,1003412.5,1142536,147491,145799,1318.99583333333,1650.634375,1349.5,50.9104396193166,47.2149192475855,50.0247607149579,40729,2011,10689,48.5997313820817,47.6641071277034,5,5,10,0,78.44,2.5,6.5,10,46.2993373360375,9492.5,45.6145114608116,46.4885978294857,48.7225007616148,35.265390030236,110,2052.065,8990.01
94,461622,10880.6666666667,523278.666666667,802926,995781.333333333,830144,664167.666666667,536.85273057788,940.549984054089,1702,52.1199505551169,63.7558964075563,54.2981746198996,40502.6666666667,2010.66666666667,10676,45.3993426342859,47.5060187846214,5.66666666666667,2.66666666666667,5,0,79.3955764233333,2.66666666666667,7.33333333333333,5,46.2993373360375,10008.6666666667,49.5629373329721,46.4885978294857,48.7225007616148,35.265390030236,2179,2237.00333333333,10826.2466666667
95,357156,6288,386105.285714286,739537.285714286,751563.474285714,662285.833333333,433941.285714286,388.98502702841,348.494336798014,1704.71428571429,53.7389113748089,54.2669424166264,55.9150724593094,40469.2857142857,2010.28571428571,10480.1428571429,44.8318121403518,49.3842024427293,5.5,2.85714285714286,5.42857142857143,0,80.28587634,2,6.5,5.42857142857143,46.2993373360375,10027,49.5629373329721,45.2767311203528,49.1736196161992,35.265390030236,1779,2375.655,10176.825
96,0,6500,572912.5,1399634.94,579412.5,562522,635379.999999999,354.532854799016,1881.26977616313,2534.5,57.1815579561387,65.7937078425417,62.8450024297831,40557,2010.5,10907.5,44.3229466480776,51.3806491397839,5,5,9.5,0,81.38640408,2.5,6.5,9.5,46.2993373360375,10753.5,46.3032304908654,46.4885978294857,49.7375181844297,56.2075088562423,911,1913.095,7482.835
97,1310022,0,0,950150,1310022,1310022,950150,537.775862068965,390.045155993432,2314,57.1815579561387,48.1210657990625,62.8450024297831,39016,2006,10407,48.5997313820817,47.6641071277034,3,1,1,0,81.896,2,4,1,46.2993373360375,10174,35.81895018376,46.4885978294857,44.2500420302041,68.7727801518461,2436,1522,5258
98,383760,9048.85714285714,262955.142857143,672840.571428571,845970,782874,524986.428571429,421.945853288906,325.149198644284,1458.85714285714,53.7398625936382,52.4485321009173,54.0836093571915,40275,2009.85714285714,10695.1428571429,45.7485415594123,47.0888163924831,5.5,1.85714285714286,2.42857142857143,190206,82.7738899928571,2.16666666666667,6.66666666666667,2.42857142857143,46.2993373360375,10484,48.5685404725415,46.4885978294857,39.3892252195974,37.0350791939565,2082.57142857143,2048.225,6158.754
99,0,11375,947706.09175,745046.5,959081.09175,824778,595050,426.304209560948,330.625187817598,1874.6,50.735171081286,56.2606320885541,51.7281923800933,40163,2009.4,10716,47.7127183315597,51.2783935654448,4.6,1.6,2.8,0,83.54216916,2.4,6,2.8,46.2993373360375,10251.2,46.6558350957268,46.4885978294857,45.7035104883434,52.019085091041,1944.4,2181.585,7304.072
100,566496,7500,469695.5,876145.25,1043691.5,931816.5,684645.25,491.438947957154,351.244684734858,866.5,46.8951483960119,76.8094896062519,47.5125645527478,40843.75,2011.5,10569,47.5701053282322,46.7994049798903,7.33333333333333,2.5,4.25,0,84.472,2.33333333333333,8.66666666666667,4.25,46.2993373360375,10379.5,51.8815097840792,46.4885978294857,49.3991790434914,35.265390030236,2227.5,2732.29666666667,13107.5966666667
101,306500,8250,779570,1045760.5,1094320,138031.5,93706,1223.7459273183,840.641604010025,1389,52.724706023017,39.7567429940919,53.9226854101604,40739.5,2011,10579.5,48.5997313820817,49.8136650713183,5,4,6,0,85.468,2,6,6,46.2993373360375,10430,45.6145114608116,46.4885978294857,48.7225007616148,35.265390030236,175,2529.3,10760.12
102,760280.359529999,7500,763497,560875,1600381.5,1546288.8,560875,601.387184481751,182.156635896777,2011.5,54.0493280536304,48.581046112375,56.4348815723705,40797,2011.5,11327,43.9975283676788,47.4269746130804,7.5,1,1.5,0,86.392,2.5,9,1.5,46.2993373360375,11173,51.5371502690523,42.2470643475206,50.075857325368,68.7727801518461,2724,2584.17,12677.555
103,70097,9437.5,568962.5,521551,648497,339971,152259.8,667.597927495678,208.009612913654,915,48.225392040196,44.7801295100561,49.0198822500739,39868.6,2008.6,10413.4,47.5701053282322,42.4785315369797,3.25,3.6,7,0,87.192102512,2.75,5,7,46.2993373360375,10114,43.5099806565756,46.4885978294857,49.3991790434914,46.4345200707727,1039.2,1511.1825,6598.6525
104,506853.573019999,5000,576352,1065440.66666667,1241187.33333333,881019.333333333,460871.75,580.521561465907,316.943803799236,1778.75,52.2558042650811,55.8693644283929,55.1787834912654,40930.25,2011.75,11018.75,46.3821987557766,53.6890952205941,6.75,5.75,6.25,146833.333333333,87.9841526275,2.75,8.5,6.25,46.2993373360375,10829,47.9301491129492,51.1778100220506,47.6828000390623,35.265390030236,1102.5,2864.5775,13849.3125
105,0,11250,1323603,1211603,1334853,202356,147135,1977.34712346477,1469.93527795734,1470.5,54.0459987877276,47.2149192475855,50.0247607149579,41122.5,2012,11079.5,48.5997313820817,43.7886769784276,7,4.5,8,0,88.892,3,9,8,46.2993373360375,10963,45.6145114608116,46.4885978294857,42.8406587879545,52.019085091041,125,2762.335,13397.985
106,736478.4,6000,528823.2,1205266.2,1271301.6,817914,665476.6,910.014855220646,640.450312973391,2149,54.674442327771,83.278233424307,57.716905743853,40904.4,2011.4,11275,44.9848240752765,47.224786098715,7.6,2.2,3.8,0,89.4848,2.6,9.2,3.8,46.2993373360375,11040.2,52.997165642722,46.4885978294857,49.3991790434914,68.7727801518461,1701.2,2675.0225,11631.2175
107,217222.959865714,10142.8571428571,820195.891428571,1082123.28571429,1209499.54285714,572679.371428571,336826.75,925.991452097131,523.60828951636,1880.5,50.6888569973512,52.1848205976553,53.6664168938213,40465,2010.25,10425.25,48.0113736370248,52.6938875103866,5,4.5,6.625,103428.571428571,90.4095,2.375,6.375,6.625,46.2993373360375,10211.375,44.4115849402156,48.8332039257681,48.2810643606387,46.4345200707727,916.375,2141.97125,9518.84625
109,668297.704,3375,468505,866784.75,1140177.704,826557.5,544496.5,841.856567769398,612.872057731919,1621.75,54.9531319895778,60.0847960017037,55.1787834912654,40337.5,2010,10949.25,47.1213762978783,44.5040189296441,4,1.75,2.5,0,91.938,2.66666666666667,5.66666666666667,2.5,46.2993373360375,10671,51.5371502690523,46.4885978294857,48.7225007616148,35.265390030236,1969,1597.31333333333,7307.09
111,0,6000,830300.2,926256.6,836300.2,418303,401166,897.518253447665,838.462853508787,1399.8,52.3618527422769,54.3463208391872,53.1431004711199,40741.4,2011,10680.6,44.1646661294716,50.5580349168373,7.75,3,4.4,0,93.957688368,2.25,9,4.4,46.2993373360375,10523.8,46.6475900058923,46.4885978294857,49.3991790434914,68.7727801518461,1166.2,2016.98,8648.20333333333
112,0,14500,1144742,1375430.29333333,1159242,397630.5,651426.5,671.998458804305,2516.31863196817,1812,49.12024509667,45.9272162887406,48.9489898676708,40722.5,2010.75,10184.75,47.1213762978783,46.9319054127228,4.75,4.5,8.75,0,94.553,2.25,6,9,46.2993373360375,9312.75,48.9201903799589,46.4885978294857,46.8564697999766,57.173005918,1046.5,2173.8275,9069.9425
113,364490,4500,659592.833333333,1079360.2,1028582.83333333,446793.666666667,451947.666666667,966.357458975613,759.164612871866,1173.83333333333,51.0758739209474,55.2712104532068,50.4866702259554,40541.5,2010.66666666667,10720.3333333333,44.9038436715733,50.5440056085484,8.16666666666667,2,3.33333333333333,0,95.7266293083333,2.16666666666667,9.33333333333333,3.5,45.558592404558,10555.3333333333,45.7552493594126,45.9132060491868,46.8246105368478,68.7727801518461,2048.33333333333,2585.296,12478.06
114,0,10333.3333333333,831569.079999999,1017914.33333333,910222.13333333,950430,653007.333333333,635.718644781145,337.742866721717,2434.33333333333,57.1815579561387,64.0727060692507,62.8450024297831,39993.6666666667,2008.66666666667,10740.3333333333,47.1213762978783,53.6879178572724,4.66666666666667,2.33333333333333,3,0,96.5146666666667,1.66666666666667,5.33333333333333,3,46.2993373360375,10576,46.9919495209192,46.4885978294857,50.075857325368,68.7727801518461,2092.66666666667,2312.23666666667,8143.31666666666
115,1138914,8666.66666666667,0,824520,1147580.66666667,755314,633186.666666667,653.692109316551,401.756783103006,1740,54.2103233340576,76.8936885996875,56.896791083368,40181.6666666667,2009.33333333333,10523.3333333333,45.643021213675,51.1042977577551,4.33333333333333,1.33333333333333,2,0,97.3442561433333,2.33333333333333,5.66666666666667,2,46.2993373360375,10331.6666666667,50.246176112782,46.4885978294857,49.3991790434914,52.019085091041,1896.33333333333,1951.13333333333,7878.96333333333
116,240744,8198.66666666667,376688.666666667,901552,1053640.06666667,651816.666666667,561389.666666667,782.607842727929,641.554995195077,1504.66666666667,49.5698097338924,61.4518917734807,50.606888381834,39828.8333333333,2008.33333333333,10527.3333333333,46.4349589286453,51.3925318070262,4.66666666666667,3.16666666666667,5.83333333333333,531531,98.0839777766667,2.66666666666667,6.33333333333333,5.83333333333333,46.2993373360375,9953,52.206575626326,46.4885978294857,46.6931552637028,35.265390030236,1926,2002.455,7438.338
117,810922,3500,426977.333333333,959094.666666667,1241399.33333333,1010100,688907.666666667,1863.75339599106,1212.46284546127,1760.33333333333,53.0030319088591,51.9381206111421,54.2981746198996,40858,2011.33333333333,10879.3333333333,48.5997313820817,49.5131707855966,5.66666666666667,2,3.33333333333333,0,98.8840631233333,2.66666666666667,7.33333333333333,3.33333333333333,46.2993373360375,10754,53.5113632051325,46.4885978294857,50.075857325368,68.7727801518461,1722.66666666667,2148.99,10481.3233333333
118,687525.877666667,4833.33333333333,317800,722213.333333333,1010159.211,1005321.66666667,722213.333333333,381.716181945484,272.253525832847,2475.33333333333,57.1815579561387,72.5015994800833,62.8450024297831,40094.6666666667,2009.33333333333,10630,47.1213762978783,51.1042977577551,3,1,1.33333333333333,0,99.9373333333333,2,4,1.33333333333333,46.2993373360375,10335,53.5113632051325,46.4885978294857,49.0608399025531,35.265390030236,2653.66666666667,1438.93,5080.07
120,329714,9000,928951.666666667,1244388.66666667,1267665.66666667,463974,387241.333333333,921.369051821386,683.462551480497,1789.66666666667,53.0030319088591,65.443234269451,54.2981746198996,40945.3333333333,2011.66666666667,11162.3333333333,47.1213762978783,50.0358763776268,6.66666666666667,3,5.66666666666667,0,101.659148966667,3,8.66666666666667,5.66666666666667,46.2993373360375,10985.6666666667,49.5629373329721,46.4885978294857,48.7225007616148,68.7727801518461,940.333333333333,2524.82,12580.8933333333
121,430550,0,0,319000,430550,430550,319000,211.364752086402,156.602847324497,954,50.9170981511221,47.0209348228125,50.0247607149579,38943,2006,10143,44.1646661294716,59.7140833134848,3,1,1,0,102.2865487,2,4,1,46.2993373360375,9991,57.459789077293,46.4885978294857,44.7293812467714,35.265390030236,2037,1488,5252
122,0,5500,182000,313000,187500,50000,112000,892.857142857143,2000,615,50.9170981511221,48.1210657990625,50.0247607149579,37915,2003,10200,44.1646661294716,47.6641071277034,4,4,8,0,102.9154604,1,4,8,46.2993373360375,7894,45.6145114608116,46.4885978294857,42.2692752058223,57.173005918,56,2311,6093
124,0,0,503000,922125,1020500,1e+05,88625,361.01083032491,319.945848375451,2542,57.1815579561387,32.2985667405982,62.8450024297831,40970,2012,10884,48.5997313820817,39.9132468291517,7,9,9,517500,104.8542318,2,8,9,46.2993373360375,10780,45.6145114608116,68.6977972815385,48.7225007616148,35.265390030236,277,3093.16,14116.18
125,0,0,1552707.24,851126,1565760,1565583.6,851126,531.667232597623,289.007130730051,1381,50.9170981511221,72.5015994800833,50.0247607149579,40883,2011,11105,48.5997313820817,59.7140833134848,8,1,1,0,105.98,2,9,1,46.2993373360375,10910,46.9919495209192,46.4885978294857,47.9427252197004,68.7727801518461,2945,2659.46,11902.78
126,302788.5,10500,544541.546,956121.24325,857830.046,1129772,892353.25,497.610171706035,336.368820942476,2520.75,57.1815579561387,75.6901996100625,62.8450024297831,40200.25,2009.25,11104.75,46.4613390150797,53.6096511519964,5,1,1.5,0,106.4889432,2.5,6.5,1.5,46.2993373360375,10643.5,50.0220833530079,46.4885978294857,49.5119587571375,35.265390030236,2647,1803.2775,8194.4
127,346972.5,7500,641898.5,1243589.47,996371,745311.25,739925,1418.04622405836,1136.92101916977,1201.75,51.1569264388115,65.2870923687549,50.7176249814541,41001.75,2011.75,10909,47.5701053282322,43.6701107211161,8.25,2.25,4,0,107.290758025,3,10.25,4,46.2993373360375,10722,46.1269405456691,46.4885978294857,50.075857325368,68.7727801518461,1805.25,2988.32333333333,14468.6966666667
129,463974,13923,201398,713249,679295,497476,523471,530.684437212201,1189.28058373438,655.5,47.3300505740234,47.667992523324,47.5125645527478,40005,2009,10510.5,46.3821987557766,43.7886769784276,7.5,3.5,7,0,108.926,3,9.5,7,46.2993373360375,9509.5,51.5371502690523,46.4885978294857,43.760964040684,35.265390030236,1741.5,988,4408
130,0,8064,898044,555880,906108,898044,555880,464.105426356589,287.276485788114,2249,37.4785431919082,48.1210657990625,32.9014356109843,41012,2012,9983,48.5997313820817,39.9132468291517,1,1,2,0,109.772,4,4,2,46.2993373360375,9750,45.6145114608116,46.4885978294857,48.7225007616148,52.019085091041,1935,2052.8775,233.280000000002
131,742140,0,0,854000,742140,742140,854000,287.986030267753,331.3930927435,2299,57.1815579561387,48.1210657990625,62.8450024297831,38910,2006,10405,44.1646661294716,59.7140833134848,3,1,2,0,111.2084996,2,4,2,46.2993373360375,10322,57.459789077293,46.4885978294857,46.5292742610155,39.9845611334907,2577,1557,5431
133,0,15000,966497,1007299,981497,722117,569723,467.99546338302,369.230719377835,1203,50.9104396193166,47.2149192475855,50.0247607149579,40633,2011,10590,48.5997313820817,39.9132468291517,6,4,8,0,112.904,3,8,8,46.2993373360375,10442,46.9919495209192,46.4885978294857,50.075857325368,63.1882151315778,1543,2531,12489.63
134,795480,5500,500957,1272415.33333333,1301937,851508,551966.75,916.002436069768,460.663835914548,1509.25,50.0273782985202,69.1087227432433,53.9226854101604,40857.5,2011.25,10406.5,46.3821987557766,55.1926931763429,5.33333333333333,1.75,2.75,0,113.466,2.33333333333333,6.66666666666667,2.75,46.2993373360375,10156.5,50.8914685170695,45.6255101590373,43.0828486979592,68.7727801518461,2143.5,2129.15666666667,4711.625
136,1255367.367,0,0,776000,1255367.367,1255380,776000,349.201668984701,215.855354659249,2634,57.1815579561387,72.5015994800833,62.8450024297831,40886,2011,11490,48.5997313820817,59.7140833134848,8,1,1,0,115.2346599,2,9,1,46.2993373360375,11335,57.459789077293,46.4885978294857,47.162949677786,68.7727801518461,3595,3322,15862
138,760280.359529999,7500,562698,1157625,1415826,1267888.8,919612,606.178039432507,421.729905757776,1992.5,54.0459987877276,74.5573917803837,56.4348815723705,40868,2011.5,11450,44.1646661294716,59.7140833134848,6.5,1.5,2.5,0,116.892,3,8.5,2.5,46.2993373360375,11327,52.2258692991061,46.4885978294857,50.075857325368,68.7727801518461,2219,2692.27,13165.65
140,958398,0,0,846620,958398,958398,846620,292.016453382084,257.958561852529,1356,50.9104396193166,101.899864313182,50.0247607149579,40915,2012,11600,48.5997313820817,39.9132468291517,13,1,1,0,118.444,3,15,1,46.2993373360375,11434,57.459789077293,46.4885978294857,49.3991790434914,56.7382561942957,3282,1449.62,5162.9175
141,0,37500,219452,1256640,256952,219452,1122000,67.9838909541512,347.583643122677,2419,57.1815579561387,101.899864313182,62.8450024297831,40360,2010,11000,44.1646661294716,39.9132468291517,7,1,2,0,118.884,2,8,2,46.2993373360375,10936,46.9919495209192,46.4885978294857,45.9389816998684,39.4538137954373,3228,3285,14247.43
142,0,15000,1474446,1551766,1489446,130878,95707,320.779411764706,234.575980392157,1492,50.9104396193166,47.2149192475855,50.0247607149579,41061,2012,11279,44.1646661294716,41.1683860955319,8,5,10,0,120.0347822,2,9,10,46.2993373360375,11040,45.6145114608116,46.4885978294857,36.9588168142941,35.265390030236,408,3512.99,15772.01
146,0,6750,1206232,1063055,1212982,1008289,717771,520.389686649795,378.740086612319,1384,50.9137688852193,59.8582593638344,50.0247607149579,40895.5,2011.5,10766.5,46.3821987557766,43.7886769784276,5.5,2,3.5,0,123.5250522,2,6.5,3.5,46.2993373360375,10451.5,46.3032304908654,46.4885978294857,48.7225007616148,68.7727801518461,2109,2050.73,8474.11
147,770630,27851.6666666663,0,871957.666666667,1137514,1155945,871957.666666667,543.523852119264,380.137303666473,981.666666666667,50.0340167973798,78.2454529816414,48.3499632734845,40711.6666666667,2011,10600,45.7485415594123,51.6784111296537,5,1,1.33333333333333,0,124.316,2.66666666666667,6.66666666666667,1.33333333333333,46.2993373360375,10393,53.9705092251684,46.4885978294857,49.3991790434914,52.019085091041,2366,1916.52,9873.49333333333
148,1161972,0,0,802974,1161972,1161972,802974,477.588162762022,330.034525277435,1513,50.9170981511221,118.1616,50.0247607149579,41085,2012,10667,44.1646661294716,39.9132468291517,3,1,1,0,125.6,2,4,1,46.2993373360375,10440,57.459789077293,46.4885978294857,46.4862713959095,52.019085091041,2433,1394.3,5000.98
149,760280.359529999,6750,664977,1357225.5,1435980,1250385,638560,625.60436217003,316.712319863465,2550.33333333333,50.6138863680619,63.7262969909911,52.8638134901835,41031,2012,10438,47.1213762978783,51.1042977577551,4.66666666666667,1.66666666666667,2.66666666666667,0,125.92,2,5.66666666666667,2.66666666666667,46.2993373360375,10021.3333333333,48.7020283303283,45.3378142688879,47.162949677786,68.7727801518461,2031.66666666667,2268.12666666667,8508.53666666667
151,1139905.184,0,0,732500,1139905.184,1139922,732500,407.115,261.607142857143,2523,57.1815579561387,72.5015994800833,62.8450024297831,40578,2011,10665,44.1646661294716,39.9132468291517,3,1,1,0,128.1435505,2,4,1,46.2993373360375,10455,57.459789077293,46.4885978294857,46.4862713959095,52.019085091041,2800,1493.97,5099.76
152,0,0,920354,719500,920354,143501,66000,367.951282051282,169.230769230769,2698,57.1815579561387,32.2985667405982,62.8450024297831,41040,2012,10878,48.5997313820817,39.9132468291517,8,6,6,0,128.3355706,1,8,6,46.2993373360375,10700,45.6145114608116,38.0055308655556,48.7225007616148,35.265390030236,390,3965.48,14307.54
154,0,0,1369538,1391744,1369538,6120,0,1.74110953058321,0,254,48.2678540898953,47.2149192475855,45.0003683905377,40731,2011,10198,44.4812271666837,53.6855631306289,7,4,4,0,129.9206302,2,8,5,41.8548677471605,10022,43.0317844528804,43.0362471476923,44.2500420302041,52.019085091041,3515,3448.58,16166.92
155,1520560.71906,0,0,923839,1548531.633,1548540,923839,483.163806552262,288.249297971919,2589,57.1815579561387,72.5015994800833,62.8450024297831,40648,2011,11244,48.5997313820817,59.7140833134848,8,1,1,0,131.4437137,2,9,1,46.2993373360375,11150,57.459789077293,46.4885978294857,47.162949677786,68.7727801518461,3205,2996.67,14200.03
156,0,13500,1324233,1384780,1337733,477071,345645.333333333,1196.97495982279,872.504449174014,1423.66666666667,50.9104396193166,47.2149192475855,50.0247607149579,41034.6666666667,2012,10866.3333333333,48.5997313820817,47.3502851681829,7.66666666666667,3.66666666666667,7.33333333333333,0,131.714666666667,2.33333333333333,9,7.33333333333333,46.2993373360375,10702.3333333333,45.6145114608116,46.4885978294857,59.1722457269099,57.6036501113094,600.666666666667,3061.89666666667,14064.8466666667
157,0,15000,1177926,1445816,1192926,371118,318855,2595.23076923077,2229.75524475524,1409,50.9104396193166,47.2149192475855,50.0247607149579,40956,2012,10606,44.4812271666837,39.9132468291517,6,3,6,0,132.544,3,8,6,46.2993373360375,10466,45.6145114608116,46.4885978294857,50.075857325368,68.7727801518461,143,2493.01,12355.12
158,0,13500,1394211,1528015,1407711,203757,134848,1265.57142857143,837.565217391304,1469,50.9170981511221,47.2149192475855,50.0247607149579,41096,2012,11236,48.5997313820817,55.0971911518644,8,5,10,0,133.616,2,9,10,46.2993373360375,11102,45.6145114608116,46.4885978294857,48.7225007616148,68.7727801518461,161,3128.94,13822.81
163,0,0,1473948,891950,1473948,1473948,445975,441.301796407186,133.525449101796,2452,47.3300505740234,57.2828534461446,47.8732190203837,40766,2011,9870,48.5997313820817,56.6998232220568,5.5,4,4,0,137.748,2,6.5,4,46.2993373360375,9598,45.0118669868998,44.762422488589,47.162949677786,68.7727801518461,1757,2279.465,9457.69
166,1361934,0,0,870000,1361934,1361934,870000,412.707272727273,263.636363636364,2606,57.1815579561387,72.5015994800833,62.8450024297831,40846,2011,11389,48.5997313820817,53.6855631306289,8,1,1,0,140.7955167,2,9,1,46.2993373360375,11220,57.459789077293,46.4885978294857,47.162949677786,68.7727801518461,3300,3091.92,14725.08
168,1136226,0,0,800960,1136226,1136226,800960,465.285012285012,327.993447993448,2309,57.1815579561387,48.1210657990625,62.8450024297831,39238,2007,10406,48.5997313820817,47.6641071277034,3,1,1,0,142.2787642,2,4,1,46.2993373360375,10188,57.459789077293,46.4885978294857,46.4862713959095,52.019085091041,2442,1512,5202
180,0,15500,0,1167000,1757666.39999999,420000,258000,1031.94103194103,633.906633906634,259,37.4785431919082,96.670966665,45.0003683905377,40665,2011,10373,44.1646661294716,59.7140833134848,9,5,9,2016000,152.468,4,12,9,46.2993373360375,10223,48.0662535151724,46.4885978294857,36.9588168142941,35.265390030236,407,2496.04,17116.26
181,0,5,1015558.5,852994,1015563.5,690541,419700,199.899717784122,121.125541125541,772.5,49.5924761205087,53.7910345990661,47.5125645527478,40732,2011,11091.5,46.3821987557766,53.6890952205941,9,5.5,6,0,153.128,2.5,10.5,6,44.077102541599,10771.5,45.0118669868998,44.762422488589,63.0173333333333,63.1882151315778,1754.5,2963.145,15063.325
187,0,10000,258005,163000,268005,67655,18000,751.722222222222,200,665,57.1815579561387,48.1210657990625,50.0247607149579,38070,2004,10515,44.4812271666837,47.6641071277034,2,4,8,0,158.02,3,4,8,46.2993373360375,10245,46.9919495209192,46.4885978294857,42.2692752058223,46.219197974118,90,998,4466
188,440916,0,0,936100,440916,440916,936100,147.463545150502,313.076923076923,1509,50.9170981511221,159.2121528,50.0247607149579,41062,2012,11509,44.1646661294716,47.6641071277034,7,1,1,0,159.2121528,3,9,1,46.2993373360375,11400,57.459789077293,46.4885978294857,44.0485059005501,39.9845611334907,2990,2695.83,13477.85
192,1021000,7770,0,895000,1028770,105000,128000,343.137254901961,418.300653594771,1222,50.9170981511221,80.4622673311111,50.0247607149579,40504,2010,10618,48.5997313820817,59.7140833134848,3,4,8,0,162.696,2,4,8,46.2993373360375,10150,35.81895018376,46.4885978294857,50.075857325368,35.265390030236,306,1297.54,4992.74
194,873325.179765,6750,47982.75,1084062.25,931619.25,880636.5,666892.75,486.480637806097,286.542684312606,2271,55.6154430048845,81.8449947781288,59.6399420010768,40767.5,2011,11146.25,46.4613390150797,55.8985071869606,6,3,5,0,164.14270275,2.5,7.5,5,46.2993373360375,10985.5,54.4984696731727,46.4885978294857,48.7225007616148,56.7382561942957,2185.5,2436.295,11343.2
196,0,0,840000,6e+05,840000,840000,6e+05,400,285.714285714286,1282,50.9170981511221,80.4622673311111,50.0247607149579,40602,2011,10800,48.5997313820817,59.7140833134848,7,1,1,0,165.852,3,9,1,46.2993373360375,10520,45.6145114608116,46.4885978294857,48.7225007616148,35.265390030236,2100,1924.17,8362.93
197,1124697,0,0,748234,1124697,1124697,748234,471.76178974001,313.441330419356,2081.5,54.0493280536304,95.3315997400417,56.4348815723705,41000.5,2012,10929,41.9382762599798,50.6748351291662,3,1,1,0,166.708,2,4,1,46.2993373360375,10280.5,57.459789077293,46.4885978294857,46.4862713959095,52.019085091041,2385.5,1387.24,5123.835
198,0,12000,1487780,1438523,1499780,201424,149186,2238.04444444444,1657.62222222222,1350,48.2678540898953,47.2149192475855,50.0247607149579,40990,2012,10517,44.4812271666837,39.9132468291517,8,4,8,0,167.716,2,9,8,46.2993373360375,10355,45.6145114608116,46.4885978294857,48.7225007616148,68.7727801518461,90,3370.61,15191.59
208,1181544,0,0,699004,1181544,1181544,699004,341.486705202312,202.024277456647,2645,57.1815579561387,72.5015994800833,62.8450024297831,40927,2012,11517,48.5997313820817,53.6855631306289,8,1,1,0,176.1857485,2,9,1,46.2993373360375,11380,57.459789077293,46.4885978294857,46.4862713959095,52.019085091041,3460,3174.32,14870.95
216,0,13500,1102391,1175163,1115891,836252,557409,516.843016069221,344.504944375773,209,48.2678540898953,47.2149192475855,45.0003683905377,40634,2011,10191,43.4336303913043,53.6855631306289,7,3,6,0,182.758,2,8,6,46.2993373360375,9964,46.9919495209192,46.4885978294857,50.075857325368,68.7727801518461,1618,3410.66,16162.73
219,735000,0,0,623671,735000,735000,623671,365.671641791045,310.28407960199,349,48.2678540898953,69.0628571428571,45.0003683905377,40813,2011,10880,48.5997313820817,39.9132468291517,6,1,1,0,185.44,4,9,1,46.2993373360375,10610,57.459789077293,46.4885978294857,44.8380955671124,41.7542502972112,2010,1933.51,11988.05
231,0,22512,0,1125600,22512,330184,1006000,107.723718052326,348.096885813149,1255,50.9170981511221,72.5015994800833,50.0247607149579,40572,2011,11105,44.1646661294716,41.1683860955319,8,1,2,0,195.747454,2,9,2,46.2993373360375,10870,52.2258692991061,46.4885978294857,45.9389816998684,39.4538137954373,2890,2650.2,11417.67
237,1318170,0,0,947126,1318170,1318170,947126,515.312744331509,370.260359655981,2310,57.1815579561387,48.1210657990625,62.8450024297831,39016,2006,10410,44.1646661294716,47.6641071277034,3,1,1,0,200.612,2,4,1,46.2993373360375,10304,57.459789077293,46.4885978294857,47.162949677786,68.7727801518461,2558,1511,5146
240,0,15000,1431150,1460529,1446150,216046,150461,2077.36538461538,1446.74038461538,1318,50.9104396193166,47.2149192475855,50.0247607149579,40885,2011,10617,48.5997313820817,41.1683860955319,7,4,8,0,202.956,2,8,8,46.2993373360375,10490,45.6145114608116,46.4885978294857,50.075857325368,68.7727801518461,104,3099.62,13885.93
242,0,0,1231488,1563055,1231488,5820,0,1.78527607361963,0,1315,50.9104396193166,47.2149192475855,50.0247607149579,40915,2012,10577,48.5997313820817,41.1683860955319,8,4,4,0,204.808,2,9,5,41.8548677471605,10414,43.0317844528804,43.0362471476923,44.2500420302041,52.019085091041,3260,3317,14650.63
258,1074780,0,0,944021,1074780,1074780,944021,336.710526315789,295.745927318296,368,48.2678540898953,80.4769158391667,45.0003683905377,41122,2012,10669,48.5997313820817,53.6855631306289,13,1,1,0,218.792,3,15,1,46.2993373360375,10530,57.459789077293,46.4885978294857,46.4862713959095,52.019085091041,3192,1453.15,5101.49
273,0,0,448500,635152,808500,42000,16500,170.731707317073,67.0731707317073,454,48.2678540898953,32.2985667405982,45.0003683905377,41042,2012,10887,48.5997313820817,39.9132468291517,12,8,8,360000,231.404,4,15,8,46.2993373360375,10396,45.6145114608116,68.6977972815385,48.7225007616148,35.265390030236,246,2876.445,11711.63
304,0,0,1300513,1477399.5,1300513,5970,0,1.76319280210142,0,265,37.4785431919082,42.0641074122059,45.0003683905377,40881,2011,10346,44.1646661294716,59.7140833134848,14,12,12,0,257.668,2,15,12,46.2993373360375,10200,43.0317844528804,43.0362471476923,44.2500420302041,35.265390030236,252,3673.62,15408.775
339,405048,0,0,304380,405048,405048,304380,390.595949855352,293.519768563163,1500,57.1815579561387,101.899864313182,50.0247607149579,41109,2012,12020,44.1646661294716,39.9132468291517,2,1,1,0,286.748,8,9,1,46.2993373360375,11894,57.459789077293,46.4885978294857,42.1277079531173,35.265390030236,1037,128.879999999999,949.85999999999
394,0,0,1552707.24,1429120,1757666.39999999,1565583.6,1215760,1070.53288201161,617.021276595745,462,48.2678540898953,101.899864313182,45.0003683905377,41120,2012,10634,47.4909650689292,50.2442501002422,5.5,1,1,0,333.52,2,6.5,1,46.2993373360375,10414,46.9919495209192,46.4885978294857,36.9588168142941,68.7727801518461,2068,2165.0975,8965.9
500,0,0,1300513,1477399.5,1300513,5970,0,1.76319280210142,0,258,37.4785431919082,42.0641074122059,45.0003683905377,40735,2011,10200,48.5997313820817,59.7140833134848,11,12,12,0,423.792,2,12,12,46.2993373360375,10061,43.0317844528804,43.0362471476923,44.2500420302041,35.265390030236,257,4030.24,15408.775
