EUR_o..Mstb.,WellID,Fluid.Water..Gals.,Acid..Gals.,Proppant...Total..lbs.,Fluid...Total..lbs.,Propping.Agent.Amount,Fluid.Amount.Per.Foot,Operator,County,Completion.Date,Depth.Total.Driller..ft.,WB.Spacing.Proxy,SPBY.Spacing.Proxy,Between_Zone,Frac.Stages,Type,Fluid.Type,Propping.Agent.Type,Additive,Mesh.Size,Total.Height,Geology.Score
0.578,1359.75,0,2.5,773646.25,784153,28520.75,505.661207172159,35.0804697180488,50.0247607149579,40771,11748.25,45.3525727019272,43.7092329098299,6.25,13.25,45.1882199388182,45.3131892238557,43.2573592038088,53.938563806772,35.265390030236,2093.16,11326.0475
1.27177052566667,889,439586,5666.66666666667,571196,865523.666666667,110210.666666667,387.871281501681,30.6798430677712,48.3499632734845,40294.6666666667,10879.6666666667,45.643021213675,42.4968669286689,7.33333333333333,6,46.2993373360375,49.5629373329721,53.8916643135033,48.7225007616148,35.265390030236,2817.7,13874.1066666667
3.340870865,372.5,0,83554.9999999988,125000,151200,125000,1231.24579850431,29.3976583765641,45.0003683905377,40954.5,10262.5,44.1646661294716,46.7994049798903,7.5,1,46.2993373360375,45.5493525267337,46.4885978294857,42.2692752058223,4.695253278,3523.325,17476.105
4.206,819,0,12282,874451,804504,583280,311.436022679856,47.667992523324,47.5125645527478,40778,10309,43.799148260388,50.6748351291662,4.5,1.5,46.2993373360375,46.3032304908654,46.4885978294857,49.3991790434914,68.7727801518461,4538.28,9848.835
4.8055,1420.5,0,6500,318850,891701,318850,326.830962599632,31.6867463723334,50.0247607149579,40852,11163.5,46.3821987557766,43.7886769784276,6.5,1,46.2993373360375,45.6145114608116,45.1894320994444,48.7225007616148,52.019085091041,2331.8,11735.665
5.693370168,1489.2,0,6687.5,450392,412196.25,133092.8,1031.1929523429,29.1713780452505,48.1592655722442,40419.8,10302.4,44.0978110247545,40.1642746824277,5.6,3.2,46.2993373360375,45.6145114608116,46.4885978294857,45.7815797747846,27.622855842177,2268.024,10341.836
6.90054137366667,1000,55500,20500,419006.666666667,405197,110500,558.876707820394,35.9910850326699,50.9485797369528,40306.6666666667,10379,45.643021213675,47.0876390291613,4,3.66666666666667,46.2993373360375,51.5371502690523,46.4885978294857,38.5516637875556,35.265390030236,1729.98666666667,6623.39
7.668,1519.5,0,9268,679496.75,753217.25,175927.25,438.160952903647,37.6451429939396,45.7439294389645,40593.5,10906,36.0085069757144,39.9132468291517,5.5,7.5,46.2993373360375,46.3032304908654,44.1204468742571,50.075857325368,35.265390030236,2143.225,9864.56666666667
8.30802737057143,1306.71428571429,31482.1428571429,5894.28571428571,507941.428571429,660302.857142857,169895.142857143,420.284754320969,32.9185903432227,44.4146117817626,40069.7142857143,10271.7142857143,46.6989891309631,42.3070839525065,5.14285714285714,4.57142857142857,45.6644131090551,44.0429614286866,43.571671456678,44.2814224178983,35.265390030236,2162.85714285714,9385.16571428571
9.16533333333333,599.333333333333,0,14750,810727,591687.666666667,98976.6666666667,719.850010828159,34.4922931881349,46.6751658320111,40436,10398.3333333333,47.1213762978783,44.5040189296441,6,7.66666666666667,46.2993373360375,46.4317588122652,46.4885978294857,42.8406587879545,35.265390030236,2659.73,9307.08
10.0086,804.8,88762.8,24910.9999999998,514630.2,380100,73426,363.45500645851,32.5938590971957,44.5903387643951,39569.6,9461.2,44.0610474542328,43.356325904521,3.6,5.2,45.4104434182621,47.9301491129492,45.798127693127,46.4862713959095,35.265390030236,1802.986,7495.94
10.913776156,1229.13333333333,268893.714285714,6473.42857142857,513472.285714286,555334.142857143,121276.266666667,788.979442794102,36.4924381164738,44.0165943125086,39907.8,9599.6,45.5022254372009,42.7808727926985,4.69230769230769,5.2,45.7067413908539,43.3673307637842,45.798127693127,40.4925166707653,35.265390030236,1943.315,7223.84416666667
11.5676666666667,1041.16666666667,88963,6458.33333333333,452536.666666667,370705.666666667,225480,441.526714137149,33.9686804623309,42.6421882388266,39607.3333333333,9444.33333333333,46.3131196389508,43.5004429291565,3.83333333333333,3.5,46.2993373360375,47.8182974069098,46.4885978294857,47.9427252197004,35.265390030236,1991.93666666667,7165.785
12.55141919,757.666666666667,137292.25,8875,399035.125,405513.75,95343.4444444444,442.823173940509,35.4631411343487,43.428248289397,39611.2222222222,9234.66666666667,45.2909299799237,43.1140063901811,3.55555555555556,4.66666666666667,46.2993373360375,43.3784966583,46.1050033092864,41.1320603101972,39.4538137954373,2166.5075,6504.41666666667
13.4190700321429,1504.35714285714,250539.559921667,5419.5,429102.333333333,616150.059999999,179416.615384615,615.708991436734,37.8009292351805,44.3567319683417,39545.0714285714,9603.57142857143,45.4079508071041,42.4906347804782,4.28571428571429,3.78571428571429,46.2993373360375,45.0512153003361,45.5704887798147,44.4702761573353,35.265390030236,2018.32642857143,7946.15071428571
14.09944354,1708.33333333333,46458.3333333333,8833.33333333333,461979,466625.333333333,156475.5,900.238522785297,44.7288604964209,34.9179244075765,39859.8333333333,9151.66666666667,44.8318121403518,43.7096328068866,2,3.83333333333333,46.2993373360375,43.9819179146363,46.4885978294857,46.6404352849013,35.265390030236,1080.1575,3639.34
15.0528484605556,1224.66666666667,121443.714285714,4613.57142857143,455678.285714286,448148.071428571,143041.944444444,426.521324298866,39.0219014227772,42.2491582135415,39711.5,9510.33333333333,45.6406592821585,44.7876063421939,3.0625,4.76470588235294,46.2993373360375,46.452495881483,45.3869502813582,44.305563009023,39.2374653161838,1701.82466666667,5552.2075
15.8929639135714,1034,99647,15401.1538461538,400371.285714286,311833,86063.2857142857,1569.63445415147,38.8196275294678,44.2536878347315,39545.4285714286,9391.57142857143,46.6989891309631,43.1672919529244,4.57142857142857,4,46.2993373360375,45.4841935926558,46.4885978294857,43.1789979288928,35.265390030236,2070.61230769231,7994.14076923077
16.75077866875,1591.6875,117441.076923077,17585.3846153844,437908.230769231,426819.615384615,102914.4375,531.885163378661,36.8918104672317,37.9384501856998,39368.75,8891.875,44.4368711456483,41.3650746244187,2.875,3.78571428571429,45.7437786374279,43.4591599677914,45.8412820766494,44.9182750992407,35.265390030236,1631.25533333333,5104.0275
17.6228672023529,1256.70588235294,174396.117647059,5720.82352941176,587077.225,464627,242052.94117647,399.735564756946,44.4495614341218,40.5313928609215,39100.1176470588,9250.76470588235,46.2029939305875,44.7522911030082,3.94117647058824,3.35294117647059,46.2993373360375,45.6845739138908,46.4885978294857,44.0675952309783,36.9505912523717,1933.26176470588,7367.92117647059
18.540283214,1430.15,337986.526315789,3907.89473684211,334528.526315789,472041.210526316,158237,489.971179461646,39.6333295603873,40.6328579981499,39339.95,8984.75,45.7848049612906,42.5801060663604,3.63157894736842,3.05,46.2993373360375,44.6662138097255,46.315980295396,40.8187395399583,35.265390030236,2025.605,6484.25684210526
19.2705271913043,1203.5652173913,128464.954545455,8018,594655.812727272,603380.836363636,233675.409090909,759.10777193196,39.3256892906362,43.6544622943892,39703.2608695652,9669,46.2525505709335,44.9581405277278,4.56521739130435,3.82608695652174,46.1060995278255,44.6547945147544,45.7891538145986,44.7481531517883,39.7330420464507,2010.58772727273,7988.76380952381
20.1114125483871,1442.48387096774,203623.391304348,5780.52173913043,449531.434782609,506125.826086957,134121.741935484,570.122651424154,37.211331602899,37.8429139939768,39619.2258064516,8986,46.3045104247749,46.1835899905514,3.67857142857143,3.57142857142857,45.8692273758236,41.7289793377075,46.0404470886397,41.5058641356437,36.9407595363165,1848.68111111111,5857.64384615385
20.9835429939286,1146.46428571429,167759.75,7091.66666666667,526148.375,545487.666666667,173743.888888889,531.784987944713,39.2797473056748,39.668672332821,39511.3214285714,9315.60714285714,44.999577979586,45.154369582533,4.30769230769231,3.88461538461538,45.7628117264779,45.4739944036271,46.3576489064915,43.7956022284226,39.4538137954373,1864.10291666667,6367.70291666667
21.8100489770833,1452.66666666667,199004.863636364,7578.40909090904,362661.863636364,419942.636363636,171352.666666667,924.967094715488,40.2833899398322,39.9422821018718,39244.0833333333,9188.66666666667,46.5365333188784,45.0017371974756,3.70833333333333,3.5,46.1141511031676,44.4919745289357,45.3501317472673,43.4366763662762,36.0771478852191,1727.48869565217,5900.97608695652
22.8073648910526,1482.42105263158,226397.218768235,11709.1176470588,666910.411764706,563023.574529411,253020.722222222,441.979421249214,47.356329343518,42.8801938681701,39655.6315789474,9322.8947368421,45.5901941505638,44.6825464473647,3.83333333333333,3.5,44.6096385721537,46.0715796063051,45.9132060491868,41.631153629706,36.6420325615782,1999.87470588235,6828.85823529412
23.6014316653125,1475.34375,169950.888888889,6732.44444444444,429607.185185185,450581.636444444,128887.53125,984.301362436762,40.4040825170251,39.6303699475093,39425.1875,9254.75,46.0252130051226,44.9108950013192,3.375,4.25,46.2993373360375,44.0829739109413,45.6531491660519,44.1282123049592,35.265390030236,1678.36741935484,6449.72125
24.3343022965217,1248.13043478261,135832.105263158,7684.21052631579,519257.842105263,471383.789473684,127420.19047619,555.70924786276,41.2782106786541,39.5616890837134,39566.3913043478,9248.52173913043,44.968626018168,44.2289367611313,4.09523809523809,4.1304347826087,45.7196239114014,44.4974139698829,45.6666095719158,40.8367929107364,38.9597237641943,1943.692,6826.557
25.3182238113333,1101.76666666667,269870.330928571,8019.64285714286,535992.535714286,541067.485214286,285356.827586207,1268.23643291604,44.4737348960496,44.4949899137749,39487.3333333333,9707.83333333333,46.219956941112,46.6132239301326,3.56666666666667,3.1,46.1511883497416,46.5584132605482,46.2505046790172,43.4504883985702,37.6270742455715,1879.72034482759,6914.40833333333
26.1615092268182,1565.09090909091,117643.55,6106.8,486072.70135,407803.15,220833.80952381,1465.49033228242,42.7547629778663,41.9762170444103,39310.0454545455,9327.77272727273,46.2371281830045,46.2873405792071,3.59090909090909,2.9047619047619,45.8952946461396,44.6571077004964,46.1598025264578,43.3716250727637,35.265390030236,1776.75727272727,6828.05818181818
26.844588635,1464,169208.523809524,5883.52380952381,371350.095238095,437573.952380952,120131.96,459.743525795655,39.7952062084372,43.1278031760932,39471.1923076923,9440.73076923077,45.5529711144305,43.7034909633747,3.84615384615385,3.84615384615385,46.1283961980038,42.8658523718284,45.798127693127,41.5650457844775,35.265390030236,1754.09583333333,6757.888
27.7572467219512,1431.9756097561,146821.029411765,5928.82352941176,478274.558823529,425116.921176471,145604.43902439,746.934968783377,41.5137322889922,41.2669239984726,39385.7804878049,9280.0243902439,46.4213260232688,43.8330335604151,3.2,4.1,46.0825339414581,44.564433225982,45.5839293105769,44.7407413474888,35.265390030236,1587.42425,6005.7885
28.63004538625,1312.5,95989.7586206897,8354.75862068966,491504.483689655,408433.172413793,136948.6875,938.152994479819,43.7263324123189,46.6705472901663,39257.5625,9466.5,45.9110605837853,45.0611694782394,3.5625,4.15625,46.0215579867327,44.559958752698,45.6531491660519,44.29111236766,35.265390030236,1777.39709677419,6782.5675
29.430912472381,1184.11904761905,116993.897435897,9287.53846153846,451107,414667.29025641,119031.857142857,992.973350521277,40.2995554323911,42.1003966271942,39140.8571428571,9511.92857142857,45.6106427965879,45.8537319223878,3.78048780487805,3.97619047619048,45.9818752225463,44.8941430004013,45.7934270900883,44.7905954654963,35.265390030236,1926.4205,7339.762
30.3387272076,1479.6,243800,9508.55555555555,578523.493333333,465266.333333333,169543.28,383.092157051958,40.6639862582181,40.2554638360578,39744.96,9145.68,45.8534575820358,44.9649858299873,4.04166666666667,4.45833333333333,46.1215585524824,46.3873148118354,45.5219396385835,42.643772152601,35.265390030236,1848.98695652174,6770.41565217391
31.1434219638462,1221,139277.375,7989.58333333333,489412.208333333,450435.391666666,141079.307692308,807.248958356676,40.5973597095937,42.9657233708421,39453.4615384615,9358.84615384615,45.2624439885588,42.5967217296628,3.52,4.03846153846154,45.95745505997,47.3444658926396,45.6311951490586,44.0413980756469,35.265390030236,1801.3556,6553.468
32.0678388365385,1253.46153846154,136472.52173913,8677.47826086957,462610.52173913,413274.31826087,149076.192307692,744.034108767251,42.4210364269494,45.4623205232274,39177.8846153846,9643.03846153846,46.90204235394,46.8502034866644,3.16666666666667,3.69230769230769,46.1283961980038,43.3946796531306,45.9574669553636,44.4169496244475,37.4992160383433,1558.64875,5683.19
32.8807356158824,1466.5,126878.896551724,11818.3103448275,483005.662666666,424222.335172413,202429.882352941,1395.80414958271,43.0338554416526,41.4180503299369,39237.3235294118,9416.64705882353,45.7829692031699,44.784914974768,3.67647058823529,3.87878787878788,46.2993373360375,43.956362701896,45.6558706874203,42.6476411134476,35.265390030236,1704.93129032258,6122.15272727273
33.6755441223333,1498.03333333333,181142.357142857,5682.92857142857,365694,420417.714285714,158753.266666667,547.00807226902,41.0604912141178,42.3177809439594,39075.3666666667,9588.73333333333,46.1740197802296,44.3917844302442,3.1,3.24137931034483,46.0030393634457,45.4580521494856,46.1433627613064,43.4523419552379,35.265390030236,1626.89535714286,5879.87633333333
34.62440806125,1320.25,194948.797389032,7629.48387096774,520309.028387096,458462.496774193,237029.40625,1108.69520906138,44.0188167987107,44.5779949747684,39126.21875,9716.375,45.1478895147765,44.9455963438409,3.09677419354839,3.1875,46.1604476613851,45.0903592610633,46.2728259118736,47.9694881153695,35.265390030236,1601.37633333333,5913.80483870968
35.3727293480769,1148.92307692308,234019.25,6336.91666666667,571115.87,436255.958333333,233233.846153846,894.628580211029,43.9558304678575,43.624312797918,39328.6538461538,9620.61538461538,46.0365926536483,45.1968703061232,4.19230769230769,2.80769230769231,45.7865139219363,46.2529893547737,45.9574669553636,44.4688485275966,35.265390030236,1887.5568,7670.61730769231
36.3066728828947,1309.18421052632,143800,9075.29411764706,452388.558823529,490256.647058824,212152.421052632,627.748638427127,42.5216857388297,44.855175948788,39346.7105263158,9778.42105263158,46.7160881417327,44.6438024307896,3.62162162162162,3.40540540540541,45.9484581579683,44.1763710882751,45.9434898270973,42.9694217930637,38.616129042397,1598.66583333333,5867.58085714286
37.0864132472,1351.72,231622.708333333,8560.41666666667,488159.751125,505160.041666667,162221.48,833.98227798078,41.5814910762094,43.2250239030813,39247.4,9666.68,46.1390882541955,46.8179903958688,4.16,3.88,46.1215585524824,43.6886072112464,46.2124097749422,42.3445786474522,38.9597237641943,2027.28652173913,6988.00375
37.8898237845455,1306.86363636364,136191.904761905,8490.47619047619,347506.523809524,355969.666666667,101117.428571429,940.763956652032,41.885294077359,41.0063352243874,39045.6818181818,9400.13636363636,45.937806506197,44.621815251469,2.95238095238095,3.45454545454545,46.2993373360375,42.4769861034701,46.4885978294857,41.3595524827519,35.265390030236,1605.209,5423.81714285714
38.7865240460714,1304.92857142857,74661.3076923077,8090.53846153846,515863.807692308,478037.923076923,189838.785714286,767.725489684124,43.1807014711325,42.5252688662238,39352.4642857143,9651.71428571429,46.9991913445923,43.905588866596,3.92592592592593,3.51851851851852,46.2665928653858,46.3248083190877,45.7803958342609,44.8589032043599,37.236412978566,1946.07653846154,6431.616
39.7013024473333,1278.93333333333,145411.038461538,8271.80769230765,523383.115384615,518936.473846154,234452.448275862,757.512428294178,46.0833247832491,45.0214727773927,39318.6,9763.4,46.0532233448038,46.0349355480742,3.86666666666667,3.17241379310345,45.7801281189111,46.4358941839505,46.7782459924126,45.1593219851014,35.265390030236,1678.9475862069,6417.1024137931
40.5401109494444,1410.27777777778,127575.058823529,5497.35294117647,452120.058823529,407752.235294118,208769.777777778,412.179175588286,42.8175057079199,40.6657721608606,38952.2222222222,9228.33333333333,46.9277439567131,43.1399619929209,3.38888888888889,3.05555555555556,46.2993373360375,45.5371967216124,46.2968005693861,44.851451792337,35.265390030236,1698.91611111111,5838.58764705882
41.3126843568,1393.08,273168.363294167,7972.25,616285.948333333,533579.041666667,274814.52,1056.99226468638,45.1023438331158,47.3923266428567,39285.24,9884.08,45.7566644944066,46.2316477895237,4.5,3.6,46.1215585524824,45.9150058541284,46.350503802214,46.6696905585815,35.265390030236,1955.70304347826,7341.31954545455
42.1355291723077,890.961538461538,101329.576923077,12171.6153846154,622486.192307692,576321.5,186523.461538462,1337.28742287167,43.1612044723667,44.3340114248185,39456.1153846154,9767.30769230769,46.7242773198642,45.9741962705905,4.53846153846154,4.07692307692308,45.95745505997,45.5404854618083,46.2230323924247,46.6625223363366,38.616129042397,1916.18173913043,7204.88958333333
43.0170608584615,1329.5,242821.08,7377.76,556985.4778,494993.52,317455.846153846,370.796832657535,51.465319166764,46.7006475261979,39339.7692307692,9856.19230769231,45.7204659634782,47.2591960577032,3.19230769230769,3.34615384615385,46.2993373360375,47.4271981360523,46.3558151109552,48.4282098276308,35.265390030236,1373.886,5295.3992
44.01516763,1354.2,125743.352941176,7235.29411764706,652696.411764706,556859.647058823,140806.75,469.816883172833,44.1084103971795,41.0992317838283,39479.8,9697.55,46.6356081221284,43.4164644238944,4.6,4.57894736842105,45.4104434182621,45.3771567730121,44.979262433902,45.4217797636349,41.4226129201665,2075.3705,7986.16578947368
44.6504307,1640.52941176471,0,6192.30769230769,585643.076923077,627987.076923077,160289.764705882,1122.63831127543,45.6388656837278,42.630761571421,39571.5882352941,9324.23529411765,46.7176383731437,41.9879932949377,4.0625,3.8125,46.0378979484565,45.4929655978069,45.1772760829502,44.8931821399023,38.616129042397,1980.86125,7509.001875
45.5870885588889,1080.14814814815,150655.782608696,11947.6086956521,615627.042304348,498684.29073913,284135.04,340.113285847418,47.1408595654605,45.5778694980861,39555,10193.8148148148,45.9308591374162,44.3565170600048,5.07407407407407,3.96153846153846,45.9701173664911,47.4865284956935,45.5573175675622,45.9516255719978,35.265390030236,2136.68923076923,8130.7596
46.3340252329167,1367.625,111704.181818182,11313.7727272727,512262.363636364,544684.79090909,252411.625,1040.70997654811,44.876078925729,47.5774144088164,39459.4583333333,9796.875,45.8764960360798,46.2242594531987,3.56521739130435,3.08333333333333,46.2993373360375,46.5675558255863,45.8474408158392,44.6720298302048,38.3115164049278,1685.23826086957,6431.12739130435
47.1824136304348,1535.60869565217,151586.761904762,10098.1904761905,693437.142857143,702754,305752.086956522,706.193491642662,47.7204308830544,48.6524041238891,40028.2608695652,10225.2173913043,45.7478178966952,47.7779322400488,4.04347826086957,3.73913043478261,46.1060995278255,46.8079986839591,46.038291218817,46.47693361616,42.7114767239271,1729.27571428571,6966.53363636364
48.2204810494444,1092.77777777778,262324.647058824,9933.52941176471,572938.411764706,594802.529411765,351009.611111111,313.02052084681,45.5494228245858,49.2675074314736,39046.0555555556,10309.3333333333,46.1358062417428,49.1978308474343,3.38888888888889,3.11111111111111,46.0524223588777,48.06858482744,46.1050033092864,43.7608942598674,35.265390030236,1575.86722222222,6477.47722222222
49.0287651466667,1130.83333333333,174755.151058889,7458.33333333333,685632.944444444,716605.184444444,254872.555555556,1041.10970387049,47.6895160586113,47.4788128716273,39631.2777777778,10167.3888888889,46.2077115292563,44.6661736382936,4.94444444444444,3.88888888888889,46.0524223588777,45.3841480482671,46.2968005693861,42.6014230063101,43.6422375606385,2177.48777777778,9303.46611111111
49.8369410116667,1539.875,168097.818181818,10220.9090909091,608643.363636364,658351.363636364,299845.47826087,754.689808985191,45.0721722148745,49.9872888049366,39503,10117.875,46.2677636545914,45.6307328714673,3.41666666666667,3.91304347826087,45.9289648702978,45.7774581372669,46.038291218817,45.7431715761038,37.0910246875497,1787.39565217391,6071.775
50.73219813875,1148.5,101225,9143.75,527382.125,716135.5,170593.125,761.938746788963,50.0840925987891,48.8588262507618,39396.5,10397.625,45.6957813865437,48.3806264422417,3.28571428571429,4,46.2993373360375,43.682160414089,49.2647477609923,48.7225007616148,41.966868054558,1612.755,5478.05285714286
51.563060382,1183.85,217897.83,6217.8700016,667147.05,683815.59559,351174.3,962.168352504367,51.9293352068263,49.2305859969003,39724.05,10373.5,45.5248728034056,48.9847726822204,4.25,2.95,46.0771138565937,48.0399730043863,47.4264402679987,47.6402291192429,39.4538137954373,1937.6915,7963.869
52.4201991830769,1691.30769230769,125616.461538462,5574.30769230769,809902.452307692,829660.461538462,351846.083333333,1183.21772066499,47.7401789339187,53.6384440588158,39937.0769230769,10496,45.3654075515435,45.8751314521475,5.30769230769231,3.38461538461538,46.5706930599321,46.7949141837632,46.4885978294857,45.8173186263112,40.8499550505043,2266.18153846154,9488.32461538461
53.2630574372727,1269.36363636364,281617.071906,5885,928023.975999998,784895.3,412614.454545454,1362.82251726457,47.6098842638809,46.3154271826369,39774.2727272727,9976.81818181818,45.5250703603385,48.6086674527401,4.5,3.27272727272727,45.8952946461396,47.674276496941,45.8608977055233,46.7330703319542,48.66834607888,1797.01125,6796.41333333333
53.87630503,1807,222821.375,9078.25,708140.375,782438.25,367941.7,434.828122643975,49.6629676052223,51.7281923800933,39954.7,10322.4,46.8257052810377,49.868677889865,4.3,2.9,46.2993373360375,44.70629957691,45.798127693127,48.1118947901696,35.265390030236,1687.00666666667,6181.45888888889
54.92243465,1762.4375,312743.125,5380.5,779265.367499999,771569.4375,421622.9375,390.57819669374,48.0265168019717,53.9804414140975,39537.625,10346.625,45.8464935086278,47.0164635393349,4.6875,2.9375,46.0215579867327,47.5343247823317,47.6609008776269,50.6225270893919,35.265390030236,2122.838125,8298.77875
55.7525380356522,1218.91304347826,69552,8743.14285714286,719441.092619048,644612.714285714,293204.045454545,1765.73221955578,48.2078191927413,46.6637931357443,39667.347826087,9875.26086956522,46.4209155488627,48.4550715957086,3.77272727272727,3.69565217391304,46.2993373360375,46.6321669139896,46.3316727984951,46.7681255121909,37.8428815780522,1930.694,6796.64
56.6354580972727,1521.77272727273,124048,8914.47619047619,727436.333333333,718901.476190476,222407.681818182,734.734247404145,45.4989267558814,50.1794769671687,39688.3636363636,10313,45.9413314872707,45.3887405465572,3.90909090909091,4.13636363636364,45.4912519562417,46.5974330772609,45.8608977055233,44.9289395874755,41.3576427796197,1888.79904761905,7034.34909090909
57.4171067494444,1176.55555555556,253389.964833333,8769.44444444445,703083.548888888,700446.487055555,420574.833333333,433.696177161361,49.8637994906528,50.3727731075824,39660.3888888889,10399.4444444444,46.2889981350778,48.4443065352575,4.83333333333333,2.88888888888889,46.2993373360375,50.3113399182622,45.9623420616571,51.8342659733715,35.265390030236,2032.55588235294,7973.094375
58.3862522984615,1508.53846153846,342231.348666667,14900.7499999999,701405.085909091,633907.348666667,373983.75,398.063019412561,49.2203101451122,50.5621093305358,40016.2307692308,10367.3846153846,47.1477563843127,48.6598419279698,4.66666666666667,3.30769230769231,46.5706930599321,46.7073122822744,45.9132060491868,45.0627109755835,35.265390030236,2069.5825,7636.272
59.0714065961538,1544,513276.143255,12137.2499999999,648296.49775,842861.333333333,475780,374.502044617131,57.8042712516574,53.2519523415527,39710.4615384615,10539.4615384615,46.2359701720003,51.1062733070729,3.76923076923077,2.53846153846154,46.2993373360375,51.0948049078249,46.2230323924247,45.3401433738086,38.804768357677,1709.5375,7243.93
60.0281014381818,1096.81818181818,280128.545454545,6136.36363636364,706705.545454545,669526.272727273,498733.545454545,387.151741934559,52.6367980879708,49.8855219583067,39305,10464.8181818182,44.4710074013677,45.8548348488927,5,2.27272727272727,46.2993373360375,48.5806443583507,46.4885978294857,46.9586297592464,35.265390030236,1986.99727272727,9731.52636363636
60.7122520569231,1597.92307692308,201016.286081538,13934.3846153845,904018.07875,1056901.52307692,375107.583333333,983.402930004206,54.1668629399997,52.6522716192138,40095.0769230769,10484.9230769231,46.6258307356183,47.8904777460315,5.30769230769231,4.30769230769231,45.6155727839026,50.0536146913285,45.9132060491868,48.6635880415932,40.0521600476089,2219.34615384615,8641.47916666667
61.670856754,1306.5,551935.148,8568.25,831731.285714286,799654.148,618056.555555556,341.843701442123,46.660116302066,53.6455397035619,39883.2,10263.9,47.7127183315597,52.3104507544603,4.6,1.8,46.2993373360375,50.9003095813009,46.4885978294857,44.3360477604163,44.7037322367453,2145.893,8677.587
62.4039863011111,966.888888888889,383258.222222222,6444.44444444444,471089,628737.777777778,413929.555555556,724.281464901591,52.9167824067294,50.8909662027807,39192.5555555556,10713.4444444444,46.1358062417428,46.0358461142372,3.55555555555556,2,46.2993373360375,47.0019499465602,46.4885978294857,48.6400229535846,35.265390030236,1535.84888888889,6424.40777777778
63.53893823,1834,304601.8398825,5996.625,741818.125,786975.227,445751.125,1197.46005975554,61.9638025733202,50.5515200820239,40007.375,10453.375,46.8847725747335,45.4120943756489,5.5,2.875,46.2993373360375,48.0401047353543,48.080672283378,50.5904593745498,40.742294002177,1858.51428571429,7886.58857142857
64.221400969,1492.4,78531.3333333333,10779.1111111111,963608.222222222,989231.591111111,408969.2,956.396850524032,51.0538454163442,53.6455397035619,40551.9,10631,45.9685768855995,47.8418741565001,5.6,2.9,46.2993373360375,47.3561178753616,45.6402911330927,43.6829741479214,57.6036501113094,2358.211,9761.57
65.0049479077778,1420.22222222222,108892,11752.6666666667,820935.666666667,798657.222222222,422854.555555556,546.254549186669,49.3819415408459,52.8737033182524,40045.1111111111,10698,47.1565497464575,49.7142852182922,4.66666666666667,3.44444444444444,46.2993373360375,47.4395306778987,46.4885978294857,48.4282098276308,53.7370587000274,2192.63625,8154.46333333333
65.8964221908333,1634.91666666667,140974.545454545,9431.81818181818,715471.181818182,742220.272727273,332979.272727273,623.718773418327,47.8069146189957,51.6752418580694,39790.0833333333,10450.5833333333,45.7470284464584,49.6546783137662,5.25,4.33333333333333,45.9289648702978,44.9977159013904,44.999751903622,46.5118149173018,43.6422375606385,2160.75636363636,8657.60181818182
66.7709709955556,1613.11111111111,275037,10761.5,922391,983088.04,656801.75,616.130186809444,54.6730646674939,50.9711116400331,40264.4444444444,10772.6666666667,45.0759527359215,44.8364197898593,5,2.33333333333333,46.2993373360375,45.2130080433339,46.4885978294857,49.6247384707836,35.265390030236,2081.83222222222,8668.41222222222
67.5632021611111,1548.66666666667,98292.5,11625,736671.75,819179.125,345617.875,446.167258478447,54.2030155783624,51.8373171278559,39882.6666666667,10831.8888888889,46.4613390150797,45.7842792984084,5.88888888888889,4.77777777777778,46.2993373360375,46.0429057607538,45.3045223518714,46.4672147604918,38.106542522677,2350.76666666667,10556.8344444444
68.4242600166667,1919.77777777778,241001.25,5998,787174.75,847324,434793.25,386.464994043012,50.0284756884619,58.0133227110169,40010.4444444444,10684.5555555556,47.5681085813955,46.0358461142372,4.77777777777778,3.875,46.1116364137,49.3988378942674,46.4885978294857,46.4582580566612,35.265390030236,1975.54222222222,8261.08888888889
69.2331776209091,1708.27272727273,235308.818181818,10811.0909090909,863945.459545455,669935.210909091,517198.727272727,524.066911492311,53.711443063446,54.2954773940627,39621,10657.7272727273,45.3061611779525,46.993402232077,4.36363636363636,2.09090909090909,45.8952946461396,45.7661820279044,46.1747477675045,45.3916920038274,43.6422375606385,2047.45818181818,8304.73363636364
70.0698666475,1297.375,42420,10540,913763.743125,1030463.477,656125.875,544.616858553738,60.0847960017037,50.9992418887585,40346,10925.125,46.3821987557766,48.8747345453751,5.875,1.625,46.2993373360375,47.7838901929256,46.4885978294857,49.4958473694738,68.7727801518461,2255.81125,9764.435
71.0041829071429,2014.85714285714,203287,5875,798243.333333333,806827.22,495275.428571429,516.835025491988,55.1853301554607,50.6267714201762,40248.2857142857,10052.4285714286,47.9661506317088,48.8914167840647,3.85714285714286,2,45.6644131090551,48.0260395913326,45.9954048749438,40.6044294222491,35.265390030236,1842.51857142857,6443.31285714286
71.7834970088889,1283.44444444444,0,22193.6666666665,684925.111111111,673631.444444444,355536.333333333,522.625203092789,51.6455877858459,52.3154375044279,39832.8888888889,10650,46.0897534971922,47.9496306378816,4.55555555555556,4,46.2993373360375,46.0736574808475,46.4885978294857,46.6404352849013,38.106542522677,1850.86777777778,8582.15111111111
72.6944923066667,1241,81396,8563.11111111111,652301.666666667,662744.959222222,503192.333333333,477.852483573066,55.8236247337715,49.5466403383859,39406.7777777778,10378.6666666667,47.6493347745252,50.0098077858128,4.625,2.33333333333333,46.2993373360375,44.9066055737205,46.4885978294857,47.6928123018809,42.5679286594907,1871.4625,7738.39125
73.565275955,1325.16666666667,180026,12948.6666666667,1016619.33333333,982236.72,240291.5,998.140853765189,45.3181477952605,52.6233771784262,40421.8333333333,10597.3333333333,44.956603844442,50.1007217572676,5.83333333333333,4.5,46.2993373360375,47.9835669841079,46.4885978294857,65.7679524417893,61.6867375834821,2567.53333333333,10831.8866666667
74.254,732.833333333333,253610,7016,856554.666666667,836427.666666667,444410,1197.93395228896,53.2116586219209,48.3499632734845,39854.8333333333,10926.3333333333,46.9523296959225,50.5737854824897,5.66666666666667,2,46.2993373360375,48.1599167968147,46.4885978294857,46.2344594794305,46.4345200707727,2515.06666666667,10923.3
75.199018988,1724.4,179100,6800,820182.4,715540.4,162176.6,254.998180588625,38.7826914539286,56.712027278969,40191.4,11005,45.9386922305156,47.2546710137,5,5.4,45.4104434182621,43.138853803815,51.4169146843071,47.2316811844779,35.265390030236,2021.274,9608.312
76.0482060816667,1078.66666666667,299938.5,3172.66666666667,874095.166666667,737663.833333333,539096.666666667,241.397792784544,53.037703460121,51.3240689466921,39814.8333333333,10827.1666666667,47.7127183315597,49.6646662508563,6,2.66666666666667,45.558592404558,45.9848223694306,45.9132060491868,46.4862713959095,42.1922657814078,2598.04333333333,10881.7566666667
76.8827239575,2033.375,0,17097.1428571429,673396.142857143,768632.571428571,454710,921.115828613064,56.2871239150903,54.2944659343738,40608.375,10548.625,47.0157221716559,51.1742686257536,5.25,2.5,46.2993373360375,46.3829067875059,46.7926459322425,52.0157905177962,68.7727801518461,2114.46714285714,8701.42375
77.806421525,1266.75,303352,4250,773536.333333333,800185.833333333,346185.875,571.953947706488,46.6930290317838,48.8588262507618,39854.375,10203.75,45.1820529753532,47.3895314845857,4.125,3.25,46.2993373360375,47.1591025723747,45.6255101590373,46.7118308232017,40.313079311824,1937.5575,7361.65125
78.44,1349.5,0,11250,1003412.5,1142536,145799,1318.99583333333,47.2149192475855,50.0247607149579,40729,10689,48.5997313820817,47.6641071277034,5,5,46.2993373360375,45.6145114608116,46.4885978294857,48.7225007616148,35.265390030236,2052.065,8990.01
79.3955764233333,1702,461622,10880.6666666667,802926,995781.333333333,664167.666666667,536.85273057788,63.7558964075563,54.2981746198996,40502.6666666667,10676,45.3993426342859,47.5060187846214,5.66666666666667,2.66666666666667,46.2993373360375,49.5629373329721,46.4885978294857,48.7225007616148,35.265390030236,2237.00333333333,10826.2466666667
80.28587634,1704.71428571429,357156,6288,739537.285714286,751563.474285714,433941.285714286,388.98502702841,54.2669424166264,55.9150724593094,40469.2857142857,10480.1428571429,44.8318121403518,49.3842024427293,5.5,2.85714285714286,46.2993373360375,49.5629373329721,45.2767311203528,49.1736196161992,35.265390030236,2375.655,10176.825
81.38640408,2534.5,0,6500,1399634.94,579412.5,635379.999999999,354.532854799016,65.7937078425417,62.8450024297831,40557,10907.5,44.3229466480776,51.3806491397839,5,5,46.2993373360375,46.3032304908654,46.4885978294857,49.7375181844297,56.2075088562423,1913.095,7482.835
81.896,2314,1310022,0,950150,1310022,950150,537.775862068965,48.1210657990625,62.8450024297831,39016,10407,48.5997313820817,47.6641071277034,3,1,46.2993373360375,35.81895018376,46.4885978294857,44.2500420302041,68.7727801518461,1522,5258
82.7738899928571,1458.85714285714,383760,9048.85714285714,672840.571428571,845970,524986.428571429,421.945853288906,52.4485321009173,54.0836093571915,40275,10695.1428571429,45.7485415594123,47.0888163924831,5.5,1.85714285714286,46.2993373360375,48.5685404725415,46.4885978294857,39.3892252195974,37.0350791939565,2048.225,6158.754
83.54216916,1874.6,0,11375,745046.5,959081.09175,595050,426.304209560948,56.2606320885541,51.7281923800933,40163,10716,47.7127183315597,51.2783935654448,4.6,1.6,46.2993373360375,46.6558350957268,46.4885978294857,45.7035104883434,52.019085091041,2181.585,7304.072
84.472,866.5,566496,7500,876145.25,1043691.5,684645.25,491.438947957154,76.8094896062519,47.5125645527478,40843.75,10569,47.5701053282322,46.7994049798903,7.33333333333333,2.5,46.2993373360375,51.8815097840792,46.4885978294857,49.3991790434914,35.265390030236,2732.29666666667,13107.5966666667
85.468,1389,306500,8250,1045760.5,1094320,93706,1223.7459273183,39.7567429940919,53.9226854101604,40739.5,10579.5,48.5997313820817,49.8136650713183,5,4,46.2993373360375,45.6145114608116,46.4885978294857,48.7225007616148,35.265390030236,2529.3,10760.12
86.392,2011.5,760280.359529999,7500,560875,1600381.5,560875,601.387184481751,48.581046112375,56.4348815723705,40797,11327,43.9975283676788,47.4269746130804,7.5,1,46.2993373360375,51.5371502690523,42.2470643475206,50.075857325368,68.7727801518461,2584.17,12677.555
87.192102512,915,70097,9437.5,521551,648497,152259.8,667.597927495678,44.7801295100561,49.0198822500739,39868.6,10413.4,47.5701053282322,42.4785315369797,3.25,3.6,46.2993373360375,43.5099806565756,46.4885978294857,49.3991790434914,46.4345200707727,1511.1825,6598.6525
87.9841526275,1778.75,506853.573019999,5000,1065440.66666667,1241187.33333333,460871.75,580.521561465907,55.8693644283929,55.1787834912654,40930.25,11018.75,46.3821987557766,53.6890952205941,6.75,5.75,46.2993373360375,47.9301491129492,51.1778100220506,47.6828000390623,35.265390030236,2864.5775,13849.3125
88.892,1470.5,0,11250,1211603,1334853,147135,1977.34712346477,47.2149192475855,50.0247607149579,41122.5,11079.5,48.5997313820817,43.7886769784276,7,4.5,46.2993373360375,45.6145114608116,46.4885978294857,42.8406587879545,52.019085091041,2762.335,13397.985
89.4848,2149,736478.4,6000,1205266.2,1271301.6,665476.6,910.014855220646,83.278233424307,57.716905743853,40904.4,11275,44.9848240752765,47.224786098715,7.6,2.2,46.2993373360375,52.997165642722,46.4885978294857,49.3991790434914,68.7727801518461,2675.0225,11631.2175
90.4095,1880.5,217222.959865714,10142.8571428571,1082123.28571429,1209499.54285714,336826.75,925.991452097131,52.1848205976553,53.6664168938213,40465,10425.25,48.0113736370248,52.6938875103866,5,4.5,46.2993373360375,44.4115849402156,48.8332039257681,48.2810643606387,46.4345200707727,2141.97125,9518.84625
91.938,1621.75,668297.704,3375,866784.75,1140177.704,544496.5,841.856567769398,60.0847960017037,55.1787834912654,40337.5,10949.25,47.1213762978783,44.5040189296441,4,1.75,46.2993373360375,51.5371502690523,46.4885978294857,48.7225007616148,35.265390030236,1597.31333333333,7307.09
93.957688368,1399.8,0,6000,926256.6,836300.2,401166,897.518253447665,54.3463208391872,53.1431004711199,40741.4,10680.6,44.1646661294716,50.5580349168373,7.75,3,46.2993373360375,46.6475900058923,46.4885978294857,49.3991790434914,68.7727801518461,2016.98,8648.20333333333
94.553,1812,0,14500,1375430.29333333,1159242,651426.5,671.998458804305,45.9272162887406,48.9489898676708,40722.5,10184.75,47.1213762978783,46.9319054127228,4.75,4.5,46.2993373360375,48.9201903799589,46.4885978294857,46.8564697999766,57.173005918,2173.8275,9069.9425
95.7266293083333,1173.83333333333,364490,4500,1079360.2,1028582.83333333,451947.666666667,966.357458975613,55.2712104532068,50.4866702259554,40541.5,10720.3333333333,44.9038436715733,50.5440056085484,8.16666666666667,2,45.558592404558,45.7552493594126,45.9132060491868,46.8246105368478,68.7727801518461,2585.296,12478.06
96.5146666666667,2434.33333333333,0,10333.3333333333,1017914.33333333,910222.13333333,653007.333333333,635.718644781145,64.0727060692507,62.8450024297831,39993.6666666667,10740.3333333333,47.1213762978783,53.6879178572724,4.66666666666667,2.33333333333333,46.2993373360375,46.9919495209192,46.4885978294857,50.075857325368,68.7727801518461,2312.23666666667,8143.31666666666
97.3442561433333,1740,1138914,8666.66666666667,824520,1147580.66666667,633186.666666667,653.692109316551,76.8936885996875,56.896791083368,40181.6666666667,10523.3333333333,45.643021213675,51.1042977577551,4.33333333333333,1.33333333333333,46.2993373360375,50.246176112782,46.4885978294857,49.3991790434914,52.019085091041,1951.13333333333,7878.96333333333
98.0839777766667,1504.66666666667,240744,8198.66666666667,901552,1053640.06666667,561389.666666667,782.607842727929,61.4518917734807,50.606888381834,39828.8333333333,10527.3333333333,46.4349589286453,51.3925318070262,4.66666666666667,3.16666666666667,46.2993373360375,52.206575626326,46.4885978294857,46.6931552637028,35.265390030236,2002.455,7438.338
98.8840631233333,1760.33333333333,810922,3500,959094.666666667,1241399.33333333,688907.666666667,1863.75339599106,51.9381206111421,54.2981746198996,40858,10879.3333333333,48.5997313820817,49.5131707855966,5.66666666666667,2,46.2993373360375,53.5113632051325,46.4885978294857,50.075857325368,68.7727801518461,2148.99,10481.3233333333
99.9373333333333,2475.33333333333,687525.877666667,4833.33333333333,722213.333333333,1010159.211,722213.333333333,381.716181945484,72.5015994800833,62.8450024297831,40094.6666666667,10630,47.1213762978783,51.1042977577551,3,1,46.2993373360375,53.5113632051325,46.4885978294857,49.0608399025531,35.265390030236,1438.93,5080.07
101.659148966667,1789.66666666667,329714,9000,1244388.66666667,1267665.66666667,387241.333333333,921.369051821386,65.443234269451,54.2981746198996,40945.3333333333,11162.3333333333,47.1213762978783,50.0358763776268,6.66666666666667,3,46.2993373360375,49.5629373329721,46.4885978294857,48.7225007616148,68.7727801518461,2524.82,12580.8933333333
102.2865487,954,430550,0,319000,430550,319000,211.364752086402,47.0209348228125,50.0247607149579,38943,10143,44.1646661294716,59.7140833134848,3,1,46.2993373360375,57.459789077293,46.4885978294857,44.7293812467714,35.265390030236,1488,5252
102.9154604,615,0,5500,313000,187500,112000,892.857142857143,48.1210657990625,50.0247607149579,37915,10200,44.1646661294716,47.6641071277034,4,4,46.2993373360375,45.6145114608116,46.4885978294857,42.2692752058223,57.173005918,2311,6093
104.8542318,2542,0,0,922125,1020500,88625,361.01083032491,32.2985667405982,62.8450024297831,40970,10884,48.5997313820817,39.9132468291517,7,9,46.2993373360375,45.6145114608116,68.6977972815385,48.7225007616148,35.265390030236,3093.16,14116.18
105.98,1381,0,0,851126,1565760,851126,531.667232597623,72.5015994800833,50.0247607149579,40883,11105,48.5997313820817,59.7140833134848,8,1,46.2993373360375,46.9919495209192,46.4885978294857,47.9427252197004,68.7727801518461,2659.46,11902.78
106.4889432,2520.75,302788.5,10500,956121.24325,857830.046,892353.25,497.610171706035,75.6901996100625,62.8450024297831,40200.25,11104.75,46.4613390150797,53.6096511519964,5,1,46.2993373360375,50.0220833530079,46.4885978294857,49.5119587571375,35.265390030236,1803.2775,8194.4
107.290758025,1201.75,346972.5,7500,1243589.47,996371,739925,1418.04622405836,65.2870923687549,50.7176249814541,41001.75,10909,47.5701053282322,43.6701107211161,8.25,2.25,46.2993373360375,46.1269405456691,46.4885978294857,50.075857325368,68.7727801518461,2988.32333333333,14468.6966666667
108.926,655.5,463974,13923,713249,679295,523471,530.684437212201,47.667992523324,47.5125645527478,40005,10510.5,46.3821987557766,43.7886769784276,7.5,3.5,46.2993373360375,51.5371502690523,46.4885978294857,43.760964040684,35.265390030236,988,4408
109.772,2249,0,8064,555880,906108,555880,464.105426356589,48.1210657990625,32.9014356109843,41012,9983,48.5997313820817,39.9132468291517,1,1,46.2993373360375,45.6145114608116,46.4885978294857,48.7225007616148,52.019085091041,2052.8775,233.280000000002
111.2084996,2299,742140,0,854000,742140,854000,287.986030267753,48.1210657990625,62.8450024297831,38910,10405,44.1646661294716,59.7140833134848,3,1,46.2993373360375,57.459789077293,46.4885978294857,46.5292742610155,39.9845611334907,1557,5431
112.904,1203,0,15000,1007299,981497,569723,467.99546338302,47.2149192475855,50.0247607149579,40633,10590,48.5997313820817,39.9132468291517,6,4,46.2993373360375,46.9919495209192,46.4885978294857,50.075857325368,63.1882151315778,2531,12489.63
113.466,1509.25,795480,5500,1272415.33333333,1301937,551966.75,916.002436069768,69.1087227432433,53.9226854101604,40857.5,10406.5,46.3821987557766,55.1926931763429,5.33333333333333,1.75,46.2993373360375,50.8914685170695,45.6255101590373,43.0828486979592,68.7727801518461,2129.15666666667,4711.625
115.2346599,2634,1255367.367,0,776000,1255367.367,776000,349.201668984701,72.5015994800833,62.8450024297831,40886,11490,48.5997313820817,59.7140833134848,8,1,46.2993373360375,57.459789077293,46.4885978294857,47.162949677786,68.7727801518461,3322,15862
116.892,1992.5,760280.359529999,7500,1157625,1415826,919612,606.178039432507,74.5573917803837,56.4348815723705,40868,11450,44.1646661294716,59.7140833134848,6.5,1.5,46.2993373360375,52.2258692991061,46.4885978294857,50.075857325368,68.7727801518461,2692.27,13165.65
118.444,1356,958398,0,846620,958398,846620,292.016453382084,101.899864313182,50.0247607149579,40915,11600,48.5997313820817,39.9132468291517,13,1,46.2993373360375,57.459789077293,46.4885978294857,49.3991790434914,56.7382561942957,1449.62,5162.9175
118.884,2419,0,37500,1256640,256952,1122000,67.9838909541512,101.899864313182,62.8450024297831,40360,11000,44.1646661294716,39.9132468291517,7,1,46.2993373360375,46.9919495209192,46.4885978294857,45.9389816998684,39.4538137954373,3285,14247.43
120.0347822,1492,0,15000,1551766,1489446,95707,320.779411764706,47.2149192475855,50.0247607149579,41061,11279,44.1646661294716,41.1683860955319,8,5,46.2993373360375,45.6145114608116,46.4885978294857,36.9588168142941,35.265390030236,3512.99,15772.01
123.5250522,1384,0,6750,1063055,1212982,717771,520.389686649795,59.8582593638344,50.0247607149579,40895.5,10766.5,46.3821987557766,43.7886769784276,5.5,2,46.2993373360375,46.3032304908654,46.4885978294857,48.7225007616148,68.7727801518461,2050.73,8474.11
124.316,981.666666666667,770630,27851.6666666663,871957.666666667,1137514,871957.666666667,543.523852119264,78.2454529816414,48.3499632734845,40711.6666666667,10600,45.7485415594123,51.6784111296537,5,1,46.2993373360375,53.9705092251684,46.4885978294857,49.3991790434914,52.019085091041,1916.52,9873.49333333333
125.6,1513,1161972,0,802974,1161972,802974,477.588162762022,118.1616,50.0247607149579,41085,10667,44.1646661294716,39.9132468291517,3,1,46.2993373360375,57.459789077293,46.4885978294857,46.4862713959095,52.019085091041,1394.3,5000.98
125.92,2550.33333333333,760280.359529999,6750,1357225.5,1435980,638560,625.60436217003,63.7262969909911,52.8638134901835,41031,10438,47.1213762978783,51.1042977577551,4.66666666666667,1.66666666666667,46.2993373360375,48.7020283303283,45.3378142688879,47.162949677786,68.7727801518461,2268.12666666667,8508.53666666667
128.1435505,2523,1139905.184,0,732500,1139905.184,732500,407.115,72.5015994800833,62.8450024297831,40578,10665,44.1646661294716,39.9132468291517,3,1,46.2993373360375,57.459789077293,46.4885978294857,46.4862713959095,52.019085091041,1493.97,5099.76
128.3355706,2698,0,0,719500,920354,66000,367.951282051282,32.2985667405982,62.8450024297831,41040,10878,48.5997313820817,39.9132468291517,8,6,46.2993373360375,45.6145114608116,38.0055308655556,48.7225007616148,35.265390030236,3965.48,14307.54
129.9206302,254,0,0,1391744,1369538,0,1.74110953058321,47.2149192475855,45.0003683905377,40731,10198,44.4812271666837,53.6855631306289,7,4,41.8548677471605,43.0317844528804,43.0362471476923,44.2500420302041,52.019085091041,3448.58,16166.92
131.4437137,2589,1520560.71906,0,923839,1548531.633,923839,483.163806552262,72.5015994800833,62.8450024297831,40648,11244,48.5997313820817,59.7140833134848,8,1,46.2993373360375,57.459789077293,46.4885978294857,47.162949677786,68.7727801518461,2996.67,14200.03
131.714666666667,1423.66666666667,0,13500,1384780,1337733,345645.333333333,1196.97495982279,47.2149192475855,50.0247607149579,41034.6666666667,10866.3333333333,48.5997313820817,47.3502851681829,7.66666666666667,3.66666666666667,46.2993373360375,45.6145114608116,46.4885978294857,59.1722457269099,57.6036501113094,3061.89666666667,14064.8466666667
132.544,1409,0,15000,1445816,1192926,318855,2595.23076923077,47.2149192475855,50.0247607149579,40956,10606,44.4812271666837,39.9132468291517,6,3,46.2993373360375,45.6145114608116,46.4885978294857,50.075857325368,68.7727801518461,2493.01,12355.12
133.616,1469,0,13500,1528015,1407711,134848,1265.57142857143,47.2149192475855,50.0247607149579,41096,11236,48.5997313820817,55.0971911518644,8,5,46.2993373360375,45.6145114608116,46.4885978294857,48.7225007616148,68.7727801518461,3128.94,13822.81
137.748,2452,0,0,891950,1473948,445975,441.301796407186,57.2828534461446,47.8732190203837,40766,9870,48.5997313820817,56.6998232220568,5.5,4,46.2993373360375,45.0118669868998,44.762422488589,47.162949677786,68.7727801518461,2279.465,9457.69
140.7955167,2606,1361934,0,870000,1361934,870000,412.707272727273,72.5015994800833,62.8450024297831,40846,11389,48.5997313820817,53.6855631306289,8,1,46.2993373360375,57.459789077293,46.4885978294857,47.162949677786,68.7727801518461,3091.92,14725.08
142.2787642,2309,1136226,0,800960,1136226,800960,465.285012285012,48.1210657990625,62.8450024297831,39238,10406,48.5997313820817,47.6641071277034,3,1,46.2993373360375,57.459789077293,46.4885978294857,46.4862713959095,52.019085091041,1512,5202
152.468,259,0,15500,1167000,1757666.39999999,258000,1031.94103194103,96.670966665,45.0003683905377,40665,10373,44.1646661294716,59.7140833134848,9,5,46.2993373360375,48.0662535151724,46.4885978294857,36.9588168142941,35.265390030236,2496.04,17116.26
153.128,772.5,0,5,852994,1015563.5,419700,199.899717784122,53.7910345990661,47.5125645527478,40732,11091.5,46.3821987557766,53.6890952205941,9,5.5,44.077102541599,45.0118669868998,44.762422488589,63.0173333333333,63.1882151315778,2963.145,15063.325
158.02,665,0,10000,163000,268005,18000,751.722222222222,48.1210657990625,50.0247607149579,38070,10515,44.4812271666837,47.6641071277034,2,4,46.2993373360375,46.9919495209192,46.4885978294857,42.2692752058223,46.219197974118,998,4466
159.2121528,1509,440916,0,936100,440916,936100,147.463545150502,159.2121528,50.0247607149579,41062,11509,44.1646661294716,47.6641071277034,7,1,46.2993373360375,57.459789077293,46.4885978294857,44.0485059005501,39.9845611334907,2695.83,13477.85
162.696,1222,1021000,7770,895000,1028770,128000,343.137254901961,80.4622673311111,50.0247607149579,40504,10618,48.5997313820817,59.7140833134848,3,4,46.2993373360375,35.81895018376,46.4885978294857,50.075857325368,35.265390030236,1297.54,4992.74
164.14270275,2271,873325.179765,6750,1084062.25,931619.25,666892.75,486.480637806097,81.8449947781288,59.6399420010768,40767.5,11146.25,46.4613390150797,55.8985071869606,6,3,46.2993373360375,54.4984696731727,46.4885978294857,48.7225007616148,56.7382561942957,2436.295,11343.2
165.852,1282,0,0,6e+05,840000,6e+05,400,80.4622673311111,50.0247607149579,40602,10800,48.5997313820817,59.7140833134848,7,1,46.2993373360375,45.6145114608116,46.4885978294857,48.7225007616148,35.265390030236,1924.17,8362.93
166.708,2081.5,1124697,0,748234,1124697,748234,471.76178974001,95.3315997400417,56.4348815723705,41000.5,10929,41.9382762599798,50.6748351291662,3,1,46.2993373360375,57.459789077293,46.4885978294857,46.4862713959095,52.019085091041,1387.24,5123.835
167.716,1350,0,12000,1438523,1499780,149186,2238.04444444444,47.2149192475855,50.0247607149579,40990,10517,44.4812271666837,39.9132468291517,8,4,46.2993373360375,45.6145114608116,46.4885978294857,48.7225007616148,68.7727801518461,3370.61,15191.59
176.1857485,2645,1181544,0,699004,1181544,699004,341.486705202312,72.5015994800833,62.8450024297831,40927,11517,48.5997313820817,53.6855631306289,8,1,46.2993373360375,57.459789077293,46.4885978294857,46.4862713959095,52.019085091041,3174.32,14870.95
182.758,209,0,13500,1175163,1115891,557409,516.843016069221,47.2149192475855,45.0003683905377,40634,10191,43.4336303913043,53.6855631306289,7,3,46.2993373360375,46.9919495209192,46.4885978294857,50.075857325368,68.7727801518461,3410.66,16162.73
185.44,349,735000,0,623671,735000,623671,365.671641791045,69.0628571428571,45.0003683905377,40813,10880,48.5997313820817,39.9132468291517,6,1,46.2993373360375,57.459789077293,46.4885978294857,44.8380955671124,41.7542502972112,1933.51,11988.05
195.747454,1255,0,22512,1125600,22512,1006000,107.723718052326,72.5015994800833,50.0247607149579,40572,11105,44.1646661294716,41.1683860955319,8,1,46.2993373360375,52.2258692991061,46.4885978294857,45.9389816998684,39.4538137954373,2650.2,11417.67
200.612,2310,1318170,0,947126,1318170,947126,515.312744331509,48.1210657990625,62.8450024297831,39016,10410,44.1646661294716,47.6641071277034,3,1,46.2993373360375,57.459789077293,46.4885978294857,47.162949677786,68.7727801518461,1511,5146
202.956,1318,0,15000,1460529,1446150,150461,2077.36538461538,47.2149192475855,50.0247607149579,40885,10617,48.5997313820817,41.1683860955319,7,4,46.2993373360375,45.6145114608116,46.4885978294857,50.075857325368,68.7727801518461,3099.62,13885.93
204.808,1315,0,0,1563055,1231488,0,1.78527607361963,47.2149192475855,50.0247607149579,40915,10577,48.5997313820817,41.1683860955319,8,4,41.8548677471605,43.0317844528804,43.0362471476923,44.2500420302041,52.019085091041,3317,14650.63
218.792,368,1074780,0,944021,1074780,944021,336.710526315789,80.4769158391667,45.0003683905377,41122,10669,48.5997313820817,53.6855631306289,13,1,46.2993373360375,57.459789077293,46.4885978294857,46.4862713959095,52.019085091041,1453.15,5101.49
231.404,454,0,0,635152,808500,16500,170.731707317073,32.2985667405982,45.0003683905377,41042,10887,48.5997313820817,39.9132468291517,12,8,46.2993373360375,45.6145114608116,68.6977972815385,48.7225007616148,35.265390030236,2876.445,11711.63
257.668,265,0,0,1477399.5,1300513,0,1.76319280210142,42.0641074122059,45.0003683905377,40881,10346,44.1646661294716,59.7140833134848,14,12,46.2993373360375,43.0317844528804,43.0362471476923,44.2500420302041,35.265390030236,3673.62,15408.775
286.748,1500,405048,0,304380,405048,304380,390.595949855352,101.899864313182,50.0247607149579,41109,12020,44.1646661294716,39.9132468291517,2,1,46.2993373360375,57.459789077293,46.4885978294857,42.1277079531173,35.265390030236,128.879999999999,949.85999999999
333.52,462,0,0,1429120,1757666.39999999,1215760,1070.53288201161,101.899864313182,45.0003683905377,41120,10634,47.4909650689292,50.2442501002422,5.5,1,46.2993373360375,46.9919495209192,46.4885978294857,36.9588168142941,68.7727801518461,2165.0975,8965.9
423.792,258,0,0,1477399.5,1300513,0,1.76319280210142,42.0641074122059,45.0003683905377,40735,10200,48.5997313820817,59.7140833134848,11,12,46.2993373360375,43.0317844528804,43.0362471476923,44.2500420302041,35.265390030236,4030.24,15408.775
