EUR_o..Mstb.,WellID,Proppant...Total..lbs.,Fluid...Total..lbs.,Fluid.Amount,Propping.Agent.Amount,Operator,Completion.Date,Surface.Latitude,Depth.Total.Driller..ft.,Deepest_Zone,Depth.Base,Mesh.Size,Total.Height
26.8747488,472,301870,356635,90486,40456,46.2963897998985,37778,31.7036,10515,8,10267,46.9293624628734,2464.08
21.75125213,476,155899,225837,102393,40668,46.2963897998985,37806,31.801,10515,4,9934,40.3640673618634,1002
23.53290545,481,313940,192330,52122,118440,53.2499693383333,37662,31.72589,9000,4,7435,39.7709898476838,1553
28.54388452,484,472170,195181,200,0,53.2499693383333,37629,31.75071,8970,4,7407,42.7004575482515,1577.54
19.40387603,514,472700,197620,500,0,53.2499693383333,37781,31.74117,9080,4,7471,40.9691181661532,1581
14.66478303,527,386540,317940,317940,386540,46.2963897998985,37755,31.70266,10700,4,10613,39.9646912557069,1515.3
26.49440013,536,462698,369788,85376,28027,53.2499693383333,37847,31.80119,10500,4,9688,39.7709898476838,1014.65
25.85262153,538,507220,291226,45738,128332,53.2499693383333,37836,31.80377,10500,4,7645,39.7709898476838,1576
28.908,552,490430,275319,74510,17500,53.2499693383333,37822,31.93618,9265,4,8990,39.7709898476838,2533
29.12342212,554,388890,361856,77788,179639,53.2499693383333,37910,31.75038,10500,4,8409,39.7709898476838,893
15.893,556,370431,303571,71089,17787,53.2499693383333,37921,31.74802,10590,4,9847,39.7709898476838,943
19.84023768,562,370520,287922,76692,191919,53.2499693383333,37884,31.82287,10590,4,8454,39.7709898476838,1011
20.972,579,170985,292313,22745,72253,46.2963897998985,37838,31.794,10515,4,8829,41.5895046455669,1012
25.848,586,335480,142405,1000,0,53.2499693383333,37881,31.69468,8750,4,7953,40.9691181661532,983
27.84973229,587,335540,130206,65806,176029,53.2499693383333,37881,31.7097,8750,4,7992,39.7709898476838,993
28.99923783,593,469510,199720,67326,168320,53.2499693383333,37908,31.8153,8598,4,8533,39.7709898476838,1505.87
29.28650586,594,168000,288672,65449,18500,46.2963897998985,37893,31.8296,10520,4,10376,41.9425392198948,1007.81
23.092,596,470600,197045,500,0,53.2499693383333,37881,31.72739,9050,4,7476,40.9887592938253,2435
29.356,599,173000,286301,68007,18500,46.2963897998985,37899,31.7789,10525,4,10225,40.7634434680199,919
31.67528813,626,173000,284131,68601,18000,46.2963897998985,38006,31.7354,10515,4,10265,39.7709898476837,987
23.48530212,630,170000,265364,38028,18000,46.2963897998985,37986,31.8236,10503,4,10283,41.5115486959561,951.940000000001
9.608,645,200270,175750,90000,54450,26.6393001194074,38200,31.91882,8905,4,8776,39.7709898476838,986
31.45750307,663,452250,366408,366408,452250,46.2963897998985,38198,31.80361,10100,4,9993,39.7709898476837,985
28.392,673,149500,290146,75408,20500,46.2963897998985,38042,31.6878,10497,4,10210,40.3520940717532,1016
14.85059152,675,168500,276796,67623,17500,46.2963897998985,38087,31.7145,10535,4,10241,39.9646912557069,1020
23.763,678,175000,288534,69172,19500,46.2963897998985,38072,31.8175,10529,4,10101,42.9420521167154,1017
31.02059944,684,352040,326352,326352,352040,46.2963897998985,38149,31.77534,11000,4,10581,40.5504052128634,2267.66
25.503,691,312000,14000,156307.926666667,312000,44.52772543375,38122,31.79786,11000,4,10556,43.8150633871684,1006
30.336,693,473760,200972,54726,138109,53.2499693383333,38179,31.79926,8955,4,7318,39.7709898476838,1582.22
17.58,704,175460,222985,95036,46022,46.2963897998985,38328,31.7225,10510,4,9979,40.5697420599967,1003
23.75980535,708,186700,289110,72835,31000,46.2963897998985,38248,31.7204,10500,4,10266,39.9646912557069,1009
28.016,711,575000,220000,80000,216000,28.016,38104,31.89854,8962,4,8928,39.7709898476838,1536
27.19189199,720,370580,461832,461832,370580,46.2963897998985,38289,31.75465,11100,4,10607,39.7709898476837,1010
27.688,738,190780,304159,80707,30524,46.2963897998985,38390,31.7093,10520,4,10263,40.1583926637301,932
17.388,759,169384,215341,95114,45931,46.2963897998985,38482,31.7223,10513,4,10138,41.5502223902227,1502
11.199,761,181757,297175,81172,30640,46.2963897998985,38560,31.737,10520,4,10305,40.1703659538402,1008
27.99322887,763,349430,407484,407484,349430,46.2963897998985,38347,31.78249,11005,4,10542,39.9338976664329,780.860000000001
29.68,780,188421,295717,79913,29909,46.2963897998985,38377,31.70681,10515,4,10174,39.9646912557069,945
25.23054799,781,337440,141530,71868,181700,53.2499693383333,38565,31.78416,8985,4,8144,39.7709898476838,1010
29.26985004,809,350660,463554,463554,350660,46.2963897998985,38610,31.79904,11015,4,10663,39.7709898476838,968.24
25.465,827,630500,611730,611730,630500,46.2963897998985,39079,31.74388,10621,4,10368,39.7709898476837,1526
20.72,830,600100,579726,579726,600100,46.2963897998985,38824,31.78545,10713,4,10638,39.7709898476838,787.85
21.948,832,422040,459354,74718,231940,46.2963897998985,38626,31.8385,10530,4,8494,39.7709898476837,999
23.084,833,544020,457406,3150,194293.835,53.2499693383333,38771,31.81577,10515,4,10088,41.1824607018485,963.9893
27.448,836,667460,451860,45988,31008,53.2499693383333,38734,31.80842,10526,4,10102,39.7709898476838,1015.9
21.7819457,839,589080,510972,510972,589080,46.2963897998985,38930,31.8173,10817,8,10762,39.7709898476838,2469.98
17.98007424,841,486900,277793,55136,136020,53.2499693383333,38977,31.92039,9426,4,7707,39.7709898476838,1608
28.836,856,633024,466247,65360,71459,53.2499693383333,38754,31.78182,10510,4,10387,39.7709898476838,1010
22.82628719,885,736180,371080,55985,135840,53.2499693383333,38831,31.8801,10255,4,7944,39.7709898476838,2401.57
31.912,887,645488,442545,58652,135197,53.2499693383333,38978,31.8785,10168,4,7915,39.7709898476838,1545
26.9138779,894,403220,477059,79330,180906,53.2499693383333,39048,31.72489,10532,4,8421,39.7709898476838,1004
19.24822649,903,612489,322923,101444,137829,53.2499693383333,38859,31.87085,10341,4,10150,39.7709898476838,918.6
23.49,917,362004,535458,535458,362004,46.2963897998985,38981,31.96385,10516,9,9572,39.7709898476838,3287.5
21.25904119,940,561279,533918,57296,153300,31.7892838667568,38958,31.75463,9865,4,7188,39.7709898476838,2513
30.31831686,943,521720,431475,71434,17306,31.7892838667568,39041,31.77573,9900,4,9085,39.7709898476838,1570
25.508,970,704120,580314,580314,704120,46.2963897998985,39148,31.6561,10626,4,10269,40.1703659538402,1495
18.192,984,480600,180716,55650,144940,53.2499693383333,39174,31.86507,9075,4,7440,39.7709898476838,2335
25.432,994,555860,690144,690144,555860,46.2963897998985,39310,31.82613,11265,4,10397,25.432,729
30.988,996,473620,201993,54079,135546,53.2499693383333,39140,31.79768,8967,3,7137,39.7709898476838,594
29.7,1017,369480,584673,145208,92763,53.2499693383333,39316,31.80201,10503,4,9445,39.7709898476838,941.531766666667
28.148,1021,605250,615510,615510,605250,46.2963897998985,39473,31.78995,10996,8,10414,47.3228964147005,2101.24
16.99490709,1031,295300,408076,84715,35150,53.2499693383333,39493,31.77192,10746,4,9593,39.7709898476838,939.151066666667
15.003,1034,111520,297889,46621,22525,53.2499693383333,39459,31.76883,10715,4,9618,39.7709898476838,944.466766666667
30.68,1037,749860,586278,586278,749860,46.2963897998985,39416,31.85618,10941,9,10407,49.3326032267665,3107
1.224,1039,528357,409977,47606,129371,31.7892838667568,39413,31.69855,10083,4,7926,39.7709898476838,1376
27.816,1042,592184,450221,57987,135443,31.7892838667568,39325,31.71654,10111,4,8068,39.7709898476838,1384
24.856,1048,524440,407788,46583,132916,31.7892838667568,39433,31.73066,10111,4,8111,39.7709898476838,1418
31.008,1049,539746,475458,49071,138931,31.7892838667568,39425,31.69502,10082,4,7998,39.7709898476838,1383
31.828,1062,491380,655116,629034,491380,46.2963897998985,39388,31.83971,11186,9,11074,45.4103591919788,2161.74
29.731,1065,800960,789222,769146,800960,46.2963897998985,39736,31.85843,10947,9,10527,54.2585710596743,3211.84
26.62828616,1066,500445,392187,71780,189940,53.2499693383333,39452,31.66348,10481,4,8534,39.7709898476838,969
21.632,1076,744410,304248,304248,744410,46.2963897998985,39489,31.813,10217,4,10084,39.4842100507301,1032
29.88130148,1078,355500,601600,588000,355500,47.0209348228125,39548,31.84612,10125,4,10007,39.7709898476838,1481
31.68,1084,653420,515056,58789,154824,31.7892838667568,39564,31.77739,10378,4,8229,39.7709898476838,1403
7.68,1089,626140,610283,47374,138835,31.7892838667568,39804,31.75036,9905,4,7169,39.7709898476838,1581
12.869,1093,593420,533688,53347,153365,31.7892838667568,39693,31.80153,9898,4,8122,39.7709898476838,1405
18.56291316,1095,492240,446516,41698,114711,31.7892838667568,39665,31.79744,9991,4,8139,39.7709898476838,1360
15.08381372,1096,583403,431283,52725,137433,31.7892838667568,39726,31.7689,10380,4,8195,39.7709898476838,1417
29.752,1097,655300,506153,68556,158640,31.7892838667568,39866,31.75534,10388,4,8068,39.7709898476838,1404
30.86,1098,532860,457464,63966,135022,31.7892838667568,39873,31.80102,10504,4,7886,39.7709898476838,2338
27.901,1104,650040,640140,52529,145941,53.2499693383333,39819,31.91716,9650,4,7428,39.7709898476838,1565
28.252,1108,800820,589657,50173,120116,31.7892838667568,39744,31.8212,10320,4,7918,39.7709898476838,1496
12.528,1119,590620,562701,67654,139640,31.7892838667568,39887,31.71155,10083,4,8074,39.7709898476838,1328
11.38,1122,404360,432764,54495,130880,31.7892838667568,39886,31.7112,10090,4,8027,39.7709898476838,1369
16.964,1131,815400,964596,142042.89,77000,26.6393001194074,39797,31.66928,10055,4,9700,39.7709898476838,1429
13.39959831,1132,642000,689552,157206,120000,26.6393001194074,40248,31.65527,10070,4,9844,39.7709898476838,1518
28.04,1133,849000,10000,295379.4,485000,26.6393001194074,39794,31.68374,10265,4,9444,39.7709898476838,1493
11.7,1134,713000,612920,139986,120000,26.6393001194074,40284,31.69394,10175,4,9825,39.7709898476838,1470
16.264,1137,456640,174603,48190,132292,53.2499693383333,39797,31.73613,9082,4,7321,39.7709898476838,2467.01
20.196,1147,547660,201020,36168,131660,53.2499693383333,39924,31.70798,8897,4,7215,39.7709898476838,1585
22.104,1168,433600,586200,457700,433600,47.0209348228125,39835,31.76776,10089,4,9911,40.1900070815123,1483
15.84545683,1177,482000,269941,112874.265,92000,26.6393001194074,40127,31.76519,10150,4,10026,39.7709898476838,1483
25.856,1194,559956,59240,56490,559956,26.6393001194074,40298,31.94021,10506,8,10338,39.7709898476838,4278.73
31.588,1200,486000,516600,502600,486000,47.0209348228125,40322,31.76113,10162,4,9905,40.1900070815123,1519
16.628,1216,750000,1184988,142002,120000,26.6393001194074,40388,31.66229167,10180,4,9876,39.7709898476838,1463.68
10.352,1217,783000,1011990,158004,99000,26.6393001194074,40478,31.6799,10415,4,10200,39.7709898476838,1535.87
25.18,1218,864000,671790,149016,224000,26.6393001194074,40467,31.69346,10190,4,9894,39.7709898476838,1493.07
5.434086014,1243,802000,701474,149016,150000,26.6393001194074,40508,31.70563,10420,4,9978,39.7709898476838,1537.19
24.024,1250,880000,735444,98994,90000,26.6393001194074,40521,31.74012,10475,4,10220,39.7709898476838,1542.62
27.424,1253,940000,733936,147000,150000,26.6393001194074,40514,31.72688,10423,4,9958,39.7709898476838,1524.22
23.3,1274,967108,622146,40614,24473,15.6332593166667,40644,31.75186,11175,9,11096,39.7709898476838,2553.67
8.03,1279,752647,836522,10,0,15.6332593166667,40603,31.6885,11850,9,11706,39.8213013572301,1878.22
7.548,1291,978294,773088,71316,60178,15.6332593166667,40744,31.6955,11892,9,11420,39.7709898476838,2814.1
28.744,1304,1197571,1349339,956063,432462,53.2499693383333,41115,31.76297,10497,4,10333,50.6654379272266,1361
8.604,1310,693800,410700,400700,693800,25.9453333333333,40834,31.70621,10955,8,10780,39.7709898476838,1726.13
18.89,1313,1475648,1371521,138466,121072,53.2499693383333,40892,31.94914,10581,9,10394,81.6727132305405,3277.7
14.964,1321,296375,560322,105420,51375,15.6332593166667,40698,31.95453,10633,8,10344,47.4972323194392,1783.25
1.372,1329,1056441,867836,82824,72471,15.6332593166667,40663,31.71384,11761,9,11330,39.7709898476838,2826.74
0.7,1330,1000630,735066,75000,76000,15.6332593166667,40707,31.71082,11732,9,11430,39.7709898476838,1835.08
1.072,1340,716157,856582,10,0,15.6332593166667,40731,31.70339,11700,9,11368,40.2403185910586,1879.23
23.404,1347,701470,983976,973392,701470,46.2963897998985,40691,31.74176,10724,4,10650,46.1645070491017,940.280000000001
24.292,1360,1417665,1456477,218778,141723,53.2499693383333,40891,31.83288,10879,9,10732,81.6727132305405,3209.05
11.188,1377,844910,756582,104748,5760,15.6332593166667,40772,31.7301,11059,9,10950,39.7709898476838,1308.07
21.736,1379,450707,721350,104286,38523,15.6332593166667,40808,31.71924,11125,9,10870,39.7709898476838,1346.96
0.292,1383,613084,804672,34042,1500,15.6332593166667,40767,31.6993,11731,9,11600,39.7709898476838,2800.1
0.248,1386,764714,740292,76230,36583,15.6332593166667,40879,31.7101882,11830,9,11410,39.7709898476838,1858.23
14.904,1390,1299161,1101776,685788,488537,53.2499693383333,40934,31.92667,10429,4,10243,81.6727132305405,1538.57
5.083,1416,107600,1351602,1351602,107600,26.6393001194074,40851,31.67881,11375,9,11212,46.1557141024929,2953.3
4.528,1425,530100,431800,418800,530100,25.9453333333333,40853,31.71062,10952,8,10880,42.1220622245063,1710.3
4.216,1426,264370,84504,76440,264370,46.2963897998985,40891,31.70005,10715,4,10660,44.8707458430691,1021.9482
19.41496207,1447,50000,6053124,5746497.729,50000,26.6393001194074,40930,31.67797,11655,9,11357,50.1825511340909,1798.22
5.604,1466,120000,124000,124000,120000,26.6393001194074,40924,31.66521,11462,9,11322,51.1880258861267,2508.89
23.292,1480,936440,839484,130662,90000,15.6332593166667,41011,31.69135,11895,9,11463,39.7709898476838,1877.4
8.412,1507,120000,1603634,1586634,120000,26.6393001194074,41032,31.6826,11460,9,11321,54.8571746550712,3081.08
37.41851414,470,172588,293156,67912,17138,46.2963897998985,37800,31.7466,10500,4,10303,40.1583926637301,1021
34.95435561,471,210542,283818,75800,17295,46.2963897998985,37662,31.71,10500,4,10369,40.7634434680199,1534
42.6041591,473,270589,331655,68221,17140,46.2963897998985,37778,31.6883,10500,4,10300,41.3565209821996,1510
38.64026668,478,171000,294361,68232,19000,46.2963897998985,37936,31.8181,10515,4,10249,40.3447305147301,999
40.9539479,483,472470,198006,52722,137470,53.2499693383333,37635,31.75353,8907,4,7337,39.7709898476838,2465
42.62807791,490,473510,222736,59010,138510,53.2499693383333,37662,31.71044,8940,4,7372,39.7709898476838,1583
32.696,491,3112480,313992,313992,2780000,46.2963897998985,37627,31.7568,10900,8,10588,50.8957403780474,2751.72
35.397,493,341850,340998,340998,341850,46.2963897998985,37753,31.75031,10300,4,10193,39.7709898476837,1564
35.86682289,495,257320,197232,197232,257320,46.2963897998985,37777,31.75426,10265,4,10172,40.7514701779097,979
41.692,497,371330,297696,297696,371330,46.2963897998985,37628,31.80806,10950,9,9993,47.515105076181,3047
42.39503173,504,199940,341483,82568,18250,53.2499693383333,37633,31.78,10500,4,10276,43.099833654408,1019.88
35.08171606,507,2048353.973,205114,1000,0,53.2499693383333,37732,31.7633,9018,4,7433,45.6175899936117,2465.23
42.128,518,472170,210628,52823,131280,53.2499693383333,37852,31.72485,8900,4,7373,39.7709898476838,2458
38.332,521,243000,474550,134000,174000,47.0209348228125,37718,31.76902,10115,4,8641,40.9571448760431,1466
37.467,530,39200,155500,149000,39200,44.52772543375,37833,31.79229,10900,4,10105,47.6065710176832,2423.92
37.02778895,531,166834,291233,67810,18266,46.2963897998985,37742,31.7195,10515,4,10292,40.9571448760431,1012
34.02,560,255165,244734,83840,35335,46.2963897998985,37784,31.72532,10495,4,9924,40.9691181661532,1598
41.71257753,561,304342,295928,43064,18751,46.2963897998985,37855,31.73403,10510,4,10301,42.5546493006691,1586.68
32.21359276,563,371530,307146,81405,15706,53.2499693383333,37887,31.81317,10500,4,10054,39.7709898476838,1024.09
40.888,566,277400,334328,68218,17278,46.2963897998985,37826,31.7199,10510,4,10242,40.9691181661532,1496
37.596,574,171340,289934,67044,17500,46.2963897998985,37896,31.8018,10500,4,10083,40.3447305147301,965
35.94017441,603,171000,288705,67907,18000,46.2963897998985,37917,31.8118,10530,4,10307,40.3447305147301,1015
39.228,612,155000,278411,69962,21000,46.2963897998985,37960,31.6743,10515,4,10345,40.5577687698866,915
36.512,618,372160,291005,64319,16800,53.2499693383333,37973,31.73105,10502,4,10400,39.7709898476838,955
36.296,621,291000,92000,83000,291000,44.52772543375,38047,31.7743,11000,4,10147,42.3643102776595,1015
34.74,627,174500,284749,68636,19000,46.2963897998985,37959,31.6806,10525,4,10384,39.9646912557069,931
34.972,634,166000,288112,67765,18000,46.2963897998985,38006,31.6662,10525,4,10172,40.3640673618634,950
40.024,636,191500,293927,76686,30500,46.2963897998985,38128,31.6721,10510,4,10251,39.9646912557069,998
34.60778643,648,144000,287662,75023,23000,46.2963897998985,37982,31.71597,10525,4,10380,40.3520940717532,919
39.90735845,649,430880,295890,295890,430880,46.2963897998985,38081,31.86038,11000,4,9948,41.0280415491694,991.08
43.268,655,170320,295605,67712,17600,46.2963897998985,38009,31.693,10515,4,10326,39.9646912557069,984.1
31.92805746,656,184096,297570,80066,30500,46.2963897998985,38038,31.7036,12510,4,10360,40.290630100605,1005
33.54,668,333410,345030,345030,333410,46.2963897998985,38113,31.73777,11000,4,10090,40.1703659538402,1573
36.10162939,698,190000,285217,78786,28000,46.2963897998985,38168,31.713,10507,4,10407,39.9646912557069,914
39.632,699,174500,283023,22976,74000,46.2963897998985,38101,31.6658,10501,4,8404,40.1703659538402,998
36.16,713,329600,94900,85900,329600,44.52772543375,38250,31.76622,11000,4,10459,42.3643102776595,1005
36.412,715,223000,161750,40000,1e+05,46.2963897998985,38163,31.8105,10099,4,8745,39.7709898476838,883
33.376,718,149346,222525,110440,38637,46.2963897998985,38173,31.74442,10514,4,10340,40.3520940717532,1598
33.5191448,726,357950,457338,457338,357950,46.2963897998985,38284,31.78397,11000,4,10563,40.1583926637301,860.860000000001
40.98067921,731,473110,203282,58590,137282,53.2499693383333,38294,31.66337,8780,4,7138,39.7709898476838,1567.48
38.44772302,740,189380,289120,81530,30526,46.2963897998985,38556,31.7095,10515,4,10182,41.1628195741764,898
39.38,744,349710,426888,426888,349710,46.2963897998985,38331,31.73909,11100,4,10603,40.3640673618634,1591
38.192,750,191199,298644,81536,29558,46.2963897998985,38293,31.6988,10505,4,10386,39.7709898476837,982.43
41.716,757,194860,300025,79913,30226,46.2963897998985,38405,31.7096,10525,4,10181,40.5697420599967,955
42.732,765,191540,285566,24352,72750,46.2963897998985,38536,31.6603,10510,4,8655,40.7634434680199,922
43.884,803,181077,297063,80552,30304,46.2963897998985,38476,31.6865,10520,4,10362,40.3640673618634,1155
43.964,810,613250,665322,665322,613250,46.2963897998985,38778,31.77891,10849,4,10543,41.1908860109617,948
41.82115739,818,496700,441500,435500,496700,44.52772543375,38769,31.7972,10999,9,10521,39.7709898476838,2612.18
41.208,819,190699,293385,73684,30409,46.2963897998985,38573,31.813,10540,4,10437,39.6275999492069,997
43.372,823,495000,538146,65814,30600,46.2963897998985,38632,31.8207,10550,4,10409,39.7709898476837,996
37.848,824,396520,414750,414750,396520,46.2963897998985,38669,31.7577,10610,4,10541,39.7709898476837,1588
39.916,826,550420,606396,606396,550420,46.2963897998985,38879,31.83454,11176,4,10512,39.7709898476838,798
42.156,829,497280,505386,505386,497280,46.2963897998985,38684,31.78289,10714,4,10675,39.7709898476837,803.49
39.184,844,505860,356404,80304,17682,53.2499693383333,38714,31.8856,10125,4,9925,39.7709898476838,1543
32.93505397,855,307000,512250,503000,307000,47.0209348228125,38715,31.77903,10127,4,9818,39.7709898476837,1534
37.752,864,405820,466099,80698,17493,53.2499693383333,38802,31.85266,10380,4,10147,39.7709898476838,1025
35.284,865,550300,572900,567900,550300,44.52772543375,38776,31.76849,11026,9,10678,39.7709898476838,2810
32.14,866,538660,13294,13294,538660,46.2963897998985,38754,31.71644,10609,8,10580,44.5567169313243,2727.87
32.8,868,580100,594128,586068,580100,46.2963897998985,38825,31.7377,10626,8,10554,39.7709898476838,2067.76
37.688,874,372440,455114,81229,17291,53.2499693383333,38800,31.77939,10535,4,10375,39.7709898476838,1025
39.92,879,746360,555702,555702,746360,46.2963897998985,38858,31.77,10435,4,10294,39.7709898476838,2343
34.49935258,886,508638,366635,58382,135040,53.2499693383333,38846,31.89567,10163,4,7845,39.7709898476838,1586
36.552,899,639520,581616,581616,639520,46.2963897998985,38886,31.69801,11258,4,10849,39.7709898476838,991
40.77282225,901,400400,445234,77348,16977,53.2499693383333,38825,31.84675,10017,4,9714,39.7709898476838,1004
41.71620714,912,560000,845000,827000,560000,44.52772543375,39141,31.77678,10993,9,10743,49.5638497134953,2753.32
42.824,930,520620,450120,55398,131658,53.2499693383333,39050,31.89491,10185,4,7898,39.7709898476838,1580
33.84,934,432298,354603,84353,33047,31.7892838667568,38937,31.69759,10500,4,9912,39.7709898476838,1331
37.38,941,675047,532444,85208,154247,53.2499693383333,38978,31.8939,10184,4,9984,39.7709898476838,1568
42.972,948,426034,253336,60944.33,60900,50.6229815375,39006,31.82658,10450,4,7956,39.7709898476838,1566.19
36.5817199,949,349486,344764,62790,92000,50.6229815375,39052,31.82392,10521,4,8084,39.7709898476838,1559.13
39.04780219,952,358656,72450,72450,117600,50.6229815375,39067,31.82916,10440,4,8604,39.7709898476838,1563
34.792,958,406880,447203,73054,178766,53.2499693383333,39042,31.83481,10106,4,8359,39.7709898476838,994
35.08,971,258000,328986,328986,258000,46.2963897998985,39072,31.6541,10718,4,10630,39.7709898476838,1508
40.396,972,500200,511350,511350,500200,46.2963897998985,39182,31.7509,10680,4,10597,39.6275999492069,993
36.072,976,405740,463499,71402,176630,53.2499693383333,39141,31.79486,10474,4,8292,39.7709898476838,1034
33.67536258,979,412380,471508,75707,183946,53.2499693383333,39098,31.7213,10578,4,8450,39.7709898476838,1034
38.603443,981,595424,388265,99149,173507,53.2499693383333,39080,31.66763,10392,4,9493,39.7709898476838,956.2953
35.6,982,524100,389233,53197,135960,53.2499693383333,39191,31.93387,9575,4,7247,39.7709898476838,1556
33.036,983,522660,336925,54004,148302,53.2499693383333,39105,31.87597,9986,4,7766,39.7709898476838,1562
35.52561313,1004,168500,485562,237216,107000,31.7892838667568,39154,31.93394,8826,4,7874,39.7709898476838,2577
33.04,1008,406660,426162,75351,182155,53.2499693383333,39328,31.81951,10240,4,8459,39.7709898476838,996
33.952,1010,388540,350034,70770,184296,53.2499693383333,39254,31.87692,10101,4,8445,39.7709898476838,1017
33.424,1012,520740,775052,169471,171130,53.2499693383333,39336,31.79894,10532,4,9456,39.7709898476838,985.152766666667
32.612,1016,405560,711813,98150,85417,53.2499693383333,39292,31.79489,10510,4,9400,39.7709898476838,984.370966666667
37.03210804,1027,110139,316905,44772,15749,53.2499693383333,39412,31.76434,10752,4,9554,39.7709898476838,948.456166666667
42.448,1029,292800,522000,509500,292800,47.0209348228125,39287,31.82424,10117,4,9960,39.7709898476838,1498
38.15611142,1044,140871,376388,108553,42658,53.2499693383333,39431,31.77798,10692,4,9661,39.7709898476838,938.105966666667
43.384,1053,577240,387303,65366,184455,53.2499693383333,39493,31.78892,10538,4,8342,39.7709898476838,1022
35.972,1054,495179,386704,44398,134284,31.7892838667568,39491,31.77988,10249,4,8129,39.7709898476838,1424.59
32.316,1059,538540,564510,46010,134064,53.2499693383333,39580,31.80739,10252,4,8317,39.7709898476838,1011
34.504,1070,309000,244500,235000,309000,47.0209348228125,39542,31.82227,10119,4,9893,39.7709898476838,1472
35.40801779,1099,587140,553766,55743,153784,31.7892838667568,39697,31.77075,10402,4,8127,39.7709898476838,1415
37.72997991,1101,564100,534815,62803,155278,31.7892838667568,39800,31.79339,10005,4,8215,39.7709898476838,2239.17
34.07126625,1124,561380,595426,45686,120907,31.7892838667568,39667,31.73623,10207,4,8108,39.7709898476838,1369
35.288,1126,427820,323358,50148,117358,31.7892838667568,39892,31.72836,10105,4,8090,39.7709898476838,1396
32.66,1127,637460,579565,52125,124624,31.7892838667568,39801,31.71912,10096,4,8093,39.7709898476838,1368
35.70501952,1135,878020,373872,41244,103400,53.2499693383333,39731,31.91074,9418,4,8077,39.7709898476838,1029
42.724,1138,630812,404136,62508,144000,53.2499693383333,39797,31.73717,9086,4,7306,39.7709898476838,1576
33.5106793,1148,478000,517000,502000,478000,47.0209348228125,39782,31.83922,10143,4,10000,39.7709898476837,1480.56
42.5222477,1151,688562,721611,51411,127802,53.2499693383333,39737,31.67222,10500,4,7870,39.7709898476838,1621
42.052,1159,431000,463150,451000,431000,47.0209348228125,39767,31.77672,10291,4,9899,39.7709898476837,1494
39.1,1165,710000,684468,122010,80000,26.6393001194074,40358,31.71104,10200,4,10002,39.7709898476838,1419
43.372,1179,451000,545000,467000,451000,47.0209348228125,40083,31.84703,10155,4,9968,40.1900070815123,1516.73
39.612,1182,857919,863123,35729,125000,53.2499693383333,40142,31.79952,10500,4,8709,39.7709898476838,809
42.016,1184,1032200,992922,50232,116460,53.2499693383333,40333,31.72803,10565,4,7648,39.7709898476838,1612
39.588,1186,897850,872874,56238,144199,53.2499693383333,40333,31.72936,10895,4,8202,39.7709898476838,985
43.112,1191,436450,509300,498300,436450,47.0209348228125,40279,31.84541,10170,4,10014,40.1703659538402,1541.81
41.076,1199,526500,605000,594500,526500,47.0209348228125,40334,31.67964,10194,4,9915,39.8213013572301,1365
44.276,1204,907957,919964,715572,458367,53.2499693383333,40532,31.83274,10610,4,10318,57.8424038284988,961
35.488,1214,508690,561230,549730,508690,47.0209348228125,40373,31.76512,10174,4,9791,40.1703659538402,1521.57
32.612,1215,698000,1000944,147000,150000,26.6393001194074,40420,31.67656,10240,4,10024,39.7709898476838,1452.08
42.65727819,1219,793130,895120,886620,793130,46.2963897998985,40359,31.72054,10576,4,10452,44.7685841374915,916.200000000001
40.952,1228,534000,597000,586000,534000,47.0209348228125,40513,31.8457931,10124,4,10022,43.4832215691247,1485.4
44.324,1231,1251542,1166157,169976,123841,53.2499693383333,40799,31.84301,10740,8,10546,39.7709898476838,2559
41.696,1272,1355647,1311460,167178,113937,53.2499693383333,40738,31.79476,10795,8,10671,68.2055426455489,3163
42.14,1333,942338,1495768,521188,141230,53.2499693383333,41025,31.84373,10648,9,10532,81.6727132305405,2691.19
36.508,1335,735000,1042944,1042944,735000,73.2591004423684,40774,31.8464,11395,9,11045,48.9135859929379,2712.45
36.408,1338,737270,1422888,1403388,737270,36.408,40703,31.91252,10330,8,10160,55.3148655831664,1736.9
34.168,1343,644499,931392,931392,644499,71.9799426216667,40739,31.82971,10644,4,10354,46.8050512041569,784.959999999999
43.248,1366,805680,1157520,1157520,805680,71.9799426216667,40770,31.83423,10574,4,10386,47.949202315901,806.07
33.984,1372,841390,1049370,1049370,841390,26.6393001194074,40813,31.6767,12330,13,12128,39.7709898476838,2860.76
42.116,1392,1423739,1052798,5173,0,53.2499693383333,40876,31.93711,10428,4,10245,56.0733797116538,1543.18
34.888,1393,5e+05,545500,534000,5e+05,47.0209348228125,40805,31.84726,10140,4,10030,43.1034865906402,1533.78
44.212,1414,1461359,1451288,223302,150725,53.2499693383333,41067,31.83466,10890,8,10576,81.6727132305405,3078.89
50.888,465,116500,303000,299000,116500,47.0209348228125,37688,31.77244,10125,4,10002,40.1703659538402,1517
48.24447828,474,259800,333255,71821,17800,46.2963897998985,37872,31.68367,10520,4,10265,41.5621956803329,1478
59.14113065,500,214000,131000,126000,214000,46.2963897998985,37632,31.80528,10370,4,9943,59.14113065,897
45.17484084,510,274296,330964,66244,17500,46.2963897998985,37716,31.6616,10500,4,10391,40.9497813190199,1540
48.24429574,513,535133,400910,500,0,53.2499693383333,37763,31.78129,10500,4,10154,41.9422349393561,1576
48.98034099,516,473100,181026,500,0,53.2499693383333,37782,31.74105,8900,4,7371,41.9615717864894,1574.77
52.728,526,488719,278650,73470,17880,53.2499693383333,37795,31.92875,9400,4,9130,39.7709898476838,2512
58.376,529,489980,273917,1000,0,53.2499693383333,37746,31.95258,9415,4,7322,42.3612521731846,1525
55.27195048,540,392150,367584,367584,392150,46.2963897998985,37832,31.78964,11000,4,10363,40.5577687698866,1383.9
51.36853882,541,284200,320628,320628,284200,46.2963897998985,37933,31.80695,11000,4,9954,39.9646912557069,955
49.61751604,543,379760,361830,361830,379760,46.2963897998985,37880,31.80954,10950,4,10000,39.7709898476838,2398.53
56.57014461,551,241000,219786,219786,241000,46.2963897998985,37919,31.85797,10750,4,9922,39.7709898476838,959.61
53.92,568,260479,323611,67231,17236,46.2963897998985,37802,31.7462,10542,4,10365,41.5502223902227,1557
46.21327329,569,261469,326264,67478,17423,46.2963897998985,37839,31.6681,10502,4,10221,41.1628195741764,1501
49.79286603,571,387340,401474,79355,18452,53.2499693383333,37935,31.7787,10500,4,9590,39.7709898476838,1007
51.75635454,575,153760,219950,101154,38834,46.2963897998985,37887,31.8106,10500,4,10338,40.783084595692,990
54.508,592,84000,360925,15425,25000,47.0209348228125,37857,31.76463,10120,4,8639,39.7709898476838,1478
45.38,600,283000,330795,67148,18500,46.2963897998985,37869,31.7056,10527,8,10389,47.3023424454122,2563.6
51.4008322,613,159500,284821,73103,23500,46.2963897998985,37984,31.6813,10500,4,10269,39.9646912557069,978
46.92,616,388286,381034,80312,21685,53.2499693383333,37950,31.74378,10520,4,9893,39.7709898476838,1577
56.28002967,617,367600,309393,74852,15488,53.2499693383333,37984,31.762,10500,4,10297,39.7709898476838,1021
59.83319228,635,161048,281890,65370,14548,46.2963897998985,37978,31.6715,10520,4,10248,39.9646912557069,998
53.41442894,639,3136000,774000,760000,2797920,44.52772543375,38013,31.78972,11000,4,10536,49.2762066546052,934
60.292,646,200690,300510,300510,200690,46.2963897998985,38025,31.77534,10750,4,9951,39.9219243763227,783
50.42609975,647,171260,290277,66931,17231,46.2963897998985,38065,31.73587,10500,4,10298,40.3640673618634,1464
56.3998334,650,273000,475000,181000,219000,47.0209348228125,38087,31.7719,10125,4,8661,40.3837084895355,1468.45
52.85194007,657,471380,203190,55930,134453,53.2499693383333,38068,31.76988,9095,4,7441,39.7709898476838,1569
56.79350791,666,173500,280240,75408,25500,46.2963897998985,38096,31.7482,10520,4,10271,40.3640673618634,991
57.53896741,667,182494,305337,24700,68628,46.2963897998985,38084,31.7256,10530,4,8760,41.9692396240513,979
49.26,669,475880,203618,54810,135487,53.2499693383333,38186,31.7991,8950,4,7307,39.7709898476838,1578
60.116,672,181220,289737,66613,25114,46.2963897998985,38086,31.6979,10500,4,10326,39.9646912557069,1014
47.89992016,674,172000,294650,68084,18000,46.2963897998985,38083,31.7155,10510,4,10376,39.9646912557069,931
58.35472283,679,543040,477666,514644.53,543040,46.2963897998985,39072,31.8149,11529,4,10126,40.5670782644649,1593
46.456,685,388238,304923,58653,135450,53.2499693383333,38232,31.93425,9397,4,7288,39.7709898476838,2524
60.648,686,437481,341722,56616,135840,53.2499693383333,38251,31.93173,9365,4,7257,39.7709898476838,2502
45.37418401,701,346550,428064,428064,346550,46.2963897998985,38145,31.82285,11000,4,10300,39.7709898476837,985.33
46.61631594,709,181500,283100,77558,29000,46.2963897998985,38163,31.7326,10492,4,10331,40.1583926637301,1022
54.928,714,350780,410088,410088,350780,46.2963897998985,38190,31.74256,11077,4,10583,39.7709898476837,1606
58.17200944,725,300900,295800,271800,300900,44.52772543375,38276,31.79571,11000,4,10434,42.8661974747247,967
57.7418352,732,180607,289226,68876,17249,46.2963897998985,38208,31.7083,10515,4,10168,40.1703659538402,922
45.952,739,331320,433650,433650,331320,46.2963897998985,38371,31.8204,10900,4,10359,39.7709898476837,988.440000000001
48.332,743,145509,198460,88215,45121,46.2963897998985,38430,31.6979,10510,4,10079,42.3566424400976,924
58.85414189,745,34300,448770,448770,34300,46.2963897998985,38363,31.74086,11000,4,10231,42.1288770708948,1005
46.052,752,170481,294428,81411,30837,46.2963897998985,38439,31.7157,10530,4,10190,40.7634434680199,1004
49.84822773,756,183675,320632,102725,28392,46.2963897998985,38586,31.728,10525,4,10394,40.1703659538402,1515
46.864,766,188640,301913,24369,72199,46.2963897998985,38546,31.6579,10500,4,8649,40.7634434680199,955
48.18907111,772,350840,430542,430542,350840,46.2963897998985,38465,31.81789,10937,4,10533,39.7709898476837,917.780000000001
49.55407614,776,334000,530000,367000,149000,47.0209348228125,38368,31.77459,10125,4,10007,40.1900070815123,1531
59.04,779,498480,513870,513870,498480,46.2963897998985,39000,31.81528,10897,4,10494,39.7709898476837,923
48.27209734,782,648106,602154,602154,648106,46.2963897998985,38966,31.73401,10592,4,10511,39.7709898476837,886
48.6,787,190640,297630,80935,31379,46.2963897998985,38511,31.6835,10515,4,10314,40.5577687698866,1015
52.128,788,397760,447678,447678,397760,46.2963897998985,38579,31.74965,11102,4,10743,39.7709898476838,1016
57.032,821,182317,298653,81757,30149,46.2963897998985,38613,31.8043,10510,4,10376,40.0269760553634,976
55.664,831,421620,474264,49980,7900,46.2963897998985,38630,31.76821,10530,4,10383,40.1703659538402,1000
58.856,835,748661,509531,70619,79021,53.2499693383333,38703,31.82037,10501,4,10172,39.7709898476838,1015
44.904,846,533020,444134,79469,16036,53.2499693383333,38726,31.88431,10090,4,9966,39.7709898476838,1585
59.18129168,853,686660,553119,107325,136000,53.2499693383333,38746,31.85219,10012,4,9904,39.7709898476838,1017
49.28139875,869,598760,634452,634452,598760,46.2963897998985,38817,31.7121,10615,8,10590,39.7709898476838,2187.57
55.772,871,400060,475791,81050,17851,53.2499693383333,38929,31.814,10120,4,10012,39.7709898476838,991
50.748,876,401360,466922,80943,17185,53.2499693383333,38816,31.78638,10492,4,10346,39.7709898476838,1009
57.34912221,880,869407,734454,734454,869407,46.2963897998985,39097,31.7674,10400,4,10278,42.8974442550113,2344.41
57.444,881,400005,3600949,81665,18412,53.2499693383333,38921,31.82249,10126,4,9988,39.7709898476838,1016
48.14260508,889,700800,655956,655956,700800,46.2963897998985,39016,31.76283,10771,9,10688,49.6906842765527,2844.32
51.112,895,549019,457646,55714,139879,53.2499693383333,39135,31.72431,10540,4,7865,39.7709898476838,1584
55.80805367,904,387680,388394,81086,17122,53.2499693383333,38852,31.87724,10374,4,9978,39.7709898476838,952.540000000001
47.436,909,525080,444639,58118,137100,53.2499693383333,38966,31.88201,10234,4,7928,39.7709898476838,1552.65
48.112,910,650550,594300,594300,650550,46.2963897998985,38857,31.69336,11260,4,10757,39.7709898476838,1555
56.71657701,914,600900,569772,569772,600900,46.2963897998985,39073,31.6993,10670,4,10567,39.7709898476837,900
45.81984815,923,601900,563976,563976,601900,46.2963897998985,38930,31.76389,11247,4,10626,39.7709898476838,841.49
55.956,931,678677,345789,57845,134592,53.2499693383333,39042,31.88585,10164,4,7934,39.7709898476838,1577
56.73353027,932,522980,447122,81471,17920,53.2499693383333,38859,31.87435,10285,4,9940,39.7709898476838,1526
56.172,933,445620,468844,85198,33337,31.7892838667568,38953,31.69046,10067,4,9875,39.7709898476838,1328
47.248,946,648830,548394,548394,648830,46.2963897998985,39072,31.7148,10750,4,10407,39.7709898476837,999
54.64,950,1036124,1304488,80094,127500,50.6229815375,39080,31.82209,9960,4,9081.8925,39.7709898476838,1555.75
49.91380818,953,405930,472542,74886,122900,50.6229815375,39076,31.81951,10455,4,8024,39.7709898476838,1565.9
48.948,956,412940,487816,92801,186168,53.2499693383333,39021,31.84716,10243,4,8400,39.7709898476838,1005
58.592,959,404260,424754,70782,176222,53.2499693383333,39097,31.84285,10085,4,8386,39.7709898476838,970
45.612,961,407780,541875,74431,179539,53.2499693383333,39104,31.84574,10040,4,8325,39.7709898476838,970
50.2,991,651880,528276,528276,651880,46.2963897998985,39334,31.70771,10871,4,10715,39.4842100507301,983
49.632,993,710520,686490,686490,710520,46.2963897998985,39425,31.70581,10790,4,10703,40.6563043918597,1004
55.72469755,1007,747800,602322,602322,747800,46.2963897998985,39331,31.6619,10632,4,10301,39.3408201522532,1584
50.89287072,1014,478126,700230,88873,66512,53.2499693383333,39291,31.80603,10537,4,9510,39.7709898476838,945.569966666667
52.67011824,1026,654960,595686,595686,654960,46.2963897998985,39439,31.84788,10910,8,10553,46.7923481302731,2491
46.41027426,1030,316750,547500,535000,316750,47.0209348228125,39342,31.83192,10143,4,10053,39.7709898476838,1481.1
47.496,1085,587256,361370,52889,150412,31.7892838667568,39598,31.78196,10400,4,8237,39.7709898476838,1460.77
49.64048366,1092,638540,497377,40422,107440,31.7892838667568,39607,31.79067,9902,4,8115,39.7709898476838,1413.92
56.996,1116,680379,629151,67927,169359,31.7892838667568,39775,31.72217,10092,4,8033,39.7709898476838,1285
47.458,1123,508180,648880,49597,138510,31.7892838667568,39668,31.73671,10205,4,8878,39.7709898476838,838
45.416,1125,444940,417373,54021,135548,31.7892838667568,39795,31.72616,10108,4,8656,39.7709898476838,856
49.59876072,1142,597980,738906,723870,597980,46.2963897998985,40098,31.86993,10890,9,10776,53.3821671782892,2687.26
57.436,1175,456500,505900,492400,456500,47.0209348228125,40074,31.83664,10150,4,10008,40.1900070815123,1481.53
60.616,1189,700740,1028438,2000,0,73.2591004423684,40609,31.79605,11140,9,11039,48.1495374971738,2666
50.06,1192,508046,558237,546237,508046,47.0209348228125,40296,31.84877,10164,4,10038,40.0269760553634,1539.42
45.164,1201,754572,907248,55482,107869,53.2499693383333,40396,31.84686,10635,8,8210,39.7709898476838,2487
45.956,1202,614501,892846,66683.63,127342.3,53.2499693383333,40343,31.83735,10575,4,8126,45.0021614830624,1583
46.992,1207,775966,777462,63252,158043,53.2499693383333,40423,31.84879,10596,4,8124,39.7709898476838,1007
45.344,1220,471540,12012,12012,471540,73.2591004423684,40481,31.6554,10750,9,10558,43.5403479250595,1179.44
45.344,1224,996000,23700,23700,996000,99.3745260533333,40553,31.73124,10784,9,10635,39.7709898476838,2298
57.41172984,1235,3487666.15120001,780182,755458,969400,15.6332593166667,40518,31.9502,10555,8,10290,54.5625147531249,3269.83
60.336,1261,1020569,840142,538668,377677,53.2499693383333,40662,31.91579,10626,8,10183,70.3280406172338,3157
48.756,1270,1223434,1049823,131632,101884,53.2499693383333,40745,31.85775,10843,8,10580,81.6727132305405,2489
57.64,1283,656568,1041167.367,1041180,656568,71.9799426216667,40653,31.80574,10675,4,10430,44.5244480125223,823
59.28813167,1285,751000,1247568,1247568,751000,73.2591004423684,40674,31.82989,11470,9,11130,48.9918462230875,2768
51.354,1297,965380,1476930,1476930,965380,73.2591004423684,40749,31.85195,11042,9,10870,54.719035213424,2602.09
52.44,1301,1127263,969365,724451,618228,53.2499693383333,40758,31.79941,10709,4,10364,52.7212418410253,1011
51.432,1302,941476,907353,739002,573578,53.2499693383333,40738,31.79699,10697,4,10560,52.5974930702205,1011
60.576,1312,1228603,1233576,194642,135551,53.2499693383333,40917,31.84087,10754,8,10645,81.6727132305405,2515.52
51.612,1331,718040,1041684,1032612,718040,46.2963897998985,40677,31.70723,10725,4,10592,44.9464333224214,967.35
49.24,1334,849973,1421574,1421574,849973,73.2591004423684,40780,31.83699,11370,9,11120,50.7265342608792,2772.96
54.004,1348,1395150,1301559,830871,587837,53.2499693383333,40941,31.90527,10396,4,10266,39.7709898476838,1549.28
52.05450267,1352,808814,924544,8039,99096.37,50.6229815375,40943,31.83923,10971,9,10842,51.2300180101684,3135
50.444,1382,808500,1335348,1335348,808500,73.2591004423684,40850,31.81845,11835,9,10665,50.5635032347303,2537.4
49.028,1394,1347700,1403199,212004,150467,53.2499693383333,41011,31.84936,10719,8,10526,81.6727132305405,3010.22
56.644,1398,1058922,1098116,179401,136678,53.2499693383333,40912,31.91885,11267,8,10740,81.6727132305405,3870.45
56.468,1400,1423437,1349935,925239,661055,53.2499693383333,40964,31.92027,10445,4,10263,70.3592479171692,1550.02
56.772,1413,1423712,1389341,216876,161491,53.2499693383333,41011,31.83808,10803,9,10729,81.6727132305405,3256.41
45.42,1417,1e+05,116760,112560,1e+05,26.6393001194074,40831,31.65171,11630,9,11409,39.7709898476838,4023.39
57.208,1418,782000,1169910,1169910,782000,73.2591004423684,40877,31.8131,11445,9,11210,47.8320873183459,2791.27
51.136,1432,1437569,1131650,173978,150024,53.2499693383333,40979,31.85412,10849,9,10748,81.6727132305405,2691.55
54.692,1435,798120,943152,932064,798120,46.2963897998985,40962,31.80908,11350,9,11256,49.0970191248242,2279.22
48.14,1441,1458884,1252408,747588,660716,53.2499693383333,40992,31.91622,10385,4,10218,66.5880928127121,1528.87
47.492,1465,1381241,1335581,184581,151188,53.2499693383333,41100,31.73963,10943,8,10874,81.6727132305405,2625.14
55.836,1475,1320008,1221621,212673,61382,53.2499693383333,41133,31.85604,10664,8,10480,39.7709898476838,2504.99
57.16,1488,996200,902106,106176,35000,15.6332593166667,41021,31.95364,11503,15,10958,39.7709898476838,2857.6485
68.90641599,464,401920,421008,421008,401920,46.2963897998985,37720,31.76507,11000,4,10345,40.1510291067069,2443.71
72.61706848,487,312520,200384,67578,136030,53.2499693383333,37649,31.68201,8800,4,7196,39.7709898476838,1560
75.676,512,293688,352536,67569,17200,46.2963897998985,37697,31.69204,10500,4,10416,40.7514701779097,1584
74.076,534,308600,358260,358260,308600,46.2963897998985,37848,31.7735,11000,4,10379,39.7709898476838,2289
69.06138557,567,277480,338026,4000,0,46.2963897998985,37893,31.82846,10900,4,10279,43.0780472638773,954
87.43651256,581,165500,290388,67754,18500,46.2963897998985,37906,31.76532,10520,4,10128,40.1703659538402,983
62.18847305,595,158412,288726,67022,18293,46.2963897998985,37889,31.7926,10520,4,10264,40.7441066208866,1028
69.4284143,602,143500,290455,68390,18000,46.2963897998985,37887,31.6922,10525,4,10236,40.1703659538402,926.77
60.88727674,608,450350,193723,500,0,53.2499693383333,37935,31.75711,9050,4,7498,41.1628195741764,1593
102.9154604,615,313000,187500,50000,112000,46.2963897998985,37915,31.8118,10200,4,7894,79.7086004633333,2311
69.96060032,652,325190,329532,329532,325190,46.2963897998985,38104,31.78981,10765,4,10146,39.7709898476837,937.52
80.32913438,659,471910,205303,56519,135222,53.2499693383333,38072,31.77514,9050,4,7421,39.7709898476838,1580.98
61.45273928,661,351360,407064,407064,351360,46.2963897998985,38356,31.8199,10905,4,10004,39.7709898476837,947.98
158.02,665,163000,268005,67655,18000,46.2963897998985,38070,31.6916,10515,4,10245,40.5577687698866,998
66.67873896,692,322000,14000,194150.966666667,322000,44.52772543375,38148,31.78643,11000,4,10640,42.8149419292703,1563
62.23906507,696,317000,376000,361000,317000,44.52772543375,38137,31.77212,11000,4,10145,41.2021018295205,1572
62.57131418,721,188306,298979,81571,30606,46.2963897998985,38203,31.7076,10520,4,10272,39.9646912557069,947
65.47404336,747,435660,354312,354312,435660,46.2963897998985,38611,31.86321,11700,4,10325,40.2914509291132,1542.26
74.9528507,767,175000,154000,152000,175000,47.0209348228125,38485,31.85368,11478,4,8665,41.3760389024719,1528
91.768,770,350670,453978,453978,350670,46.2963897998985,38586,31.68745,11250,4,10734,39.6275999492069,994
68.128,771,500460,502194,502194,500460,46.2963897998985,38585,31.69,11265,4,10876,39.7709898476838,1562
77.38134441,778,401720,579516,579516,401720,46.2963897998985,38627,31.81568,10980,4,10611,39.7709898476838,924.02
75.82,797,572780,494718,494718,572780,46.2963897998985,38724,31.6788,10600,4,10433,39.7709898476837,989
83.324,805,264000,441000,152000,175000,47.0209348228125,38520,31.84666,11485,4,9995,40.6089011079411,1505
67.94976138,848,289000,500250,481000,289000,47.0209348228125,38687,31.85538,10125,4,10024,40.1900070815123,1546.79
71.968,873,408780,530520,82802,17580,53.2499693383333,38978,31.79103,10508,4,10332,39.7709898476838,1017
73.06722001,883,319000,655250,655250,319000,47.0209348228125,38775,31.84966,10125,4,9974,40.290630100605,1488
65.428,893,404660,462114,72737,177382,53.2499693383333,39080,31.73139,10576,4,8387,39.7709898476838,1016
86.956,902,406160,473472,80859,17502,53.2499693383333,38841,31.84853,10004,4,9665,39.7709898476838,1000
82.8613699,905,800581,1046220,1046220,800581,46.2963897998985,39136,31.6567,10604,4,10372,42.5370461236602,2428
77.77491575,918,603020,628698,445284.15,3e+05,46.2963897998985,39147,31.78917,10841,9,10795,77.77491575,2508.97
78.06,951,549375,312000,81000,132000,50.6229815375,39005,31.82184,10460,4,8120,39.7709898476838,1568
102.2865487,954,319000,430550,430550,319000,47.0209348228125,38943,31.84784,10143,4,9991,39.7709898476838,1488
67.74792166,962,414280,441148,63193,166358,53.2499693383333,39070,31.83933,10093,4,8386,39.7709898476838,988
65.28148434,968,751230,980028,980028,751230,46.2963897998985,39136,31.77364,10389,4,10230,42.1177246092929,2359
62.78514382,969,700324,613662,613662,700324,46.2963897998985,39204,31.77759,10410,4,10351,40.0269760553634,1477
72.94253599,992,500122,732564,732564,500122,46.2963897998985,39281,31.70324,10865,4,10756,40.7495638539292,1004
108.724,1025,560060,418546,67004,180504,53.2499693383333,39239,31.65738,10488,4,8571,39.7709898476838,988
66.664,1051,430179,386500,68162,181950,53.2499693383333,39470,31.7889,10548,4,8340,39.7709898476838,1246
71.68747308,1060,897700,303492,286440,897700,46.2963897998985,39529,31.85329,11040,9,10909,51.8347931900706,2651.84
70.14,1130,750000,827800,811300,750000,73.2591004423684,39660,31.68939,10350,4,10174,40.1480610306363,1324
76.10923649,1140,761600,605094,561330,761600,46.2963897998985,39863,31.87247,10990,9,10879,51.4740907781808,2671.12
61.028,1141,763170,682611,41832,217545,53.2499693383333,39720,31.79245,10554,4,8874,39.7709898476838,818.9
66.556,1150,996000,1194000,1176000,996000,99.3745260533333,39834,31.89466,10672,4,10300,48.9070754270881,1588
79.56669217,1158,567060,531478,57708,150785,53.2499693383333,39901,31.92418,9670,4,8126,39.7709898476838,979
71.876,1161,878070,861546,839454,878070,46.2963897998985,39860,31.96177,10480,9,10337,51.0154870084693,3393.03
60.824,1169,848129.34,2224656,356496,302123.63,60.824,40147,31.7434,10500,8,8014,50.5089174669274,2807.89
62.456,1178,488000,560750,548750,488000,47.0209348228125,40270,31.85388,10152,4,10025,40.1900070815123,1509.47
63.75034099,1196,486000,753318,68000,60000,71.551170495,40346,31.92395,10600,9,10446,79.7086004633333,2819
72.36,1197,978251,23016,763556.87,978251,73.2591004423684,40511,31.85677,11100,9,10920,50.0497337922896,2603.8
112.904,1203,1007299,981497,722117,569723,53.2499693383333,40633,31.82675,10590,8,10442,71.1580001294822,2531
72.46,1206,768442,933312,59892,90802,53.2499693383333,40505,31.85077,10580,4,8120,79.7086004633333,1026
78.22,1208,661222,921264,76258,141963,53.2499693383333,40401,31.84488,10652,4,8380,39.7709898476838,962
72.924,1211,946000,1480827.633,1480836,946000,73.2591004423684,40465,31.85003,11028,9,10850,54.9167065991649,2526.35
162.696,1222,895000,1028770,105000,128000,99.3745260533333,40504,31.74272,10618,4,10150,47.7498571104786,1297.54
98.26,1223,831000,1049664,1049664,831000,99.3745260533333,40542,31.73556,10499,8,10438,45.5939155312649,2321.25
64.762,1227,947000,18984,661353.68,947000,73.2591004423684,40517,31.82487,11110,9,10830,46.4614952717494,1994.67
93.952,1238,871003,848178,519394,364858,53.2499693383333,40697,31.84843,10754,8,10547,81.6727132305405,2509
94.484,1244,942201,912874,747254,589653,53.2499693383333,40745,31.83978,10875,8,10737,72.3760738561625,2521
76.81494263,1245,869716,980743,166734,92738,53.2499693383333,40716,31.84243,10905,8,10718,81.6727132305405,2502.19
82.656,1247,723000,18480,673927.56,723000,73.2591004423684,40524,31.82052,11280,9,11164,53.0311244814588,2771.41
76.504,1248,934001,18480,740571.15,934001,73.2591004423684,40546,31.81322,11035,9,10865,50.0693749199617,2562.02
76.292,1249,851000,1273818,1273818,851000,73.2591004423684,40653,31.81163,11094,9,10755,49.2128877906364,3420.87
60.876,1256,834020,1147440,1147440,834020,73.2591004423684,40607,31.82106,11085,9,10725,47.3314484377275,2476.05
153.076,1257,839400,1380582,1380582,839400,73.2591004423684,40671,31.80936,11270,9,10915,51.1455514947078,3571.65
68.996,1260,1285393,1171426,865524,633243,53.2499693383333,40662,31.91757,10642,8,10396,66.1104564764061,4241
116.928,1265,1027250,1140396,970194,689224,53.2499693383333,40669,31.83316,10860,8,10774,81.6727132305405,2579.51
60.828,1266,1224380,1029524,640558,439014,53.2499693383333,40719,31.92492,10448,4,10198,39.7709898476838,1556
72.232,1267,600924,942246,642004,44279,53.2499693383333,40773,31.93642,10430,4,10247,50.5868734165383,1547
79.352,1276,970718,1071000,1047858,970718,71.551170495,40615,31.88029,10863,9,10670,39.7709898476838,2844.55
123.6427928,1289,682000,1033494,1033494,682000,73.2591004423684,40756,31.84246,11105,9,10710,49.7902941548617,2588.46
70.588,1292,1308120,1251750,901782,612755,53.2499693383333,40673,31.80353,10354,4,10264,49.2257140719199,2167
73.992,1300,1411688,1307592,167448,120834,53.2499693383333,40833,31.87898,10929,8,10766,39.7709898476838,2956.24
64.704,1307,892456,638902,622902,892456,25.9453333333333,40632,31.70779,10873,4,10670,43.9611621859694,1573.44
204.808,1315,1563055,1231488,5820,0,53.2499693383333,40915,31.9465,10577,9,10414,63.9299528459394,3317
202.956,1318,1460529,1446150,216046,150461,53.2499693383333,40885,31.82771,10617,8,10490,81.6727132305405,3099.62
94.432,1319,1437820,1274164,162092,120545,53.2499693383333,40861,31.83431,10619,8,10496,72.0353168524835,3046.97
62.216,1323,858500,1401666,1401666,858500,73.2591004423684,40734,31.80471,11208,9,10895,54.8737586466417,2704.09
95.96,1326,756280,1179780,1179780,756280,73.2591004423684,40738,31.81771,11094,9,10710,49.3872523515262,2642.85
90.7,1328,1312915,975840,600462,504940,53.2499693383333,40798,31.7607,10432,4,10255,39.7709898476838,1324.11
107.22,1341,1128780,1280136,604086,439946,53.2499693383333,40956,31.83242,10735,9,10617,81.6727132305405,2650.63
73.48365573,1345,698959,1080156,1080156,698959,71.9799426216667,40758,31.81433,10645,4,10424,44.1250719063658,780.800000000001
69,1354,1509415,1688884,367464,116528,53.2499693383333,41026,31.82874,11147,12,11038,81.6727132305405,3966.22
63.7,1355,1135680,1675674,1675674,1014000,139.205,41117,31.90127,11600,15,11438,59.1642428135261,3084.0997
118.444,1356,846620,958398,958398,846620,139.205,40915,31.89578,11600,15,11434,53.664948341374,3130.79
101.708,1359,1409144,1379498,179710,135334,53.2499693383333,40885,31.85458,10877,8,10757,81.6727132305405,2473.82
90.432,1361,1347850,1499424,193710,136011,53.2499693383333,40979,31.82346,11135,9,11022,81.6727132305405,2715.91
131.648,1363,1389239,1355128,203080,150208,53.2499693383333,41085,31.84708,10683,9,10526,81.6727132305405,3246.44
71.07859197,1376,978500,1523424,1523424,978500,73.2591004423684,40767,31.82752,11288,9,11130,53.7837079490227,2711.66
98.776,1389,1192763,1291432,597534,382202,53.2499693383333,40956,31.83024,10730,9,10606,81.6727132305405,2673.91
74.232,1395,866400,781200,781200,866400,119.288,40835,31.87439,11501,9,11386,52.5939588665007,2620.98
164.344,1396,970400,897120,897120,970400,119.288,41015,31.86447,11510,9,11360,56.0038029979905,2604.88
83.38,1403,821000,1312584,1312584,821000,73.2591004423684,40861,31.8371,10980,9,10870,51.2496591378405,2543.25
64.344,1406,1415768,1234173,195043,135306,53.2499693383333,40956,31.87772,10771,8,10686,81.6727132305405,3088.06
70.3,1408,1399220,1118038,179880,150759,53.2499693383333,41029,31.88474,11202,9,10880,81.6727132305405,4069.71
132.544,1409,1445816,1192926,371118,318855,53.2499693383333,40956,31.85802,10606,8,10466,81.6727132305405,2493.01
89.508,1411,717041,1015350,1015350,717041,118.1616,40873,31.74347,10514,4,10250,43.1036676637792,1453.52
84.592,1412,830181,1314264,1314264,830181,118.1616,40835,31.75734,10555,8,10420,47.9754772168227,2501.84
67.568,1423,926180,1445514,1445514,926180,73.2591004423684,40958,31.84494,11005,9,10850,59.1841882217369,2575.35
131.848,1430,1376898,1445226,1019088,736263,53.2499693383333,40934,31.83539,11175,9,10985,81.6727132305405,2705.57
64.804,1434,1224984,1212862,202996,149994,53.2499693383333,41024,31.85652,10875,9,10782,81.6727132305405,2679
95.82,1442,1506739,1375652,182723,135712,53.2499693383333,40979,31.88041,10810,8,10676,81.6727132305405,3078.66
66.956,1462,1337138,1335326,197196,135013,53.2499693383333,41029,31.76356,10939,9,10860,64.4930066435693,2773.1
133.616,1469,1528015,1407711,203757,134848,53.2499693383333,41096,31.89295,11236,9,11102,81.6727132305405,3128.94
84.272,1471,846000,1353282,1353282,846000,73.2591004423684,40974,31.84901,11110,9,10785,54.2339373654049,2477.61
78.02,1473,1154722,947669,594815,459930,53.2499693383333,41064,31.76732,10509,4,10367,46.4556244612688,2228
101.8054469,1474,1447742,1434357,223070,150110,53.2499693383333,41029,31.88235,11004,9,10910,81.6727132305405,3176.45
131.648,1478,1388203,1212845,209045,150465,53.2499693383333,41085,31.83369,10741,9,10596,39.7709898476838,3233.68
123.4073116,1479,1444110,1392470,983084,753542,53.2499693383333,41035,31.92695,10428,4,10193,69.9402306833406,1513
70.35833286,1487,801000,1278690,1278690,801000,73.2591004423684,40986,31.81496,11475,9,11235,51.8779188122915,2814.49
78.66,1491,1345603,1363808,218724,149635,53.2499693383333,41057,31.84783,10726,9,10605,39.7709898476838,3142.13
120.0347822,1492,1551766,1489446,130878,95707,53.2499693383333,41061,31.79764,11279,9,11040,39.7709898476838,3512.99
87.08,1493,995147,1121640,662647,300256,53.2499693383333,41056,31.95324,10526,4,10213,39.7709898476838,1510
166.34,1496,787968,1121190,1121190,787968,118.1616,41006,31.73586,10395,4,10286,46.1798739185173,1428.06
86.52,1499,123000,1541994,1526994,123000,26.6393001194074,41012,31.73356,11350,9,11146,55.8514253024887,2278.96
286.748,1500,304380,405048,405048,304380,139.205,41109,31.6533,12020,9,11894,42.696500512661,128.879999999999
87.928,1501,1245440,1539006,1539006,1112000,139.205,41053,31.65193,12205,9,11976,53.4243750762757,1865.19
89.104,1502,1045651,1206378,216792,150643,53.2499693383333,41120,31.72844,11167,9,11042,39.7709898476838,2851.67
70.092,1503,789550,1236810,1220310,789550,73.2591004423684,41106,31.79508,10908,9,10730,54.1753182629274,2645.03
70.06,1505,496525,988889,976889,496525,73.2591004423684,41113,31.84474,11245,9,10800,48.6829480672865,1296.9
76.764,1506,843000,1295608,1273608,843000,73.2591004423684,41119,31.85546,11028,9,10845,53.3372837952703,2614.45
159.2121528,1509,936100,440916,440916,936100,159.2121528,41062,31.77747,11509,9,11400,55.5847857641619,2695.83
64.176,1510,804702.253406,1077096.03367,1520526,994337,26.6393001194074,41056,31.70352,11360,9,11265,50.7664680641661,2965.74
125.6,1513,802974,1161972,1161972,802974,118.1616,41085,31.72785,10667,4,10440,46.8438481058233,1394.3
