WellID,best.fit,whole.fit,bagged
1,31.9350803141933,30.7672172749208,34.1213553228017
6,27.7486562661181,23.3842771528853,34.0565724182918
8,37.0006842673621,50.5668154703617,26.5130389600354
9,41.3246431639722,38.9651387945926,41.8821082424828
12,29.4905450751472,25.3198661193271,33.7421352045119
15,29.2105207292797,25.1211430148771,33.8667798888834
18,30.6790561143481,26.2748009665795,35.3333428481287
20,30.7295011825677,30.1384973267502,37.2563132284668
21,28.0090720177407,27.0687206717942,35.4454489182878
24,32.2963443196218,29.0129565433886,33.8423684505008
27,29.7533654295538,28.1828953742854,31.9425162433659
28,37.2986538670034,35.7245767177669,39.4669985073218
29,29.5014642199225,28.6536697645224,32.2760025953894
30,29.4475200219413,27.8820246477326,31.9659655209182
34,28.6024369739063,26.9726817475841,31.6000202125984
39,23.4139079016049,21.6544595724029,25.8373901551735
41,21.5847626870687,19.377731347123,26.4251101122837
43,30.3039869540379,31.2927559487598,31.0686164578107
47,30.1952168862487,31.5251092331007,30.0021004934371
50,28.4043974050154,29.0334008217533,29.2353392085248
51,24.0970906782262,24.9982503912329,25.3319151329867
56,23.4390016070614,22.1381369825579,26.8398091046047
57,23.684338714542,22.3429640094164,26.3805225712705
62,23.268802743763,25.0373576734457,27.2014649801826
65,26.8881707910604,27.3602458445855,25.011979203592
71,34.4126267332982,31.4361246182325,35.1868432871968
75,34.3813910419381,32.5252132804044,37.3809478618489
77,33.5823680001628,31.4606896560017,34.9869282873165
78,30.7665413166471,29.2903919071778,31.4329672099826
80,30.9251120655723,28.6292101012468,32.8683100584783
81,49.7890982669978,44.9497083802923,51.7578364611456
83,38.4848049217676,37.669553219409,40.9271457492905
84,35.0287996152862,34.3560516935854,37.7558485719665
85,30.0229148598589,30.5689648870998,27.5562123497379
88,26.3768199335007,26.8192561875844,25.7791326898823
92,24.132925618171,24.7947728928016,23.6398717482103
100,25.853111461903,26.7743634978233,25.2512853942741
101,26.3834577445369,27.4388834283213,25.80114157523
104,49.9064175957014,45.9060843822463,53.5443060985663
108,22.1503750710165,20.3274217940505,25.2818335623603
109,25.6230120281366,23.7494132147397,27.7672483478674
111,28.2383776456343,27.1702716347647,29.8832501895303
117,29.5992082443365,29.6822354117312,28.2165154111735
119,58.122916603249,57.0915177240499,59.8923821123893
123,39.2763836871171,36.1932686956432,43.7883488459915
126,40.5673420011076,41.9150367439847,45.9150654451806
127,56.9106817024959,55.1619917065777,57.9689526214474
128,48.3967678431582,47.1385866776709,48.7742087960129
130,28.7385450271237,28.6647550128948,31.0923153848719
137,38.3836704127978,36.3793271247475,39.0057171464415
140,58.3908201871329,60.4660303298604,59.2908671767035
141,35.0565121897625,32.736361914222,36.8940437338706
144,57.3876640771094,55.2754716903817,59.2127784448178
148,32.8377457968591,32.5374174491208,35.3514830884714
151,27.8292876534323,30.9234576521771,33.9292856173752
156,41.1746836640084,37.2507253332822,42.9870314621735
157,575.400237108787,405.686581968475,357.220850897242
161,51.1361288249092,50.430057637767,53.3350901604283
162,55.6622235367954,54.2860772195831,59.4823321347323
165,29.2972256429448,33.3853896632791,28.7848100278145
166,34.3304065606417,35.3929919495295,48.2660683280636
167,59.2394383048966,59.5880462591733,60.1488686250283
168,61.4925693672196,55.6085292602934,59.6125337168594
169,41.2829498408971,40.1849962966817,42.0911639729766
170,200.969371411488,167.518423773879,110.323213208646
175,57.2624693213356,52.8742721676686,57.6546373984621
177,54.7647363126702,51.2727165095187,54.1481584474955
179,199.646968328262,145.271520721685,235.493369425179
180,55.8678794138923,52.7497206521507,56.6002249297277
181,18.3184433137621,18.6777641504214,30.6931152778087
185,37.6683661937441,56.0416058165174,39.5978046149256
186,21.1658115197288,52.0626229383743,33.0927302719203
188,19.7082885754736,21.4568584639271,22.7492873042667
190,57.9131593177444,53.4365245499484,63.8881554429878
193,35.0846116794928,55.4694243585764,43.4258576962733
195,53.4221439787443,38.6680718678745,53.3124758689034
197,22.3698500815856,23.3155591566622,31.3447452232339
198,19.4668669950858,18.6783056611312,26.2074695110917
199,41.3331315721989,50.5446549003955,62.4133458917553
203,55.389196422647,75.163544534993,66.1647869144132
211,33.2155216199399,13.1006377505,19.20047219385
214,56.3223208538425,65.6055105025953,70.6653732956275
215,147.848535067023,76.4651235977271,78.6616258329174
216,29.9217291548375,64.771090522745,56.0930654175072
218,49.4927781300785,65.9663299783479,65.3011301177901
223,41.1019073289481,47.6133953859935,44.1199888840577
225,55.8987413834548,49.1170683262899,53.413082386154
226,23.5957369741345,37.4697806492386,42.3615754413435
227,32.0926866591444,38.4873530170553,47.605308008142
233,185.03986113155,104.944135510819,130.917515451797
238,34.2262489283539,46.9703985802244,40.2309267799152
241,35.3840723986307,53.8636115522713,40.2826945165957
242,40.0386265435543,48.9658917957695,47.4156451811467
244,29.6185717996698,38.490874004845,40.2680504834979
245,34.1546702369221,37.3704991923587,36.9853950257454
249,37.9221238230248,25.1448178323772,27.0078788219952
257,38.7104278560464,23.6550328964968,31.4139662383373
260,22.5136230612516,58.4524411515977,75.857594631896
262,25.517834772495,45.1915968865815,39.0962492152476
264,42.2313344942024,42.9163678119967,43.8200118539716
274,39.141264215049,33.5362239106671,37.5409225461051
276,60.0437803822128,82.036304272302,65.7088992622004
278,69.8690998819402,43.2862055481073,59.499402109865
283,34.377800133534,30.0460924974959,34.6665492725185
285,80.7802025174433,42.7269779309463,60.3703765407004
287,25.5569692210111,45.0745053021274,40.6049432040318
295,62.6506111474403,56.1842420505236,70.3207395948232
300,55.8462436297541,53.7353545650731,74.9359565948483
301,48.3902880406549,64.0974145257078,84.3039575812141
302,19.5018098119544,56.5646683703671,68.92249390759
305,47.9916007782213,33.3786702524849,42.6000297849376
307,30.0223976363959,21.4516572178636,36.8938858162625
310,39.8336530578281,33.3243036440981,43.2810133534949
311,33.226538278589,29.8160266721243,38.1231402586623
312,41.2181044234449,30.6652135695767,35.0167337780344
313,64.5818244035136,58.166100537328,71.1195372944043
320,26.9620870436313,39.4967615813694,35.5128309983645
326,31.9127521723749,30.6144147525392,34.5859073685152
328,18.1097861431722,37.8964191284358,32.8606253241972
329,17.1565557952372,30.5153523969839,37.421706422837
330,16.6766689484225,23.9888661662644,32.5975073183745
331,36.6104198896546,30.6794969436505,35.4729909436471
334,32.5009202181682,30.3186030111137,40.6035498198246
335,54.8599640704488,31.871308075757,34.0873408006879
346,33.2419226765642,39.7909030357605,35.5533491932486
347,33.0144884818519,23.4211886208941,34.5358547624221
348,56.2769209101061,68.8977551103617,88.1158552846559
361,52.7179872701365,50.2664166756967,63.0479432088568
363,67.7401145247291,65.3934546681794,67.0855884608376
364,42.7346714555174,55.1394638642178,54.834298903689
365,43.6921253276614,52.3031822090798,54.4905105271416
366,42.8642769975495,54.7660369366513,70.7054501360053
373,53.521331207,70.5174655810588,58.9119335480118
374,67.1203741808788,73.6425244761285,72.3278528545038
376,532.586098405156,426.991507145338,205.25153232596
377,40.835043768694,49.0569111051318,40.9412184416661
380,53.8982050020879,60.8602192351391,68.3040099864528
382,22.6796694482362,30.3245726401219,32.2926393524038
383,54.6900344878159,29.3653945111655,33.0209668782025
384,21.8716046375519,30.213297897224,32.5892418758532
385,29.7168384524275,44.7783427075738,36.1136064287734
388,47.001879837213,29.6421089496325,40.0991358633405
390,17.9778192012352,44.0654810828491,32.7452274706086
391,39.3642642666809,40.4213759805716,36.1634831801174
397,62.143506773903,66.7303379542136,68.5454690513904
400,65.2239619250429,67.8490921565626,72.2423649747675
405,66.4726585022963,73.1139058392801,70.8399363899168
409,27.1669003399793,45.4308518232374,46.3505589513209
411,80.8063716279066,73.1576201721764,72.6267674122134
412,61.0377637539298,72.8951899383719,70.4867498645488
416,21.7205970943983,30.4952018565746,34.1086137438406
417,58.0899754290785,72.2115020484198,71.6865640997597
420,35.0054304451151,44.4723060931483,36.403066365253
424,29.5973209011506,43.6658359750909,40.1430570722361
427,24.2317961785166,44.3750204804401,34.6858689155286
433,63.191014057842,74.8634473377006,68.6655827218802
435,36.5161944808351,78.8751610105919,89.3374004105146
441,57.7202095750588,72.439192030688,70.2896032971945
443,28.0798177872302,47.1913729212811,39.6016175062353
444,24.6148546054947,38.2645161767832,35.5475223586652
446,65.7371314426075,69.5690830181393,68.5692216187842
449,168.611310318825,71.8911364108735,71.6569874458178
451,27.8193882692585,47.1898069406834,38.7967557111902
456,88.8844021430195,62.1398750459957,49.1834727180112
459,24.5952377076992,38.2607876515503,35.4560571182841
460,58.7233086723943,74.4369772661321,73.0069760386788
463,47.7005546501043,74.1652015543841,55.2351675153658
466,30.2192571886799,33.116411853877,35.7106503238412
467,42.1504559831604,41.2638399731493,38.6638522560583
468,38.4510075589948,38.5247187454809,39.895372255636
475,36.9459006818428,37.0389561261561,41.5356494830859
477,41.3296888806457,40.3584479457877,37.0419268488551
479,40.3142142387817,38.1894879112749,38.5282459965619
482,36.2020553920751,36.9062429633541,35.4926791042889
485,41.094556987742,40.4421543601006,38.1302108831445
489,38.1279028861146,38.3139791924623,37.0725205175201
494,40.0196536782732,41.5792114691267,44.0876535470825
496,43.4506136312234,43.1202487774115,44.4149481192943
498,35.7458457866273,34.863080326711,38.2018632571168
506,43.7671781452849,43.4871642606524,44.7002326712683
508,38.5727716538871,39.3560993756284,39.8914994749243
511,39.1202667666647,40.1653019297551,42.1498874598578
515,35.7661512026998,33.178126571871,37.7672605407263
517,35.7620395134505,33.1275351232475,39.4715326806002
519,39.1631968015149,38.9606821135924,40.9707721759938
520,43.7369197283067,41.7223126836434,40.9699513415063
522,41.9367440592222,40.3470140432655,37.9787929181701
523,34.1533074385419,32.095640296347,38.3918817253441
524,41.7558646363009,42.1197341205939,43.9188913798165
528,38.4390560532649,38.3965008715541,39.0710361751873
532,42.7038529461315,41.2385229185593,38.0843629152044
533,42.6910653602132,41.8456234840005,38.8885215602298
535,48.166729966355,52.096164214209,39.5395904610339
539,34.1242868971347,34.4030700969911,35.5789908022727
542,44.5894871973247,45.0110915694365,42.1383472850707
544,37.8759064579978,36.8532696339457,40.8330667290859
546,43.7913719656201,43.3441485511512,42.9544113663401
547,47.9651095761735,46.8038690492137,43.2937335508144
548,42.1268835180975,41.1215286872705,38.3150223299159
549,42.4973240126154,41.4089269262065,39.6183946524714
557,42.9183239895764,42.5085124074208,42.5799491103497
559,34.9852950449483,33.3389454204005,36.011488450137
565,43.4044777120778,41.6120979867385,46.35358664621
570,34.7276492233008,34.655930849802,36.7341325170143
572,42.4876083421909,42.0285048733865,45.734488562198
573,41.249822099481,40.9728324989862,43.3438748427232
576,45.9580194584537,47.4872618531012,46.111888233957
577,38.728783837747,39.0904048086497,40.7831453826419
578,42.8024213422013,41.5359586678874,39.531227214302
582,38.5852412982539,38.5319097466495,39.6919654194156
583,42.5103700795975,41.2576736905817,39.5202619131731
584,37.1225767778405,37.4213818374983,36.4346571936995
585,34.3314387565543,33.7532432653484,34.2316542450137
588,41.4298540299516,40.0470696594457,39.4133478399369
589,42.4455111911528,41.0866888192816,38.9970463051902
590,38.7566676634094,39.1451988015508,40.9099267740728
591,43.1782860488702,41.9935471755953,38.8377452866609
597,37.7151012309511,37.9087416630828,38.37647074985
598,42.1935254292779,40.9515782759067,41.6569811138187
601,41.9376108398678,40.7010236308561,39.0586621933422
604,38.8835016803049,40.0310074805959,41.7929122620911
606,42.6561841596409,41.5094701013834,40.2187360140217
607,38.5193833259139,39.5832781582451,41.2348665331203
609,42.5192385651383,43.7370235635055,41.6907577610543
610,41.1311294157607,39.8070730705335,38.4345487874455
614,38.7622601155767,39.1270773536971,40.4228022290315
620,45.0617395125695,45.4870003496062,44.4246284830374
623,38.6000183584472,39.0102531107141,40.8316178172682
624,38.5692799341016,38.9260456475261,40.6583510132294
625,41.6383304746616,40.4601366570287,41.4775437649556
628,37.8075896317296,37.9431284729972,37.7659574521928
629,40.7285777120651,39.2921415884944,39.3025767678711
631,38.6943823488899,39.0655062002945,41.8136904728899
632,38.2624600340881,38.5610933931378,40.5252920701771
637,45.8265426974534,45.2829640379496,45.5928710559739
638,41.5812904188433,41.8327289742992,45.4101085887383
640,49.6514461125961,49.2889718356014,46.1045705729404
643,47.0813870612009,44.704730039995,47.1410275366497
644,42.073110279722,41.8088344715759,45.4783743712926
654,41.8954368846555,40.1672937573512,43.6938488141818
660,37.7097824370023,37.8138305961231,37.763806241465
662,35.5821663194503,35.6324737740729,38.6947079044171
671,42.9800979165061,47.0507842379375,35.1435720714083
676,45.1676647842272,41.9368014857198,44.6307198628368
677,43.920873680757,45.25444743704,48.3598041951764
681,37.7344350807782,37.8735022743308,40.0628401607568
682,39.6736196661783,41.079077643461,41.3592513012596
683,42.2626691713416,40.2442268542632,44.9272405717966
688,38.2091718439364,38.3456569849254,37.6499082735926
689,37.5771034067579,38.361904865513,37.1697488616214
690,38.5141281274821,38.8741974938537,41.3703046741321
695,37.6969682720493,37.7934457365077,36.9783038014004
697,41.9843094704087,40.7893881904311,41.4702412097656
700,44.5241219197718,46.2062762020539,47.5925703408359
702,37.6303742543635,39.9864001772212,42.2381495707212
703,37.5527724023337,38.335817480485,39.8837490699763
705,37.3793368712057,35.7448774458126,36.8612184432398
706,39.9855803263262,42.7810292672066,42.0823231678218
707,37.4048626322389,38.1648821863562,40.207383063712
716,42.4540346245053,43.5286165045638,47.339385787132
717,45.8385865996469,44.2415929321639,43.8645083874165
719,43.7975718841129,43.1925896690909,46.4462825624739
722,48.3646233842379,49.5187929085157,46.3065198284442
723,47.493589028632,49.0179304171322,50.3053880052988
724,45.1690593217472,47.8762363458759,44.4168385131944
727,46.2518611361589,44.6436826064237,48.585489239031
728,40.0858088885036,38.5164065242395,39.6494185147179
730,38.5726535854924,39.1167852395074,39.0648642907643
733,37.5791962912717,37.6534450488575,39.5961887586523
734,36.6889913917827,35.0580711114235,36.4669907322363
735,37.3244876455313,35.6840977475708,36.7474944713773
736,37.4042788535672,35.8148737686647,37.0695113547536
737,38.5870830833516,37.0925874327793,37.4466746171195
741,48.8937170218063,47.929841292771,49.2013532162075
742,42.7502487685462,41.432780895623,41.8105662200633
746,37.0998091438491,39.5268052818897,41.6003287760543
748,41.2886561649766,39.802474844282,39.5174750941997
749,41.7862371691255,42.4466879385,41.6139922457068
751,41.1459592340367,41.4549929478087,41.9081977342223
754,37.6352920664176,39.8298032994512,41.0793426144859
755,42.0908199151053,46.1143973378869,35.2410769839721
762,43.8362136007304,45.4463793955993,48.6358459792534
769,43.9325942371431,43.0641629573186,47.78167380849
773,50.235273935754,49.8027228398673,52.4161143155732
774,48.0324296015011,48.857938067049,50.683318568322
775,47.5440504507704,51.107478295399,50.7720440872203
777,47.6410162924008,45.2994305680315,46.9154823011814
783,38.0400241163337,38.2547495290819,40.4339231482321
784,39.351367406651,39.8627189672386,39.0434827955527
785,39.0311552021143,39.4133348623802,38.820710307498
786,37.3114915125196,36.5978191353486,39.3068738840493
789,44.7998138701272,43.5994601787238,47.7716752994573
791,36.5630736898839,38.7179109289455,41.4475166091453
792,37.2307817183416,37.2196777715867,39.9749489511326
793,39.1949867784793,39.6450847548424,38.887945090399
794,38.9883951726501,39.4535064482757,38.7428479267288
795,39.5355459898848,39.9234489110167,40.2765571689519
798,46.9629099754121,48.1344537733708,49.235473703573
799,38.1352176595924,41.1525545802904,42.3494090387555
800,39.3436426785146,39.7313128589449,39.0902304128044
801,39.4663757396947,39.8989687176004,39.7127548521698
802,49.9446554905879,50.0139108391122,49.3901152285427
806,36.8861196333083,37.0904499834392,37.0109913560613
807,37.4831257426957,37.4170440810612,37.0841404812551
808,50.4443739805348,51.5624290903331,51.1882195659441
811,39.113257388154,37.4206276660441,41.9756365960735
812,38.5170950189367,37.2946683847927,38.3591516651215
813,44.7330657480341,42.5678392334744,40.8921708734706
814,40.8952868053715,40.1579263755475,39.349163252247
815,38.2382771951143,37.1423268515882,36.5203594419382
816,51.3871207937665,49.9570416079298,53.1685599581133
822,38.1807444857536,40.6057031775963,43.2391143339211
825,47.5300453733795,46.503879655206,48.1387185559451
828,40.2239659429414,38.824907212796,39.9404555191308
834,44.9025141467182,46.3878035202308,43.2940178465954
838,54.0470469255059,55.5068950529105,56.0342536747415
840,42.1844356389128,43.3463842683116,43.0145321335796
842,40.2021829484568,40.0082874132622,39.1936286280119
847,49.5604523123977,49.1807581286446,49.7621632700631
849,43.1869276077128,42.1793897252433,45.4431580431941
851,45.8403742353862,46.1032854864482,43.8037409445296
852,42.952156009461,43.7765376148859,43.1453775596053
854,42.4357042009223,41.3826692517162,42.1767906143311
857,46.2712411848952,46.1899393641568,42.9308442990857
858,45.5668636671326,45.7077364639681,42.1654173611464
859,45.4782694063408,45.4816044274855,43.5593040376378
860,44.2001917766121,45.7140720092355,44.4624206699841
861,44.3987329283141,45.3176635248478,44.7668099008308
863,93.8551814967858,78.0812060598237,110.418785013426
870,43.724061417181,42.2347677146299,42.6593510419639
875,45.2614251729427,44.7310067771989,42.2143131849948
877,40.0881872285557,39.7001535270801,38.2520694565548
878,54.5762118982163,52.2375570181966,53.171380354931
882,42.9303270167841,44.922571789122,47.0373013913143
884,41.5893891249666,39.2311529289304,40.1693103205315
888,58.5112764249661,60.673301041558,57.288382565699
890,55.2398749348611,54.107390600738,55.3611891806755
891,43.8500885481707,43.5967048317186,40.8643204309827
898,44.6650583446781,44.2878933232528,43.3193788096582
900,44.5894480261514,45.0305573501435,42.7529765104026
906,71.3555183820991,66.2747801438209,71.9167624813504
908,43.1007353353895,41.6351440902072,40.0537616922304
911,54.7852680839557,55.4221970890933,57.9073858939738
913,60.039117043577,59.3425474664957,57.1510537070866
915,52.4724507019769,49.8809709689585,51.6890714226213
916,42.9061974836964,44.2268553302938,43.0537472421344
919,51.116180116499,49.0843553475634,50.7314162461675
920,29.8932815945584,31.7049160027118,28.4608081806275
921,34.3980189654792,36.9685884663525,33.3392395507134
924,58.2542425739401,58.2450228930081,58.9817754220806
925,57.9728162040476,57.3322164619269,59.6231118332949
926,34.4984652091107,36.4077412226525,32.1340697318789
927,54.9906662569872,54.548023277508,54.4606746690032
928,45.2989435040699,44.1270279202381,43.6866327501043
929,46.4415713282872,44.8583695469492,44.1621937118145
935,45.051090196531,42.8893393663755,40.4057681209852
936,35.3111757984483,38.4322551256441,32.6544578733517
937,36.1627026631219,38.793695817737,34.3084379285556
938,35.6003110835146,38.1803328646986,34.8815872958053
939,34.5366236651363,36.4282131991358,32.162948561554
942,45.5829420607577,46.4000797728033,50.3907264412835
944,44.866523370981,44.3855658747184,45.5196669875562
945,43.5519976711907,43.3206135149937,41.9604650135082
947,48.5639399839736,47.4813753286562,50.7909612034546
955,42.2521527604548,40.7325018054717,46.149301141221
957,44.1197635075549,43.4355556736191,40.2514158146547
960,44.1962371510848,44.7953096064221,41.3363195820885
963,37.808593117342,38.0795600411218,38.0328313055937
964,51.9071901391253,51.9726014620153,53.9093574636179
966,46.362512621629,45.14443086647,42.0676238779859
967,53.1305751899995,53.268543471072,53.428950180332
973,56.8486941521004,54.5644547153934,54.8974665973381
974,39.1981339213772,34.7511929838929,49.6707489330712
975,59.4526174353614,55.8779669697042,57.8200343484421
977,43.1903853928188,43.5844925138947,41.5658406738045
978,45.7329611074101,47.4990841079691,43.185610415483
980,46.9652763761457,47.2328145287659,43.0449076220644
985,39.4356587426461,39.0617785975401,37.0349568154378
986,43.4089939445324,42.4274728005385,40.9860138239569
987,56.5363111295059,54.8862416623087,57.755208650284
988,42.8699761851236,43.0210204212649,41.8641593490581
990,52.6249673914343,51.1139783295994,52.183152116112
997,37.2890019884093,36.8023528258839,37.4153801769102
998,36.8283303035286,36.4412099115877,36.9603449520054
999,71.319453929902,70.1249304374808,69.8254700963462
1001,68.7264881163181,69.4019128889067,65.7880076314006
1002,55.4142664059597,57.9135966535232,53.6447189569677
1003,32.6296614018545,32.2680619119772,32.536966015675
1006,59.7187521074436,56.2153021687288,55.635846572466
1009,34.2796136911927,34.9611548284004,34.3435822343006
1011,59.9110934176799,58.9283076456104,60.5299882476932
1013,49.5278736726518,47.5756895152379,46.5443973661517
1015,50.1568013987584,50.3449195300066,47.5735981056269
1018,52.4318201797474,51.7224871923461,51.1596718115108
1020,37.1074423423014,39.6334766698444,33.5425680578613
1022,38.6096125422501,38.8943104960804,39.3966679151515
1023,33.8238215635776,35.6917945083783,30.2895412086324
1024,29.7179880338429,32.6723471714909,27.7674674987755
1028,42.9789629919709,43.9491976966813,44.7262861670076
1032,42.3199903808485,42.790400163608,43.3804803958326
1033,43.1682378613015,44.5431691811782,42.5836444245621
1035,42.389453461199,45.3957791619309,41.3773413405015
1036,53.3885906397198,51.2519118300891,53.8133113222302
1038,36.1851119192677,38.8580763297455,32.9350124175922
1041,34.3363144658796,36.6169127233341,32.6154322132304
1043,58.1783786409899,59.0691034485926,61.4879109733377
1045,47.2408075768584,46.2094809612397,44.0127535463295
1046,37.6579785683139,40.0496924178565,34.31105047925
1047,34.7148985826352,37.4222898532591,32.4500214138715
1050,35.3642028604472,38.356879350333,31.5057722793596
1052,43.2020498270504,44.9835112500898,41.9128357268573
1055,34.1807004628183,36.9389806195145,31.9731978033411
1057,44.2432744196511,44.1964839684661,41.7629013965145
1061,58.0447955835033,55.8744431224748,58.9205831734673
1063,44.9050912139363,45.8026468500696,42.0307443883117
1067,44.6189195896493,45.5299092437899,48.7494139669866
1068,40.1704098719196,38.973942477365,38.5024660514288
1069,43.5585098499816,44.28367547728,42.5181631729791
1073,64.2470322579792,68.3807444290276,63.4758309879766
1074,52.4650082879259,54.1987187022162,53.9135575281244
1075,55.516788177932,55.9282418297537,55.6367617328888
1077,53.7163396059385,55.362709991844,55.485896615694
1079,28.5709615950716,29.0066286058507,29.7582247911866
1081,58.772191605986,58.3316577659498,60.0670500262099
1082,67.0747399627786,64.3665586435991,65.6259048358138
1083,42.4415525197484,43.6607164059203,41.028084583768
1088,57.300476675994,54.7790839507741,62.1823399275894
1091,34.5734597429365,35.9646864414929,32.2830197066283
1094,38.5579282550876,38.8967931323484,34.791552705855
1102,34.8654916920801,37.0226852437629,33.0918575528083
1103,40.6462211802141,40.551295885989,40.1985181566311
1105,32.5811512666895,33.8178096898985,37.8272553143078
1111,36.0247855149736,38.014988660784,35.8271069326375
1112,36.2979844583275,37.9969645217723,33.9142986638107
1113,37.7231983779603,38.9353071335381,34.5383542995219
1114,33.7804772161093,35.544202354864,31.8330733087628
1115,34.7892325211848,36.4972726096041,32.7951555214299
1117,37.9697675809913,39.2939702826527,34.919376516667
1118,56.1153622076561,57.0223654206054,55.8779972468899
1120,34.4617094553602,36.2331518195135,32.3774097637781
1121,32.40154878949,34.6871213976244,32.0032005572884
1129,27.0753917694782,29.5626748950353,30.5631646129827
1144,32.9282761942213,32.8349972057551,35.1926752043457
1149,56.0658783806338,57.2349737411482,57.0156347696278
1152,35.2568125529364,35.9354189579858,37.3288111565312
1153,36.1698592241161,36.8353942900769,38.4109986747886
1154,35.6738937949895,36.3092143062995,38.6823871284073
1156,35.8443902045459,36.2046150959461,39.3049330341417
1157,37.3340943538418,38.0375430127062,39.1051137012993
1160,45.6740505334083,46.9694111894164,49.6797253994631
1162,30.7386727299254,34.9688578734344,30.4975427938113
1163,41.6740780068892,42.9692920599389,40.0762865066577
1166,39.9118578806641,41.29788807098,37.5728343318759
1167,44.6362791977385,45.5531621342814,47.4260836693879
1170,43.4218550538999,46.5955268147973,42.6106828879204
1172,54.5150662788119,54.355187800712,55.7512799002779
1173,58.8898712177267,58.756354471622,60.5957822857676
1174,69.6845230641552,69.0968776199941,68.505328617829
1176,48.1937819045171,47.2326749588938,47.9988025527989
1180,40.5901447011636,40.8173509524031,39.690235773228
1181,34.6465271898709,36.5476457612983,35.5369660186026
1185,50.6547846345948,48.5909196489201,53.9435051380964
1187,43.2496672353665,44.4723587840265,47.9189316467743
1188,49.4205200579943,49.0969519332466,50.5199103612118
1190,43.2180858513148,45.856022777725,45.7149043919857
1193,46.832878926262,46.6140393644987,50.4444109626642
1195,31.6967740126124,34.0065159448136,29.9711496277767
1198,74.1140681428195,69.534816769981,76.8300228149534
1205,50.291331634077,43.0928201815332,58.5552934808464
1210,65.8665540087206,64.6762570686224,55.8966243480031
1212,57.7676130477885,70.8847604477869,65.3514204473127
1213,55.0275459254462,67.7736676735985,66.6983845253621
1221,42.5957764627877,43.261251259109,42.1624884836801
1226,88.7926722909833,74.1924961868208,71.2400632087165
1229,64.9763648686733,55.5152700291692,52.0009177842941
1232,57.8537968687767,65.1069353098192,64.4221843925327
1233,48.8668145923727,70.7991386600552,65.7740304006825
1234,100.900018031582,38.866160617772,60.7780534742821
1236,101.282305721128,39.9168668257935,59.4986703980984
1237,63.4386726051162,68.1525408909292,76.0988921823685
1239,70.5141547456046,65.5031390015847,71.8595057170701
1241,54.9273773160251,61.5937189066335,60.8807089534978
1242,56.6236774593735,56.1245367870197,56.2144184818533
1246,82.4028275028509,85.9475260079853,77.1813158979945
1251,45.7531717514255,50.5888325570058,54.2650366588624
1254,83.026237227059,76.9142724441499,74.1873272577556
1258,56.4081204225279,61.8236830450369,62.5015755080869
1259,58.6086060617572,67.8365177781234,74.6744438887349
1262,70.0017078014466,65.7138093654212,67.4365790363059
1264,32.1429388635124,53.8169482852118,47.8233122460041
1268,67.2682646131093,67.5666730638586,73.2810025018221
1269,62.1801608885394,71.9127564614737,69.898460064344
1271,56.6750804425869,61.2574726413295,64.6072640730487
1273,-13.1410770686107,190.829024275457,232.284503685852
1277,41.2190288693949,41.1356963136641,43.4442562644443
1280,47.9300745364526,52.3243484354134,44.9810462694146
1281,88.99654862846,69.209472106073,59.4085225131068
1284,58.9184451078781,61.6624356956308,69.9432114678179
1286,87.1325070191233,74.88953213688,70.7202384786812
1287,92.0364751546367,63.0788359077815,57.9879528200425
1288,91.0401114163433,73.3781406310409,73.1307424435603
1290,91.0180937794503,63.1627828254386,56.5743964785063
1293,73.3531045468039,81.9269483582102,70.0054894225645
1294,72.0623092449744,74.4611335350146,68.6627635246588
1295,66.6501397800819,66.9895476217789,68.0504365279104
1296,88.9168642006516,73.710914587833,68.7841154634208
1299,84.7253917253402,76.4387060702502,73.7143363189632
1303,63.3629402212605,65.9452804856392,66.2422826700431
1305,69.1640316712728,58.4461980191809,68.0834535883602
1306,65.5631261359729,59.3160224430667,70.8036671218241
1308,65.7305859836042,73.1328417432742,77.2615515195783
1309,57.519195453408,54.5656916478056,63.2859777967256
1311,60.1595051032948,70.5669870421807,67.6465598267665
1314,59.8063275685022,57.1775646492315,66.0330269677459
1316,83.2601346422027,79.7066746832716,72.9267600036324
1317,74.2798061921555,80.8663162285411,74.64761479332
1322,59.0273978823182,66.8295820964595,68.1646884160054
1324,90.6319994088772,72.5150530095489,68.0203986343961
1325,93.0916129305624,72.499188343425,67.8702176626754
1327,76.4785296342025,69.9043801753323,69.0066404678638
1332,59.2501421247505,68.2118206303821,71.5012753056605
1337,90.7753105719457,63.2445530154946,55.4976522717813
1339,84.1212485630276,76.2779007346653,73.810417153602
1342,66.0381950906904,68.9724310272177,76.8132821416096
1344,65.6612432177496,79.409601879197,68.8590996845424
1349,75.5897622899943,64.7150638872754,72.0435265142686
1353,28.1213400310917,90.6233172067714,73.0354791322814
1357,62.7138535224658,58.186547544623,69.7943240814311
1358,58.8285025873138,59.8359963607327,75.3508771993347
1362,97.9099602039751,83.113713635199,75.061615502386
1364,40.889416876963,78.8376541108501,59.0586295247981
1365,57.7003118996508,68.3331166956596,56.805610939154
1368,74.5180591520439,97.674871108773,84.751631977797
1370,74.5300985732199,97.928073664134,85.1887400103097
1371,158.447885448186,74.496493766097,76.6171088108717
1373,30.8065757852346,38.8742140552768,38.3684924826405
1374,158.766481737228,73.2760873735479,75.322511777701
1378,29.1246054744879,57.5851636907046,50.5903180994925
1380,89.2229892373525,72.7926876290931,76.4299590349044
1384,-1.6816044789648,36.994093855179,46.7805304922285
1385,25.8781186438491,56.6948249520356,46.1278534309137
1387,73.4744764778343,67.1179953722731,63.0625842000538
1397,77.1514806289888,64.6203689768226,74.8633514064479
1399,58.2183751377422,67.2541128771663,51.3630944722328
1401,76.1716770097555,70.4759968908074,70.1086736324881
1402,87.8165280608919,74.5197109378423,76.2659019888545
1404,70.9198616998169,51.4187132427232,70.2949779335175
1410,75.2099590501332,98.5038484581473,82.7866024420982
1415,39.8995765318296,49.4096284442003,33.7671325196681
1419,88.126805889473,73.3012430491453,74.0969022124442
1422,105.44762143198,78.5564523572939,67.7166026536822
1424,31.1461119842043,69.9002927801939,82.194786510689
1427,37.6438507722887,59.5215262985366,47.9516017946154
1428,75.6722122029678,68.314194755163,64.1232008136239
1429,159.251758101134,72.9878159006912,76.8081326581235
1431,54.3606709049398,68.2013076670009,67.6010139654762
1433,65.0983206710598,69.8940974650031,79.126015115045
1436,79.1923267493139,68.9257289971156,65.4819106467682
1437,75.8963673845824,82.7756219451003,73.1159729501541
1438,74.6942450540027,80.5555518705969,69.1421823517335
1440,62.6051073903109,63.5777717626588,63.1339352245158
1443,43.6226999584296,58.9336646698393,42.1712166330166
1444,34.3654264072566,42.3948720876415,34.6204215353933
1445,68.1522995783228,82.2205188329754,62.8443336683374
1446,77.2582470026898,64.6150474213773,59.3550240041998
1448,65.1887990887508,71.7502429765245,79.3416465586346
1449,83.053550070028,77.3657578236871,75.6977167068315
1450,68.1592690356563,92.7921785364888,70.9076233483303
1452,65.4241641954732,73.148392400004,69.0648901174153
1454,85.5609913709088,79.6271301518645,81.0485777835628
1455,163.588694956954,81.1528596769858,74.3970677061418
1456,69.6215920664683,82.801448697981,70.6978528532239
1457,64.3381800823672,78.0533918686579,66.6425066549358
1459,39.2639996417565,57.4783134619775,36.7155214484008
1460,49.4071725964568,52.5861264651776,48.7158134403121
1464,82.3265544144494,83.1182001235047,77.6566352885653
1467,37.8739001359481,52.9588332182266,33.5677740390864
1468,92.4941438548594,86.3482184342156,77.12663319039
1470,95.8951790751635,84.0222305677853,75.3025823919523
1472,97.0946901268399,83.5666080427582,75.8503841178
1476,158.423652845551,74.4553586439761,77.234568974184
1481,75.7213576846816,67.5823434530321,69.8528438050182
1482,95.1056090651118,74.2694374505827,68.8779966383957
1483,88.9460649755965,79.1354035556778,76.053425609243
1484,87.8531271877946,77.7970903822861,73.9401684989037
1485,69.2990958583468,70.3841385322849,69.4006729245369
1486,80.4699023571739,76.7608769611652,70.8606539879642
1489,63.4410427179037,65.2975811882698,68.2653823819751
1490,71.2621940007566,74.5530563411576,74.2274860668121
1494,86.2933335740881,78.246337399125,74.7535316309759
1495,158.648955554352,73.8752767232563,76.6325872791489
1497,81.9434134527869,106.16361352332,86.1444928317236
1498,55.7935270886665,65.5987471730332,62.410463975482
1504,58.1182499504848,66.3823535783031,63.0734533645284
1508,66.1481263662345,58.8904731291295,50.4314233930282
1511,87.529272783705,57.4442832598816,60.5387532340617
1512,76.5909653260799,106.501942036106,86.1308904297438
1514,31.3112333385425,51.9229281538082,47.9368673047211
1515,31.1161887524686,51.9112623688907,46.4993530537782
1516,35.1415472274115,32.5093494963667,36.6737768707791
1518,37.5996337055212,35.7787829159167,34.9189080591423
1522,35.6515113433045,35.6729892504561,33.8447404410037
1534,35.4497034649237,36.0864480598423,31.361837827528
1535,30.9410119588284,33.3041703463564,30.0438501877166
1539,35.4613871049958,36.1068729982533,31.0600477206314
1540,31.9267219488163,34.0877644472698,30.953589087478
1542,31.8472391862412,34.0556476765264,30.8729864622612
1545,31.2618634884079,33.5167806439899,30.6801096515464
1548,31.758200743539,33.894135005673,30.8136399490276
1551,32.7888931101622,34.7331259394475,31.7095043767549
1556,39.6291650136258,38.3366616986343,36.8436696686848
1557,34.2397087141851,31.8246552346704,34.6575899535241
1559,34.8365406295648,32.496656269614,36.2868530002255
1560,31.3272114021612,30.9856638772922,35.8454141342948
1562,31.8157303673007,32.9097409739663,23.9218285756224
1566,30.7517630182082,32.4227294254201,28.0232204964724
1572,34.5937553437547,32.2632711174117,36.0977527425768
1580,31.4080872615217,30.4705502905379,35.0785346197597
1582,33.0359292096325,30.3852453359336,34.3554698810643
1584,23.4506063781864,22.5181811567804,23.8427286896857
1587,34.3712678416886,32.0255005432869,36.2865179716783
1588,31.7809272374087,34.0346500910057,31.1151513041544
1589,32.590469110486,34.6458399496173,31.8321294698551
1590,31.4753497461446,33.8709940589547,30.8834155384957
1591,32.3698463277552,34.4228328345596,31.0346826208616
1594,41.3368997860894,39.2239390274992,39.3978182298314
1601,26.5777495965414,28.7224956829032,26.3761673648197
1602,32.8770308364276,33.5072021488274,32.0768165583441
1603,33.0374413123898,33.2855557122118,29.5971637670837
1606,30.8905666893372,33.214255535808,30.0912984923268
1611,39.0105513582233,37.5720820978331,34.3855273623995
1618,40.0871844847119,40.2714990988795,37.7111633240939
1619,41.7945993850473,42.7590430166686,38.8728116159842
1622,41.7071414599229,42.7658864401371,39.2101838366622
1623,40.9758198772024,40.6907502400097,38.088154069384
1630,29.1897070377739,31.2407009544811,27.263335250137
1631,35.1399880197437,35.2621437998821,31.2727573440824
1632,35.0047057456648,35.1193505884075,31.166286826182
1633,33.5183201963822,33.6989659595474,29.7197070710669
1635,35.1525141562324,35.2753653935372,30.9842346277026
1638,35.1424932470414,35.2647881186131,30.7643356444944
1640,34.5487543774731,34.6380845793637,30.2970483714869
1642,29.2671992905071,31.0865291704119,28.692059839553
1644,33.5190837251968,33.6993851821526,29.5170354086535
1646,37.1704325369302,37.5543633175787,34.8593425371131
1649,34.667363782474,35.4344944052839,33.1228178308478
1651,31.1214014460897,33.4662847490786,30.2724982818349
1652,34.9976391262805,34.0201570337272,31.1482470551303
1655,34.553733525242,34.6754968904736,29.2188444048725
1658,32.4831453246236,33.6962073656787,31.5982937352178
1659,37.7720483974101,37.2411255387256,33.1695736921189
1660,30.8080912464117,31.1608439401123,28.2838250329424
1663,33.7108729596943,34.6991679787488,32.4243719815877
1664,36.9586771512051,36.3843882009517,31.9953238156546
1668,34.4920603076906,34.507322685065,32.5820779418128
1670,35.091184428118,35.1470581099729,33.7280547948795
1675,37.1682886186506,36.6038447245521,32.8829463466711
1677,33.9972964972045,35.7044316546344,32.6055768027315
1681,34.6368863954035,33.6393751364617,30.652313395884
1683,41.1801556178247,41.240876098459,38.3157747961887
1689,31.5218616212568,31.7738023670449,29.3142031363178
1692,31.9277084434933,32.2021820014686,29.1232213141737
1693,52.4879540765087,46.817784144549,61.437227890072
1696,37.0814332887951,36.5139598187711,32.3039482304465
1708,34.4114159386054,33.4013864506708,30.4748625327166
1712,32.0579802629767,33.0408316662267,29.4318520792212
1717,32.0404436718924,33.0223214351097,29.4216968423822
1718,32.0229070808081,32.3026661132469,29.1981450119555
1721,34.0043296437291,33.9927132256787,32.6488100523686
1722,34.4487369011381,34.4861551700658,32.5448014747101
1728,35.4190533990205,35.5192643971482,34.7495116366572
1731,33.9354755242947,34.1033138762493,32.3600062812646
1732,31.9527607164709,32.2286251887786,28.9309257985693
1734,31.4917988936836,32.4432156330186,28.9759883689199
1735,31.4542204842173,31.7024057613078,29.2609678773675
1739,31.1836559360596,31.4168193383587,28.5376334657213
1740,31.7373111688638,32.0012137779117,28.7613616404316
1741,31.807457533201,32.0752547023801,28.8165685756392
1742,31.3464957104137,31.5887000558744,28.6657924224533
1750,30.722750732583,31.3423108083505,28.9141417867233
1751,31.8044468998548,32.1273685805652,29.0426564216859
1752,31.6753565296536,31.9035191878634,29.1817626452329
1753,31.6359128521318,32.5595656571829,29.6372046836252
1754,31.9377293526844,32.2127592763925,28.9190957410248
1756,31.3314643466272,31.5728341434883,28.6539623649088
1758,31.4842832117904,32.4352826768256,28.969882773393
1764,31.4492100296218,31.6971171238456,29.2570245248527
1766,31.9978548078305,32.9773680166825,29.3870984677299
1770,31.3915898017734,32.3374428837781,29.10659270674
1772,32.2032834462466,33.1942021526254,29.8073185578565
1773,31.8675829883472,32.8398634426701,29.4932804234425
1775,32.0254123081058,33.0064555227236,29.4094856513285
1776,32.2057886735444,33.1968464713564,29.5879136145604
1780,34.4061406023224,34.5994696702405,33.3940752124542
1781,35.0084823178689,35.5297602108099,33.2680975705816
1784,35.5627396156791,35.8163759188697,34.9015431002726
1786,36.5422847188941,36.3398727489855,34.8433038163927
1787,37.8178742613305,37.4887497163618,36.0066503557965
1788,33.8683495270908,33.8079831924199,31.5791339789501
1796,30.5065921026912,28.893354837885,28.2917660136768
1797,30.5316443756689,31.7243783881788,29.1726399567734
1802,31.4502531923757,32.3556138358736,29.4473109667214
1804,30.3938568742922,31.5789408579733,28.8486917606021
1808,30.0634404215457,30.0002106291502,28.2556972167167
1809,34.9995503004454,34.1767599705613,31.2277881780287
1813,29.7745858276396,29.6627333877989,28.142678276737
1814,30.6179312482553,31.1796169728284,30.3273104041986
1815,30.7112525720164,31.3316289423246,29.3293837472526
1817,30.476322517105,31.7670563581407,28.7230717979516
1819,33.524432039977,33.4608859271916,32.8679734525259
1829,28.4267883354366,28.6130717678011,28.9525156881302
1830,31.4024683251488,31.6796590874726,28.9846751077084
1832,33.998390932736,33.7269554381674,32.5946309977032
1838,35.5436397167409,35.8426334451451,33.8065246752471
1839,32.596623835382,32.6455518240477,32.5663627587302
1841,35.3695229521554,35.6032021238095,33.705257818612
1845,30.5487451965954,31.0381036536012,28.749850006621
1846,33.7092715979036,34.0788668150906,32.4832607763569
1857,29.6505136875735,29.5675379134825,27.4335000038313
1859,31.6619045490048,30.9109485973602,29.8057163967205
1860,35.2642270415923,36.0403469875164,34.1317276068235
1869,31.4690020470775,31.4084811458183,29.5058102634788
1870,30.8361912903556,32.1239085544123,29.4226816769779
1875,30.971547920491,30.5491117588031,28.3348283400345
1880,30.4329750438578,31.0361446309971,28.4740577422957
1882,31.4965595473529,30.7364235611135,29.6723506003146
1883,30.0724196110883,31.3584727566629,28.8222595957149
1884,31.3405335757142,32.4931328289024,29.7599163105096
1885,36.0535848682568,36.6053569994551,35.2970303189769
1888,30.9757786896565,32.3105320909281,29.3427286624861
1889,34.1779767589824,34.8413371222975,32.025025585609
1892,31.7749820793955,32.809959543574,29.7671487854794
1896,30.7408871080139,31.4303048629035,28.7435837822385
1898,30.7133296077386,31.4012173568624,29.2398483214677
1901,29.0017012499334,29.3398935849959,27.6935257618392
1904,33.6389677978059,34.5919029821134,31.3697444697679
1907,33.5013660806728,34.4413107917317,31.2650353474253
1909,34.0870900710089,33.4701385017731,32.9898772769111
1911,32.5578659406777,31.5155191984775,29.385929536944
1917,30.1536300473705,31.4004425773373,29.1812946422769
1923,43.3878195797651,45.4936551481715,35.4028863127415
1924,30.0258634551849,30.5644372313102,28.633183623178
1926,33.0264489948482,33.1638926530718,32.5998552057072
1929,31.0579957401027,30.9456725706495,29.4702598927815
1931,27.6814865095823,29.3358111946768,27.7397520250405
1934,44.2203708003459,47.2449271022342,40.3872495451865
1935,28.085236029983,29.8216649183501,27.6120301296034
1938,30.9350704251165,31.1602963868736,29.8734361862352
1940,42.0034428872776,40.0980804987312,40.0054621653469
1941,37.2606606642024,35.9698293887461,36.3249060453054
1944,32.4564168001054,32.9990402455742,31.0452593402207
1946,30.2370511539439,31.528172538048,29.7010448304988
1947,30.5205993163836,31.4523041906184,29.3061039428127
1948,30.2386426032954,31.7369922607165,28.7077444388942
1949,30.1854066558634,31.4086161180014,29.7080292760803
1952,30.4407438861707,31.0248116044593,28.965997446603
1956,30.1984177917226,31.1597688191796,28.4528693347273
1957,31.316435091867,32.1864180076459,29.4222340678753
1962,26.7972095577273,27.6988191586015,28.5725245350064
1963,28.8375279872763,29.8852509099206,28.5390758541402
1965,46.5480294091061,43.4685106260076,45.2359876555111
1969,30.2084387009136,31.8714911848492,28.7679089248615
1970,29.7878771332881,31.3709793701344,29.2311112994488
1975,31.7789052699959,32.2846529741703,29.5708633650726
1977,29.7761786223653,30.6592789355379,28.3824852213293
1978,27.3565917329229,29.1656437586209,27.8093238027735
1979,27.9000930738086,28.4559980797283,27.1821984675637
1985,27.4304702899212,27.3539056618947,29.0782137346986
1989,29.1745407486433,30.1310670215375,27.7315207128414
1990,29.5454951600317,31.2310058158669,29.0745902201421
1996,28.9991748378003,29.945964710367,27.8055156530008
2001,35.4915381819673,36.3524488638679,32.7885357537556
2003,27.4120755216481,27.669395111247,26.3214142299028
2006,29.2909471612591,30.9546559138296,28.3721012705655
2009,33.5299452078236,34.983092388233,32.1818933776625
2012,27.4138645708078,28.2577251349985,26.3691889606812
2017,26.1739591180378,26.9490418529138,29.2828456624128
2019,20.4121417954418,18.1693155869252,27.4348716639159
2021,33.262834042382,33.1357138025364,32.7951792319107
2022,33.7803333007869,33.9798080775292,34.1477072294342
2024,33.1994087357289,33.2975978683742,32.9574877326091
2032,51.7859434698697,53.3688187404291,48.4314090598763
2033,32.3361642428877,32.1077556003327,32.1369706333746
2034,34.3786333662118,33.8446185076559,33.6130438529939
2035,34.5046492492545,34.6339218392236,33.6596492347373
2038,34.955107170084,35.8536829476589,34.8295780829511
2043,37.0264744192424,37.3717488764064,35.9805225639446
2044,35.0240085264358,35.142009771592,33.6241843125827
2045,35.2867765168038,36.0759337714048,34.4257226343634
2046,25.5446390690652,24.5476342915642,27.8688155389741
2047,26.9507818267696,25.503314245731,29.2166208213858
2049,37.2759686382051,37.4380787887096,36.1636727789789
2050,36.3525709779033,36.363492178871,34.3196932580459
2053,65.306504059778,67.1329781779489,61.2401528140204
2055,25.5471663651871,24.4714034780511,27.834548355642
2058,30.5177824096742,32.0633405449987,29.859804836751
2064,28.5509245646883,29.0421524475587,27.8608308086301
2066,46.2790313167832,46.1224511788857,47.3989638260412
2067,50.8926321852138,52.1520254223487,49.6241161375138
2070,28.2597768736437,28.4249874054292,30.4469334336267
2078,35.1508876292155,36.9932275250089,33.5551414430019
2088,30.1194698119419,27.380142112381,35.6822485370569
2094,34.1943296342344,34.0555822389342,34.7594251309055
2096,34.3657289619034,34.1643755948428,34.9312876779047
2097,34.2849849363187,34.242351591495,34.1155029127483
2100,55.0729139267963,53.4700594649964,51.2643139594018
2102,79.497988006244,65.4024682908221,97.3554064885587
2103,34.0292386127711,34.5907757346754,36.8016169180302
2111,34.1275138645207,34.7396400634982,36.3029343068661
2117,47.631728575204,45.5315110935694,49.9118489593759
2120,48.9362611478208,47.0381914883428,51.3540468390248
2121,46.679851659815,44.0496811242126,49.8660219507897
2139,34.5056156094696,34.3997343240353,35.7070354818177
2142,34.6127963959059,34.5690687917565,35.8085234132919
2143,48.4492238398503,45.5310974596173,49.3142500708199
2144,34.2203030076753,34.1758119100243,35.4722424613873
2148,58.1055246736546,56.0966177127887,52.4487936206508
2165,45.0928589688801,47.6856146026241,38.8799845202625
2172,66.198143488451,40.5852026366902,55.0853816519292
2208,23.4715227279521,36.4887346120286,42.3432173942189
2215,68.6329985684051,42.9049918212568,57.309114263318
2219,39.2592547499123,30.0533867800714,38.9558711058329
2226,70.5923064960471,35.7796696484456,48.1078340165536
2227,23.205695214393,47.3522053110883,33.7996967872774
2228,64.2178619452543,48.487049190484,37.6495180085177
2231,63.6145070880038,39.0839317005702,33.5182975113577
2232,36.2773446829995,41.073462598526,46.5968942139078
2233,44.5520040302345,41.4627065051227,55.2072159337967
2236,39.5910672503242,46.1726164607517,56.468175632628
2257,44.6835538553988,43.8950951662252,42.3886016104595
2260,43.9079336970622,45.5609239573005,38.4398948424655
2261,43.4963862351316,44.9239731081959,38.1701276705065
2262,51.3001549262787,51.5991113626169,46.2009685301214
2263,43.0822652647589,43.1397189853174,41.3765888845063
2268,44.6153393648,46.3790715107039,41.3147671938213
2272,46.8836310497504,47.0497498089262,40.8984000883552
2277,44.7293790194827,46.7113970102098,41.9649773686337
2278,44.7027431506012,46.71648825029,41.2310897212042
2280,45.3604936068341,45.9165109413416,44.4556197893193
2281,46.8591597181277,47.0253223979641,41.2676061109623
2283,43.4547032759349,43.4754298322578,38.6900947155676
2284,46.1570954530481,46.368990492296,41.7060121327489
2286,79.1917606038425,79.9963997386762,70.9810319186043
2287,46.8877589100931,48.3294881910463,44.3733779330476
2289,47.0184871706222,48.8409671724603,44.1821618773443
2290,47.2765603520801,49.4734244382996,43.1649226357825
2292,65.8482264119275,67.7346145361853,59.6750724936137
2294,48.5035874914234,50.2979496406642,43.9723859884281
2296,68.6473585602838,69.2916419849785,62.0290378041324
2298,68.767141665529,72.197178593899,64.7125428974916
2300,58.6926372468283,59.0189434347317,53.6152987990437
2302,66.3262346957703,68.7913212084775,64.042641440685
2303,66.1551348331641,67.177201808084,58.6472680547761
2307,66.7890762115723,69.9901195338693,62.7747440975403
2308,64.5734898232595,67.0642173614806,59.8505724471591
2311,70.7742791183881,69.6605467398047,70.7312390236509
2313,78.6802875051743,75.529341454941,71.8528292081537
2316,43.3401529374255,45.1971023983006,39.7197430205848
2317,43.5394165581549,45.7178845528049,41.1137875515271
2320,65.2688599586238,69.9480804427828,59.2303281356232
2321,45.283703716252,46.81890732739,41.7432196818068
2326,39.0500799936776,40.5071166438659,35.3905701815722
2327,39.1502890855879,41.3140344838523,35.6020189547095
2328,39.0806438979748,41.2531490588226,37.7387081373391
2329,40.2081474682154,42.1360001592013,35.686073726989
2330,49.3324388017764,48.7540480878474,50.0304651754554
2333,53.4915884897896,55.068170712997,47.0951054601779
2335,53.1136977384076,54.5357691784168,47.5120033501569
2336,53.5043034659755,55.062136535229,45.8188494071
2337,53.5840990810716,54.5956391704483,50.4620551192143
2338,57.9934341174632,58.6438064306387,54.3308197964876
2340,51.664458149178,52.1212036355648,46.7624529122367
2341,51.1560767969341,51.5234421066891,47.2435265434666
2345,50.2794162471481,50.1843252970436,45.2466515055233
2347,50.7500867194246,50.633155605635,45.5230716672625
2348,50.6057478777233,50.5401770352219,46.6338726843259
2349,59.7740400609167,62.6745875994675,50.3070757060258
2350,50.5236121656035,51.1709183636235,46.5910538340573
2352,46.9458454102904,48.9447183312971,41.4540921434964
2356,54.809762475675,55.060961605999,51.2110589207674
2362,47.8686828966883,44.9741188705948,49.3172510472222
2363,45.3818033326572,41.7182438468594,48.3337787637394
2368,50.748324685381,52.4516833992282,43.0415676517775
2373,42.8554112178714,39.9929453442853,46.892841124587
2374,46.3774695051665,46.7575656847721,44.0915629243495
2376,46.9629388672371,45.6112804149573,44.5646803389013
2382,52.1414617195453,55.2914038969018,50.4923609683801
2383,54.0571972854137,53.7080232812602,48.7703185427611
2384,55.1911724778145,53.8516406932367,52.5927250405588
2386,52.0071138529274,52.501143472721,46.9211419115865
2388,61.1014066553923,63.5941399166563,55.220299699963
2389,41.2361399225547,43.8074818356249,37.5615254298892
2391,42.5046512474194,44.4728252521536,43.1540383351405
2393,40.3854099894685,41.9137587820437,36.2198326707907
2394,41.7302557116448,42.768511948419,37.3999848212046
2395,41.6344229491116,42.6984682816667,37.32944682854
2396,41.2354366851227,42.4543481430171,36.9744131910913
2397,57.599659537529,58.6109561022954,53.2738320307941
2399,38.8542072607227,40.3494570840148,38.0898261428882
2400,44.2245708334747,47.2927740462776,38.8878958965606
2401,47.0190086939789,49.8385818821805,41.1651504817232
2404,52.3680719935323,52.2281522886246,46.8554463980245
2406,47.5611508817361,47.3280116947267,41.5473007665788
2414,56.4995079586229,57.441477507869,53.4084847676483
2415,56.2029497601479,57.2648063068646,53.1959919619008
2416,60.7533809887223,60.488319358564,65.1838413252861
2417,60.2322714931415,68.6506596808704,61.6061148894692
2418,64.3445658123995,72.9489563151915,68.0844334132238
2421,79.398924036161,75.9026990232185,77.4524151944149
2422,58.3809120971002,57.5597695661634,59.1217705790094
2423,82.4553385612357,83.0254070961512,83.5802415477155
2425,62.1753426401939,68.355945297699,63.2114819442574
2429,55.0818518894645,53.0270122558786,57.4183896102602
2430,45.2681365403238,52.7962697634039,51.1460005531724
2431,141.361418519917,113.443227170632,162.62403045467
2433,68.7870480701695,75.8409147273592,68.6019175618048
2436,54.2847257859197,53.7615191084958,55.7523738549776
2437,48.1971428683835,53.1431071336779,42.1383440229956
2439,51.5706499663586,43.6794201974044,53.1321749195563
2442,61.0403428431972,57.9520072582736,63.4186425287187
2443,54.3860897636715,53.3434306808058,59.004468664112
2446,58.4164731303814,61.9939248764208,47.8399245936952
2447,55.5607071700127,58.8821822450795,45.6296663783646
2450,47.1560597351115,46.900837239398,48.1841509684845
2451,54.2418109229391,54.837879974627,58.25634188425
2452,55.2742685962944,58.556341850104,46.1589225390512
2454,56.5855231244071,59.9644135269652,46.5161041996758
2455,55.1701884722714,58.5572204910052,46.8527161437159
2456,51.8757049804395,54.4906955449317,46.2633850282494
2460,59.5278176207346,64.2872176219159,64.0598627375086
2471,57.4206120281913,54.1766018325611,66.7307322253711
2472,53.7419101190685,57.1417024948926,45.5963535352268
2475,51.8408366721549,49.0946133866994,57.6869095542179
2479,36.3322210380359,42.8114349362706,44.2673425451433
2480,76.2659756325742,74.2591091700153,79.7519850989845
2481,65.1744172566299,61.8921353832666,68.0908691476169
2482,49.7112445984634,58.1457889084759,55.7126914965022
2484,55.6216498945046,185.163293323572,-123.685661905367
2486,48.4282116909719,50.4403271200661,42.9583279082967
2487,69.0703841025856,72.8697712867183,68.2491475951682
2490,46.9502570739039,52.6358605347275,48.0933912833226
2491,63.2304259984871,66.5985992509484,54.9457335210013
2495,52.5265336591109,48.6048470461058,63.516566020647
2496,53.3702902966269,51.2873010329497,62.505096520173
2497,50.5100635947198,52.3384335296496,46.0364559915011
2498,68.8222069738127,66.4077707825506,71.6735152992316
2499,50.0993786858764,55.7486691841211,50.8918047140984
2502,64.1430302514539,64.5484503898294,68.6493610556676
2503,43.3236572862685,48.4166716168183,46.4221606334791
2504,68.1648672945641,67.1924926997326,71.1984995787957
2506,31.8595362653377,48.6730964691378,46.4883259933048
2507,22.830713994591,41.3561044401031,46.5154556613668
2508,75.9435393033093,73.3623528879968,81.1497845836861
2509,57.2069212326302,54.3355476514259,62.0524609732387
2514,69.430891125241,71.7982909244183,77.7486350143017
2516,64.8706390017396,73.870331968672,78.9941342569648
2518,58.6709354185475,206.578185715432,-171.937332439648
2520,43.7875392321539,50.8738050093637,49.1584415175959
2522,492.251893033196,356.806190289735,283.502236301458
2531,43.5860589474032,81.0167910187156,93.2750725675628
2533,56.7973791554832,78.90768438345,80.1246438054116
2534,60.2420263491076,77.5965696810235,83.0584713359203
2543,71.1730901163576,64.2437112261555,76.5330746257153
2547,51.7799650239197,51.3832511886922,55.9333550477812
2548,43.9804550408155,38.229460987608,41.8719358319647
2549,65.3037219053517,66.1016539154352,67.5171001934647
2551,66.9721707498268,62.9972454551935,71.3039341053589
2556,67.0669298931798,54.3185037654439,71.7900360210431
2558,73.9482087064241,58.6512277235688,77.5571645129653
2566,28.3289165130273,50.8111902324144,55.5505673991306
2567,28.7682233483092,51.2154426076959,55.4028421778999
2568,-307.591215559754,364.655417789067,218.976379688992
2569,79.4909752798444,62.8991764753882,66.1305536453407
2571,101.142404066661,61.5444509221215,72.526470538916
2573,74.601936700685,64.1897980636149,72.1340112269259
2575,62.3045519259622,66.9582212672613,71.3053956714354
2580,69.6067539637172,65.427319841674,68.3350950473536
2581,59.1884794073417,45.1488312592519,48.4740576613381
2586,70.3028709357204,71.348226827733,77.7967175052258
2587,82.6210348604764,65.2295189159686,68.4158338635391
2592,69.6331829873779,71.6783913111794,78.1007507355484
2594,75.4859714745471,77.1526180816818,81.1731941036165
2595,59.4580754006547,48.1141076505373,37.9799111960134
2596,70.2256350038115,71.2898954681041,77.6988247739679
2597,72.4296393341901,70.1734855865798,75.6795789845419
2600,42.6394805165282,0.929573121718931,43.0363992214045
2601,67.5879962549366,68.015373062779,70.114733279155
2602,64.4749017121621,70.340052184958,71.2204232127821
2603,71.3086807910549,70.7654395568989,76.4370091351968
2604,80.4131048634845,65.9545955944614,70.4357685428883
2609,81.4118425174711,42.195632159357,54.2862558742702
2611,74.760960354397,68.9257405862245,73.7143365788925
2614,56.8088241529704,58.6738071123073,63.8317180129186
2617,70.0854071929352,65.2717676018674,76.6858040338859
2618,103.87841793109,81.3216810424183,77.9372300219771
2621,66.7197377960911,72.7736024764108,79.4961754397009
2626,57.1633290592135,54.6646249338482,69.2817995686287
2629,75.2288099788748,68.7112839997499,73.4048837301993
2630,73.0019465963924,69.4795813342826,77.0158674759168
2633,80.7821682305171,69.4997220995647,75.6960657350052
2636,69.4983526568456,74.0773795826371,78.0493316995895
2640,81.3277322225003,60.8953996343007,68.2848849145811
2650,134.156576826397,70.0885793121488,74.1655074487011
2652,73.4326159770244,69.6031110743897,74.8229064020967
2654,71.4253774906138,71.1188425263135,72.1508391578868
2656,133.492146681208,70.8057892634624,76.2435626831391
2657,77.8811588731587,67.1712814517414,71.7043686143218
2658,72.7494525354057,74.2480580629999,72.0694499339926
2659,65.79028339447,73.4481731931155,69.3735375266824
2662,31.622168288487,32.1513813638776,43.5180252723669
2669,64.3702260636344,57.3787074507472,64.6575192202601
2673,113.459882098137,58.5431001835477,54.9367690091042
2679,65.4094767325676,73.0680003785128,68.9397201737848
2680,70.5589014632849,72.5372060611553,69.3544543361038
2681,52.7895281163919,51.9695047451733,57.8395735330603
2683,52.2620802549332,51.0721769749725,53.4485422232686
2684,50.3381726982889,48.5737702132919,49.971386377006
2685,98.1069341054681,85.3032659975506,88.6318501672707
2688,113.724407762453,62.6869606814325,49.8446445310172
2689,76.8683474243937,75.8509693587312,79.643099364288
2692,134.924343593448,68.2284805084983,72.670280473146
2693,74.7922905818905,65.9504471173532,74.9342906472128
2696,78.2750729482505,90.4176837616669,92.1958775731722
2700,65.8110705235806,68.4462388054362,65.5669666385298
2704,133.600135739733,69.633093103319,73.6993400836188
2705,-705.24404927362,297.951771950147,192.032494405432
2706,98.3447327810572,85.5976487518219,80.9653608310547
2712,83.6760927114519,78.0843583297574,78.1415007133467
2724,133.475002683888,69.2860082702155,74.5496629188579
2727,83.6858423777448,88.4980571119213,96.6677367788728
2729,134.616811483298,68.9815405263817,72.1346386293005
2732,76.2752702753351,90.9395826667751,91.3560590637121
