WellID,EUR_o..Mstb.,bagged
1,31.6435528123,31.3536856253
6,32.3915194861,34.196804646
8,-9.0358850762,21.2738393677
9,42.4110701127,39.8732207167
12,35.2181217143,35.0980136558
15,34.8487941634,35.3012482643
18,36.6165879121,36.4839655985
20,33.2085213502,35.4053040963
21,33.937376715,34.5649069463
24,35.2625786539,32.3784714874
27,30.0154982961,30.1194912907
28,42.035002799,38.3953195548
29,29.6617416764,30.238492404
30,29.5578956128,29.8909024405
34,29.7814096958,28.6345228824
39,27.255100785,25.2729689087
41,23.4242519533,23.4701134032
43,32.5066948559,31.3416243554
47,30.9855952935,29.943256573
50,30.653011656,29.547129164
51,22.4694823108,24.4169581261
56,28.4436159445,27.0264520204
57,28.7215360081,26.981819892
62,26.2078764207,25.2853797664
65,23.0697894272,23.9191879209
71,38.5448268471,33.6051635084
75,38.9024201881,35.3477103291
77,34.9271832633,33.0088322955
78,28.9643377876,28.504086847
80,31.1467652448,29.5658824304
81,57.543118571,51.1386339569
83,43.6471261489,40.3264385558
84,40.8332842524,36.4851724151
85,26.2670528991,26.6987035717
88,25.4626240607,24.9766408818
92,22.330740806,23.2238371524
100,24.4404219307,24.4143576391
101,25.5237097143,25.4134927342
104,56.3264665617,51.0782118555
108,29.3791508101,26.1802914606
109,32.322636747,28.1427198288
111,34.6873269813,30.6706135494
117,28.8668773311,27.6906032437
119,54.4005333204,56.1372450693
123,55.4347864681,47.2225979783
126,43.7096391779,47.051992014
127,48.7801045384,48.5866116843
128,53.3403728674,47.6832843859
130,36.3665106212,31.1022772362
137,42.60940586,37.3845637113
140,55.8702812008,57.6727911031
141,36.6889611252,33.5203954897
144,57.0627257487,52.4845580993
148,36.1627001052,32.5814389621
151,31.3290759823,35.4529086756
156,44.7596361115,40.9600651224
157,251.5001082464,287.7246955594
161,55.256289219,53.9007716112
162,49.1756453666,49.248206519
165,26.8913204054,27.7599558547
166,45.5973395432,48.1758532885
167,63.3084961648,59.8285068193
168,50.4090517363,50.0748216106
169,48.1845816508,42.0839525131
170,101.4032836528,104.1180146592
175,57.229214969,53.5204355126
177,48.6316794914,47.6400484892
179,184.7536769673,196.9195676001
180,47.817764854,46.9122935268
181,32.9764522587,29.7619547635
185,48.6694956878,46.2657877253
186,40.6254913022,39.9537492011
188,18.0544859999,27.3636954372
190,68.2092466305,62.9104879358
193,54.7916374278,51.2678730925
195,55.1495792903,53.6942786424
197,26.7507496741,35.5261802996
198,25.4537415603,29.3125292181
199,63.5651065795,58.2868276349
203,67.3628977479,72.1203339028
211,19.1650795488,21.6934074056
214,71.7125265801,68.7396486302
215,71.6286503834,73.3384457619
216,57.3050925462,51.7221968486
218,63.5811330654,63.4369155058
223,45.4208995274,54.7410172577
225,48.4092202413,50.497473199
226,41.2533737736,36.0062592852
227,43.2570405961,37.624187078
233,70.2957861883,109.503071154
238,43.1281787427,42.5838548465
241,42.9153706358,38.8570794482
242,48.6329533473,49.7385869053
244,41.5466021832,36.2962013746
245,35.2787516191,33.750142316
249,24.249527003,32.9954785395
257,25.3702328467,38.438082504
260,83.102714263,66.1354955584
262,43.1222414674,34.6763883928
264,47.5581681186,46.6208332337
274,35.8337137954,34.672135283
276,58.0289601461,61.2154669167
278,61.9684786721,58.8564265864
283,37.4027717657,32.3467149486
285,55.6438856583,55.3191859739
287,42.1284647629,41.5422789906
295,59.5873318264,63.8232493311
300,84.7115121862,61.0472066359
301,97.7683421287,67.0173333354
302,66.1276568245,65.0351754001
305,40.5890271125,39.50187087
307,22.5648099637,45.7579212343
310,40.0194581876,38.7845221841
311,37.5209494982,31.954236664
312,38.1980560691,32.9501855037
313,63.3889192587,65.7457690782
320,39.2527737189,33.8073363826
326,37.2625011984,32.3607127003
328,38.1543493149,32.790797827
329,37.3769154809,35.6821477023
330,32.5950960132,30.359985293
331,38.4926766347,32.8636106166
334,37.9124426766,36.2296092659
335,32.5184703643,31.168498514
346,37.0604371923,35.7461780432
347,32.2129174342,30.4946182625
348,101.6999339041,74.4369281186
361,60.573588231,59.3738678972
363,69.0993766233,65.0880840345
364,50.2359667087,44.8169106896
365,55.3661603964,49.4687065852
366,58.3025968604,59.9341445386
373,63.1644561101,61.5509416562
374,65.0311279171,68.3269470055
376,211.148034494,302.8573058808
377,45.2024315585,46.1166620566
380,64.3851925986,63.177850327
382,32.2992347511,31.1216862296
383,32.1085772274,30.0249456832
384,32.5457856371,31.2138320331
385,37.8603708676,37.8405942089
388,37.1372216922,38.7077398558
390,38.5035007801,33.455867653
391,39.0075488561,33.8356358223
397,62.2051934201,65.5597217599
400,65.3848998361,67.4131539092
405,62.6527688298,69.4875864765
409,58.6949509328,51.2095373442
411,71.3918998428,72.3301834708
412,64.5222931001,67.8568911667
416,33.7042001798,32.8475772257
417,68.030694864,68.3281095904
420,35.91252563,40.2349014738
424,44.8227897968,49.3480440558
427,37.8812977199,34.793486146
433,82.4901173447,70.3268355946
435,100.0700224421,73.9325491927
441,69.3065511439,68.6802701135
443,40.2086156329,43.4846214911
444,35.2107508432,38.3049773865
446,71.2362805775,72.7615483059
449,62.564475048,62.7516490838
451,40.1310540386,42.9090917545
456,49.8476352804,54.3447641311
459,35.0260803805,38.1384413026
460,70.9970063467,71.1368096667
463,60.5705403236,49.8374849962
466,31.0530790279,35.9912448281
467,40.1117976721,42.3833755241
468,42.2050075322,43.9559361765
475,46.0301491714,45.591805469
477,36.6172554139,36.7471715508
479,40.683870562,41.2691971239
482,35.1162757064,35.1005830834
485,36.5613529389,35.7090879246
489,36.3380740937,35.7063010704
494,43.8245983523,47.1306121219
496,47.3902162181,47.8462228219
498,39.4367800122,40.7294754352
506,48.1253625731,48.2945966034
508,37.0960249566,37.536788501
511,45.9367937845,46.3395539479
515,39.8545141895,40.106712504
517,39.7757556568,41.1508005979
519,45.0388908871,45.1118597965
520,42.4854256415,43.3451140171
522,39.8055114905,41.495833067
523,40.7020016563,40.5075516483
524,46.3848754325,47.4237572028
528,41.8211559325,42.999890096
532,40.0804203409,41.6959828437
533,40.4854579823,42.4578599745
535,26.4799449712,36.8790383472
539,36.1677787877,38.6896714184
542,45.9835896183,43.7976994984
544,41.4745688398,42.771610517
546,46.2292353364,42.3904561798
547,43.4995051653,41.4551688307
548,40.4324238091,42.0805553694
549,41.624355933,42.9575252107
557,45.1053511605,41.6377314152
559,36.4303521057,37.6167529936
565,51.2041621223,49.5909610444
570,35.7919044665,39.0491446749
572,50.3905647754,49.0521473724
573,45.1446451108,46.8838735587
576,48.8641204594,50.6357568862
577,43.1118552589,44.4253500372
578,42.306625296,43.1811985857
582,41.8126529552,43.2546185533
583,41.9443318441,43.3119813139
584,37.3958758299,36.3135233845
585,34.3494716269,32.6406451563
588,40.0991373838,42.4546713943
589,41.2973957738,42.6522864281
590,44.4724120074,44.7562154996
591,41.1854584793,42.4967676096
597,40.0795690257,42.4716757134
598,44.2964833234,44.4974249267
601,41.1730543819,42.6969280911
604,43.4958602816,45.2943644542
606,40.8151473705,42.8952835873
607,43.0194045953,44.9978430751
609,42.4687803877,41.2574032514
610,39.7910381745,42.0980795037
614,43.1760082645,44.3276029944
620,46.9754805879,43.9777829762
623,43.037095968,44.4880243681
624,42.9006005649,44.4703649929
625,43.6124350904,44.3204312456
628,39.1845745774,41.95924665
629,42.327984397,42.8829197778
631,43.0955520764,44.9289712387
632,43.9042697014,44.4751266779
637,49.9559001484,49.5659268963
638,51.2666860917,50.1926159748
640,45.7427184605,48.2954908794
643,50.2452262326,48.7415599256
644,50.5412210396,49.3100800558
654,45.7032061046,45.6681597144
660,37.2064844031,35.8805459872
662,41.9819373226,42.7690283218
671,35.0002881553,31.1896795955
676,50.8294454067,46.3218995282
677,52.7395649234,51.9836098659
681,42.873273172,43.923632011
682,42.0364050805,44.4490292889
683,49.0648373065,47.0393762892
688,37.8940040786,36.3733518846
689,36.9780622694,35.9416733956
690,44.3321805328,44.7430638044
695,37.1193050431,35.7079714657
697,44.0699403726,44.5332741254
700,49.1081125481,51.0452792742
702,42.9993956264,45.4082144699
703,42.8940310656,44.0458535994
705,37.3214034543,40.1673363139
706,44.1609217804,45.4860416657
707,42.643505691,44.1087604226
716,51.4858468577,49.9016781801
717,47.0636477225,45.9201150582
719,52.7659373893,50.2897452385
722,43.684213446,47.8795476441
723,51.2902962343,52.8748591337
724,40.4055302628,46.4440907086
727,55.0578310549,52.2070884545
728,43.0503095636,43.4795404338
730,36.8536358529,41.7027622707
733,42.7825565319,43.5783827789
734,38.526184346,40.5101130616
735,39.1361365454,40.5180596629
736,39.3094821439,41.0468846757
737,38.7074265274,40.9807928747
741,54.5887437929,53.0090036856
742,45.9717428492,44.7474196306
746,44.0828693708,44.7067467881
748,42.8362351868,43.1094164469
749,43.4385876899,44.8422803767
751,44.7289245323,45.1062518381
754,42.8785912589,45.0225530578
755,35.7401742709,32.3721057283
762,53.4373657016,52.8257210948
769,53.7510285464,51.0055774659
773,57.3657339932,55.6176410215
774,53.4336508111,53.5046813006
775,49.6686589693,53.4296750154
777,54.0016071056,50.0519392412
783,45.0453288015,44.3838058103
784,41.8380995502,39.5786707423
785,41.7882344238,39.4054648931
786,43.7520010693,43.2442246645
789,54.2810274054,51.5347587535
791,44.1326580597,45.3646160267
792,43.6706834534,43.8748775703
793,42.3471172451,38.9666141721
794,41.9995459962,39.5304739021
795,43.1659807257,40.5647444337
798,46.7434035341,50.3154865507
799,42.5732920731,45.6289035002
800,42.1833463647,39.6608115318
801,42.4933639581,40.0558570615
802,56.8319968523,50.7384520714
806,37.899064812,36.5408382929
807,38.6179803665,36.1276000978
808,58.5106346784,52.7079940394
811,49.4908245296,46.614890963
812,40.561639677,37.7724403992
813,43.2991308246,39.6138753674
814,43.0823331002,39.0681533193
815,40.7770361913,36.9325292262
816,61.0883911965,56.3424584746
822,45.0727114605,46.2636108766
825,52.8884152352,51.4866163601
828,44.8834308005,43.9873087147
834,42.719360809,41.7016067161
838,64.5709694281,60.0511543145
840,40.629071773,44.9779339704
842,44.5507168303,39.3835263693
847,53.8550929943,53.6511679485
849,49.6391864312,48.6698524381
851,45.9419528069,42.6560407441
852,45.5093366956,42.0048381458
854,47.8354351063,41.9246784607
857,43.884324683,42.0026996554
858,43.5205679493,41.596887825
859,46.564674384,42.722779171
860,46.2815448876,43.0844937599
861,48.0543629244,43.5989573349
863,92.4897974241,92.4160889321
870,46.2373808646,40.8417587464
875,44.1899169017,41.3428449186
877,40.001726029,36.4209459029
878,62.4110012614,55.9459189316
882,47.3908990877,49.5626355013
884,46.128469473,39.5913047235
888,65.6934313695,59.1098348419
890,63.9002384128,58.855682087
891,42.7185612526,40.5186343644
898,46.2873356584,42.2955241588
900,44.7187792078,41.6081548666
906,72.2161453939,68.2858355055
908,42.4373078087,38.9112850098
911,63.4018073464,60.5128960942
913,65.9418885553,57.3002646902
915,60.4009051244,54.9417778975
916,44.1987792359,41.7061605505
919,60.3489583616,54.3507431082
920,25.9633198251,28.1545774274
921,34.3870292168,33.0811327465
924,66.047271228,61.5458965161
925,68.4102173616,62.3773111351
926,34.6129676282,32.7736233852
927,62.0183864268,58.4150545732
928,49.4188526765,43.102223148
929,49.9335213186,43.4328816383
935,42.9344840024,39.8230193298
936,31.1776999836,32.9467513523
937,36.3982132979,34.9681470911
938,37.546531634,35.4130880396
939,34.6514818366,32.8100194471
942,60.1161560406,56.0657899094
944,52.1355882331,46.4998436531
945,44.2676831845,42.2526165887
947,59.2160011789,53.8855436146
955,53.0413433175,48.9705390998
957,41.1682383349,38.6896975999
960,41.7410365449,40.1859283404
963,40.061917842,36.561490688
964,61.8480602521,57.1646065908
966,43.272272847,41.2494616252
967,60.7138548896,56.9736812093
973,64.8270538882,57.4293267363
974,54.7104153905,55.8222633898
975,66.6525245104,58.9664540311
977,44.6552353543,41.0389896804
978,43.3391409063,43.0639109019
980,43.7638628826,43.1081087488
985,37.6833867593,35.2703743462
986,44.1356769276,40.4390070809
987,67.884821459,60.9239937972
988,45.9331263383,42.2282331636
990,62.3343363142,55.6151382212
997,38.8206686434,35.2737451704
998,37.9736660965,34.7935865987
999,70.4418627676,68.7171592881
1001,70.2597047563,66.6822554581
1002,53.1636595599,56.3289952824
1003,36.699096862,32.5842221883
1006,61.9513304668,57.4151148514
1009,39.0939220437,34.8152129706
1011,61.1210887771,56.9680164054
1013,49.5537228136,44.3850935804
1015,46.8910405533,44.1613796317
1018,50.9795592192,47.0171766064
1020,33.4161380929,34.8266821061
1022,41.1397535077,37.2956421221
1023,30.0281045155,30.9277737362
1024,25.1962576248,26.8815606824
1028,46.9515409071,44.9045389862
1032,50.2637031777,42.717679696
1033,47.9403878067,42.5867550133
1035,43.9584145665,41.3785847154
1036,62.6101315977,57.1623052885
1038,32.5747324825,33.7693469254
1041,33.67076222,32.8351581149
1043,65.4604705319,62.9159285983
1045,50.8540459251,43.13707532
1046,34.0503474338,35.4564976543
1047,33.1590509759,32.3933049306
1050,30.8471187235,31.7019655879
1052,42.7438172932,41.5064436057
1055,33.5740971007,32.7039729636
1057,43.7712906541,40.8829878243
1061,65.4729463747,59.7520974141
1063,43.890952663,42.529810593
1067,54.3259450024,51.052226314
1068,43.6706436294,38.6605706218
1069,44.7982466883,42.6755083275
1073,62.4754530151,65.7562888988
1074,57.5530604911,56.8703129071
1075,59.8864026004,58.889278164
1077,54.3108924249,56.7454157242
1079,34.7118610817,30.2861535405
1081,61.2033145123,61.0339861382
1082,69.1499768197,64.5210927609
1083,41.9806096943,40.2849683274
1088,63.465140395,60.7221302822
1091,34.3225609511,32.2481878166
1094,38.2747464644,34.3545858389
1102,36.2373542091,33.935748719
1103,44.681178342,39.88579723
1105,47.1176009206,44.1657803256
1111,40.2785561119,36.8600057775
1112,37.066342384,34.6065408747
1113,37.1569656109,35.3744095802
1114,34.7711985286,32.3895685368
1115,35.6067987285,33.1768833565
1117,38.1396659884,35.361746104
1118,55.2556146103,57.5433974497
1120,35.3593913621,32.8928012542
1121,35.8442187631,32.7995398867
1129,31.0584225625,30.4833496434
1144,36.9308502893,32.8210832234
1149,50.9792545518,52.2017774357
1152,41.3527019806,36.3474053902
1153,41.0347862332,37.5240705316
1154,41.8434563464,36.748105577
1156,41.0159598494,36.920473425
1157,42.7010646608,38.1007582782
1160,54.9028156005,51.9115626843
1162,31.1903761068,28.9383465668
1163,42.7868557093,38.9889588998
1166,41.8600009714,38.0102740773
1167,48.5640777503,49.6972788416
1170,45.6388215728,43.74044151
1172,63.2999212078,60.5105788501
1173,66.3567128057,62.8867481277
1174,68.4919787256,63.6810983106
1176,53.9663464167,49.9120902785
1180,48.8674445372,41.1989296808
1181,41.780595726,34.7772218025
1185,50.4296988005,49.8537945517
1187,53.6271879629,50.5171477708
1188,55.4969736073,52.7254739569
1190,50.6448100002,50.297604806
1193,48.0806333932,52.6348616474
1195,30.6843557366,28.2840000324
1198,77.4914144494,74.8687373471
1205,60.8713660836,59.2847165011
1210,56.4598591274,58.9157811357
1212,66.5971618975,70.064819407
1213,72.8776625832,73.3425910796
1221,45.9141461171,40.7855952876
1226,72.1753725553,74.4034091872
1229,55.103176081,56.1796609665
1232,67.8738981926,70.0538131514
1233,69.7742756388,75.4888886734
1234,55.1653099726,62.3660877118
1236,55.3286211453,61.7163272569
1237,66.4197211572,72.2871733114
1239,65.1014824023,68.5402247711
1241,57.7033364204,58.06870816
1242,65.9843087777,66.0179199143
1246,75.6055572866,78.3684256434
1251,52.2216499392,57.1848744795
1254,76.3235453796,75.972120471
1258,59.9906805261,65.2600622265
1259,66.7022329099,68.1895228269
1262,63.862050946,64.9789282242
1264,51.0568153912,48.399011716
1268,76.3583933012,77.3761651294
1269,73.0157873921,75.4562819896
1271,66.7526341405,68.9236600465
1273,188.0275407704,196.122017214
1277,45.9639467565,40.4749648667
1280,51.4328778943,42.4734545325
1281,61.2775862174,52.4346320514
1284,69.597137399,68.0782623701
1286,72.3463670859,73.4590965948
1287,60.6065745349,64.0445761458
1288,70.494056406,74.2212279484
1290,60.4529139097,63.6121964633
1293,71.3952711924,73.3943598513
1294,71.3463266638,73.3679499062
1295,67.1671350441,67.0156162195
1296,70.1242015584,71.3518459686
1299,73.8360793914,74.5844955473
1303,69.2672235347,70.1309711232
1305,61.6421087979,69.6176127066
1306,73.7260021183,72.7652205344
1308,79.4988148543,74.4252792538
1309,67.5644143858,64.9054359091
1311,70.849773041,72.5449812279
1314,68.028254956,67.467108152
1316,71.786424972,73.7779252265
1317,74.7815417691,78.2358060364
1322,64.7600548845,67.815363238
1324,69.2424826112,70.6781565581
1325,68.8103155072,70.614674768
1327,70.9828121767,70.7021999861
1332,84.3384279273,75.1700261447
1337,60.7467811518,62.6003032226
1339,75.7036651146,75.6270526675
1342,67.6823664168,71.7308567396
1344,71.3687239679,73.2662245771
1349,69.3293182378,70.8485482754
1353,61.8304160157,66.5082354443
1357,71.8949331971,71.1615662803
1358,66.1275600236,67.4137413869
1362,74.0487102767,75.9600719179
1364,63.4720163023,62.0662239017
1365,59.6719944678,55.5480092805
1368,85.9194530661,85.3348762858
1370,86.5588031912,85.9143648035
1371,67.2713082625,72.9889869748
1373,34.036213943,41.7769028578
1374,66.3355959164,71.7756952418
1378,50.7464535454,42.496468384
1380,77.1369937267,75.3910982777
1384,48.906020439,40.7960217863
1385,52.0056750865,39.9414593438
1387,62.4757624074,66.7272338993
1397,72.1936063009,74.9266311209
1399,57.1952178482,49.1667395968
1401,71.5142431121,71.2081573431
1402,72.3184230693,74.2127877681
1404,61.5737064975,68.1794584661
1410,84.6714459981,84.378866402
1415,34.9294799675,43.1266440708
1419,77.4555685587,75.5733092509
1422,67.0020922197,71.2673857457
1424,62.8961677499,53.3318039751
1427,54.2663346243,43.6570594125
1428,66.8649905804,67.9444915713
1429,73.6763381471,75.4513613254
1431,66.7158416245,64.9511514023
1433,69.0170364824,73.0994763897
1436,68.8581113467,68.9126018192
1437,78.5006613902,78.0089306958
1438,72.1494284146,73.6796447046
1440,61.066062502,63.3296739387
1443,47.5304704699,50.7816472449
1444,34.8473541736,40.5912786494
1445,61.3818713325,58.0574821381
1446,57.3041585491,62.6426391281
1448,70.8841252255,70.5317469612
1449,75.5375863799,75.7158486567
1450,62.2611098688,68.2684506829
1452,69.8311143624,70.8898438649
1454,73.8288192102,75.9237741573
1455,69.145485567,73.0964626864
1456,74.4643680829,75.9378581972
1457,69.1510992517,70.4302637054
1459,40.1166758313,35.3671220307
1460,53.2896452187,43.6130944847
1464,71.4422571231,76.1295182597
1467,41.5214547549,33.8745808792
1468,78.365413234,78.2590689119
1470,76.2074473216,77.0676315133
1472,74.6840768218,76.2454830545
1476,67.0370782214,75.2268166456
1481,69.4529941958,67.4742930905
1482,69.6012838669,73.0933400817
1483,75.2798723012,75.6225168717
1484,73.6704319046,74.454334162
1485,71.1431330781,67.9274328001
1486,72.0854322723,73.4798381522
1489,67.2636556304,65.4715597417
1490,67.4504099546,73.3383427657
1494,73.660475677,74.1908558549
1495,67.5202131053,72.6292537046
1497,84.8769539232,87.1335957654
1498,63.0970841106,62.8568470403
1504,63.2059276918,62.6989515749
1508,53.0976866423,54.0887376959
1511,61.0767596939,62.3953109346
1512,86.9296747885,88.4945901736
1514,45.1461653258,51.734384631
1515,45.9254746783,50.7447357429
1516,35.4938085055,37.9598511426
1518,32.187755493,32.281973666
1522,29.2754695603,31.0946545687
1534,29.3656534373,30.6416932012
1535,28.8918884623,30.62571782
1539,29.3728084894,30.7012083619
1540,29.4729520574,31.3853234933
1542,29.5116564005,31.3903246883
1545,28.8741314391,30.9903330606
1548,29.1627295243,31.163839777
1551,29.9407244307,31.8589664427
1556,35.810613618,36.4527426399
1557,33.7626124256,35.4465412458
1559,34.7085762679,36.9587568911
1560,34.3295706944,36.6289236542
1562,18.6434348695,21.8980778235
1566,25.3520620753,31.8080452512
1572,34.3866041524,36.7379682842
1580,33.8980383224,36.6631961094
1582,32.1639410221,34.9005822729
1584,20.8120025589,25.1625593148
1587,34.053989023,36.5847360799
1588,29.5386254074,31.502860608
1589,30.000158229,31.9653271138
1590,29.5838533235,32.0902575427
1591,29.7249313521,31.5236335298
1594,38.4461799263,39.1086896799
1601,24.8230820352,26.4241766118
1602,29.8759899098,33.5549598732
1603,26.5888604954,28.8942317522
1606,28.6099496501,30.699986291
1611,28.6187444976,31.0829298803
1618,38.9960487697,36.8414875898
1619,39.2647008716,37.8066236472
1622,39.1215987049,37.8173438432
1623,39.3028472914,36.9265013533
1630,24.3202973106,27.3948005423
1631,31.6843328255,31.4498327192
1632,31.4848887258,31.3086934077
1633,30.3718209706,29.6809592049
1635,31.7027998717,30.7661472533
1638,31.6880262347,30.6722596731
1640,30.8126882416,30.0528149173
1642,27.7243621754,28.8415348776
1644,28.2340526524,28.7509397179
1646,32.6386615351,32.9359193378
1649,29.1460919613,31.3885154085
1651,31.1377082559,30.7389064759
1652,32.0618502192,30.4224245178
1655,27.215280414,29.0753511446
1658,30.3520966915,31.3344066134
1659,33.8919181226,32.5519562798
1660,28.6227323755,28.2017420344
1663,33.2825055957,32.3787434549
1664,32.6827998108,31.4875564532
1668,30.3141487453,30.6157504012
1670,29.6716552507,31.4541254559
1675,33.0018064924,32.5738576393
1677,33.6947939463,32.7432273454
1681,31.5299992867,29.9626202042
1683,40.6759168608,37.6285311886
1689,29.4542896788,29.5944953044
1692,30.0526219779,29.2377265016
1693,34.9649106072,38.6484354049
1696,32.8637768642,31.6990601263
1708,31.1975924538,29.7273880184
1712,30.2446792591,29.6101587784
1717,30.2188253944,29.5918629417
1718,30.1929715296,29.3370467578
1721,29.5791992679,30.0680714836
1722,30.241149542,30.5710077096
1728,31.8931835796,31.9500915784
1731,29.8307644945,30.3240647988
1732,30.0895560705,29.1804305947
1734,29.4099687678,29.0194646231
1735,29.354567629,29.5239256486
1739,28.9556794296,28.4614602887
1740,29.7719228747,28.9556531728
1741,29.8753383338,29.0288365195
1742,29.1957510311,28.6313502006
1750,30.8639607184,29.339288685
1751,29.957805668,29.1611387843
1752,31.0030428138,29.4042166039
1753,29.572478775,29.1412862704
1754,30.067395615,29.164748449
1756,29.1735905756,28.6156680549
1758,29.39888854,29.0116235503
1764,29.3471808105,29.5186982667
1766,30.156037437,29.5474301955
1770,29.2622323976,28.9983498015
1772,30.4588969959,29.9178458778
1773,29.9639801559,29.4949510825
1775,30.1966649388,29.576180796
1776,30.4625904051,29.8370267523
1780,30.2041256013,31.1967876025
1781,31.7152260234,31.6158269646
1784,32.3526510307,32.1374617264
1786,36.2346742136,33.8719285785
1787,37.1204636858,34.8797380076
1788,29.0379218984,29.4097389346
1796,30.4557809381,29.0907501784
1797,30.4927150306,29.3662145563
1802,30.7881877709,29.5295343241
1804,30.2895775217,29.1390287375
1808,28.7436365742,28.5523429117
1809,32.0682659201,30.5932632196
1813,28.4148312906,27.5022213737
1814,30.6260979723,30.122539473
1815,30.8502131081,29.496311096
1817,30.4672813744,29.2093666776
1819,30.4113523762,30.3962684712
1829,30.8353495174,31.9998418676
1830,30.7093789235,29.1865315169
1832,31.5956149436,30.7202130383
1838,32.8292967006,32.0624692711
1839,30.8888685895,30.2355418606
1841,32.7668494348,31.9344076251
1845,30.3709243852,29.0041451426
1846,29.2443199349,30.7338949962
1857,28.2818685575,27.4013092541
1859,30.0665227384,29.4551080322
1860,33.1073635804,32.3405025776
1869,29.7821302258,28.7954410927
1870,30.4024453623,29.9263928189
1875,30.1385679509,28.5413647964
1880,30.4358398008,28.9528780227
1882,29.8227577276,29.2809267346
1883,29.9083937484,28.9829074339
1884,31.5011882447,30.1409257709
1885,32.9253947057,32.651562002
1888,31.236995053,29.9159034787
1889,32.6419320308,31.2832231814
1892,31.3391925034,30.0254791928
1896,30.9666488232,29.3119553795
1898,30.9260213214,30.0633915161
1901,28.4768566278,28.3120203517
1904,32.8807068205,31.2607065227
1907,32.6302298112,31.0815628083
1909,31.1740920808,30.7835751976
1911,30.34713552,28.7892838373
1917,31.4675898049,29.5376151751
1923,37.6898241177,31.2535838707
1924,31.279225933,29.0843637728
1926,36.9757287015,32.5506363323
1929,30.6232494636,28.8781266195
1931,28.9980228246,27.7173642446
1934,46.6844860059,43.1732651737
1935,30.2367336151,28.6907477933
1938,31.5349300682,29.3926099496
1940,43.4174196059,38.0338112509
1941,40.2144087028,35.0523858348
1944,32.1887869656,30.8587544064
1946,30.7235292416,29.1954966781
1947,30.9615223417,29.8310296883
1948,31.3380984716,29.3897032694
1949,31.4644423464,30.3184373849
1952,31.9167072798,29.5956258684
1956,31.5247560744,29.254427772
1957,31.25192112,30.1167709575
1962,30.9507901073,31.9822780508
1963,31.9993247079,29.8187739899
1965,45.9972593066,43.5909531417
1969,31.5395297114,29.501402883
1970,32.3515720728,30.4035430778
1975,32.746343064,30.2397233135
1977,32.3243447223,29.3566854386
1978,29.5595246869,28.2746230764
1979,29.6555155017,27.2735991245
1985,32.4019063166,33.2208807751
1989,31.6863877304,28.6949900565
1990,32.1442661629,30.2410095099
1996,31.4278490826,28.5954645063
2001,37.0796670422,34.2609318113
2003,30.0439629535,27.25004167
2006,31.8570080707,29.2376835272
2009,34.1877275965,32.4943868786
2012,29.7157492236,27.1519376569
2017,28.7223815073,31.1246247711
2019,29.19744921,32.6991052217
2021,31.6216861793,30.7388619435
2022,33.9858162271,32.3699168172
2024,33.3324758107,30.9955491139
2032,49.244547591,47.7041640902
2033,31.753809889,29.9053407659
2034,33.0289190387,31.0792594652
2035,33.5981916774,31.4964962891
2038,34.2990786545,32.4278843845
2043,35.7970083818,34.8445649752
2044,34.3461076957,32.0451402599
2045,34.5122068457,32.3674116998
2046,29.8119678499,30.1916572038
2047,30.4516969374,30.7177872002
2049,36.6540179324,34.5635059358
2050,39.991716747,34.2245676797
2053,55.6568506465,54.7402570173
2055,29.8819639317,30.2271538826
2058,33.2394679258,30.6275939244
2064,31.0454612134,27.744730739
2066,45.1286611384,46.3901947802
2067,48.602700742,49.6665611339
2070,33.0866489765,33.6834521008
2078,36.9389583363,34.526462502
2088,31.1172972282,31.2889774403
2094,36.4208789469,33.8923262225
2096,36.5015886848,33.9820860649
2097,36.362735382,33.9413450433
2100,53.9711551596,52.232499193
2102,77.0874870868,77.3361963389
2103,36.2436536988,34.7532151501
2111,36.311175405,34.5194897283
2117,40.3227248273,42.4788037672
2120,40.411571613,42.8217965275
2121,39.4287140735,40.4773286527
2139,36.8038256374,34.4461940829
2142,36.7729564088,34.4633290039
2143,41.0742151464,42.8114603466
2144,36.4432514636,34.1914145291
2148,53.8210690392,52.2478034118
2165,47.5118915639,41.5415591934
2172,55.3292777037,53.6788893036
2208,45.1738325697,42.5614905359
2215,56.6525370768,55.5692482389
2219,41.3322054503,44.7833774697
2226,50.3865422806,49.7552479489
2227,34.6711934129,40.0748244446
2228,41.1952591959,43.9609640917
2231,37.9172125694,39.0419387716
2232,47.7935885694,46.5217010313
2233,53.4973529551,52.6086488924
2236,57.4004711282,55.8762039299
2257,44.7852883403,46.2406016102
2260,37.0745077451,37.6700415434
2261,37.0401146737,37.3968141915
2262,46.1064386893,46.1464027701
2263,42.3582459151,44.3377575107
2268,39.6838627689,39.7616085669
2272,42.9258318293,44.9934717215
2277,39.182309771,40.7743004156
2278,39.180152035,40.8062147095
2280,47.7968167197,47.6719633609
2281,42.9006400403,45.1498570987
2283,37.8473906183,41.9790626069
2284,43.571951739,45.406810009
2286,63.2766973144,69.6828333412
2287,48.846337109,44.3901411797
2289,47.6545834016,43.9937549562
2290,46.9296417625,43.880495917
2292,53.6936619028,58.0683639526
2294,45.1884479731,44.3070295483
2296,68.2543839527,61.9271266452
2298,68.479604818,64.5736669559
2300,59.5352897488,58.0936498881
2302,68.4168168607,66.9800485965
2303,61.6240765645,60.8138621584
2307,65.8789426628,63.4278642135
2308,63.2132588296,63.3483051526
2311,70.9709872898,68.1057566221
2313,69.3109582086,70.2265877381
2316,41.4998441912,40.040579003
2317,41.5520445804,40.2545660928
2320,52.8602583197,60.4650979655
2321,42.5739740262,40.5539443271
2326,39.87753887,36.7802255057
2327,40.0252752402,37.1811478115
2328,43.5693114134,38.9948068694
2329,39.0865719383,37.0327562015
2330,54.5345429956,50.3030845254
2333,51.0470208212,46.651161693
2335,45.640872981,45.0742227792
2336,50.0013878022,45.004274234
2337,51.1867729515,47.8357719447
2338,52.2896549655,55.9529394554
2340,53.2080991312,46.980602608
2341,53.9173662552,48.0072215799
2345,53.5586593161,45.7730495086
2347,53.6017842227,46.0039124673
2348,53.9951571037,47.6897923618
2349,61.3629847202,48.9336875197
2350,53.9070600995,47.0014778056
2352,41.1193780135,40.3358005031
2356,45.7715009015,47.1468462439
2362,52.8076482823,53.7102744384
2363,55.3604011762,52.6473522279
2368,46.0125906047,43.4564768973
2373,53.1931452669,51.9535127677
2374,49.0120674491,48.2064401746
2376,52.8673794215,48.2965503807
2382,54.0653213308,54.406492779
2383,48.1535029575,47.1044733004
2384,46.2211736498,47.1687136719
2386,46.6213508738,45.3025148972
2388,59.6666853948,56.8851145453
2389,41.4132678915,38.4282435037
2391,47.5758625775,46.9200911625
2393,40.7902497158,37.1027696969
2394,41.6391648552,37.8189760066
2395,41.5751266788,37.7669465068
2396,41.4828852483,37.70535072
2397,51.3462337637,55.3574697572
2399,42.273088289,42.4181159989
2400,42.2651618525,40.1993398053
2401,43.1688166337,41.1746941852
2404,56.4366879831,47.8160635473
2406,42.6172813174,41.0664250302
2414,52.8657977877,55.4602567182
2415,52.8177834675,55.3552179824
2416,62.9550335862,62.4685644641
2417,59.0426213718,64.9807254709
2418,62.5464245628,69.2462624455
2421,83.1556288764,76.7143584399
2422,61.4619197431,61.3840143851
2423,86.470632913,83.9983511487
2425,65.9808298423,68.1792265057
2429,54.3930403768,54.6196857119
2430,46.2040527696,52.9701211645
2431,126.1239330415,134.1315085374
2433,72.2127524384,73.3260982788
2436,47.9582493703,49.8689816093
2437,49.06820624,44.4366092333
2439,50.6928742599,50.1521714584
2442,54.4449619222,55.581816136
2443,49.0967948633,49.7990015406
2446,56.7849620949,50.1883481492
2447,54.4792103973,48.4973901
2450,55.642700986,52.9258152789
2451,59.9598732738,59.0186187065
2452,54.2421642729,48.9688855442
2454,55.0170523577,48.6972036133
2455,54.9088490336,50.4407868139
2456,52.1066679728,50.5794413202
2460,68.0637826457,70.4224568844
2471,67.8228787432,62.9281675036
2472,54.8940803401,50.2726250688
2475,55.8440764131,54.2251768341
2479,36.1082734684,45.5556458383
2480,79.1976934353,76.2239677689
2481,67.9460350992,66.8451707291
2482,49.7636636726,58.6100053562
2484,-290.2201104051,-119.6019233578
2486,46.3512749379,42.8477454435
2487,77.1916464706,73.6065859174
2490,47.9203833157,52.2566082278
2491,53.0651924776,52.7820746904
2495,62.9528635885,58.4835039089
2496,59.5009275075,58.1372163627
2497,54.074291216,51.2558998096
2498,70.9235925174,70.1144829457
2499,50.3421730975,56.6277991545
2502,67.4691978076,66.8459972743
2503,46.5156528059,51.5299497391
2504,70.2702237485,70.2069182397
2506,52.2957931444,47.4486059375
2507,49.080795618,52.5641946289
2508,79.0968411548,76.03159169
2509,61.3947705533,60.1432282383
2514,75.6050122809,76.2684229315
2516,78.2142584338,78.2826125115
2518,-335.5460825466,-157.2633884869
2520,45.516557607,51.5317561869
2522,230.1371166808,200.7522938658
2531,97.1657639097,91.8614036948
2533,80.3002664645,80.8131232041
2534,84.3234968371,83.3584894221
2543,77.7251864605,76.4723678996
2547,56.8818125474,49.346487348
2548,47.3157751483,43.2314365134
2549,67.3785568726,69.2053478872
2551,74.7631482366,77.1343475725
2556,74.3061424118,72.7621700692
2558,79.0092184295,77.6523666662
2566,60.1199498116,48.8985162541
2567,56.4196851058,48.3516996728
2568,174.387941085,202.4674624639
2569,62.5910580661,64.749465123
2571,71.6505823091,73.6301312552
2573,69.9844155452,74.9545350341
2575,71.0021170904,70.6857128356
2580,67.9032711444,69.7757357645
2581,49.6809861142,45.3531368682
2586,75.6067533711,76.2725882335
2587,66.9875843445,70.4338312506
2592,76.3206928214,77.0576838897
2594,80.9442818369,78.938447316
2595,41.5503269028,45.3915686676
2596,75.3487659367,76.0992378072
2597,73.7533349639,74.869085834
2600,20.7893555117,30.6522602416
2601,71.9127477401,73.8343667788
2602,75.8438319923,76.1204708762
2603,74.7462481032,75.5235101028
2604,66.6940472294,69.4335561516
2609,49.9013104491,56.9443828403
2611,71.1724751304,73.0942568255
2614,67.1621492145,65.8968374415
2617,80.0008203056,78.7447624747
2618,77.6438780243,76.394729845
2621,79.8917320554,78.7977385452
2626,68.5582880036,69.6170417486
2629,71.1258061603,72.9005594055
2630,74.99901867,76.097348921
2633,76.6840227251,76.9888268122
2636,79.3803526978,78.5395709485
2640,64.8930880829,68.386672725
2650,75.8704626006,77.500253728
2652,72.318877112,74.0044433961
2654,76.5185717285,77.571262211
2656,76.1445886689,76.2647618296
2657,69.2844407127,71.4296039787
2658,69.6130775341,71.7781083626
2659,69.177508662,71.7672273173
2662,40.9440993774,50.0883119087
2669,69.3876590913,61.2777979262
2673,65.6052959806,72.4254261296
2679,68.73077028,71.0629337045
2680,65.6592328939,68.2683660101
2681,57.6700711921,51.0912981055
2683,52.9682854742,49.1692382271
2684,51.3058745267,45.8773918087
2685,83.3447082579,86.0103276868
2688,49.0114059765,58.8677865535
2689,81.2333179738,80.7479829376
2692,70.9183056588,72.661859436
2693,75.9046625539,74.6218660121
2696,93.6017850218,97.0267236854
2700,65.955725125,66.3041751065
2704,75.6548994937,74.8746260079
2705,180.7578456855,110.8562378578
2706,81.4474141656,84.1890073531
2712,75.3565420676,76.7055294909
2724,73.5865180418,75.4322657235
2727,94.5788789864,95.0324710323
2729,72.6290011089,74.1489770282
2732,91.8757805055,89.9816604892
