counter,WellID,meanError,minError,maxError,#samples,delta
1,1897,0.6538,0.0839,1.5638,18,0.0363222222
2,1862,0.6627,0.0296,1.7868,16,0.04141875
4,1803,1.0264,0.0139,2.3767,20,0.05132
3,237,0.9241,0.0739,1.6548,13,0.0710846154
7,2201,1.1702,0.0299,5.0789,15,0.0780133333
21,1053,1.5441,0.0329,4.9312,19,0.0812684211
6,1932,1.1683,0.2292,1.8661,14,0.08345
5,1762,1.044,0.0838,2.535,12,0.087
46,235,1.9286,0.0805,4.6922,22,0.0876636364
10,2197,1.3191,0.3724,2.5615,15,0.08794
18,1903,1.5005,0.1378,3.5468,17,0.0882647059
16,261,1.442,0.2142,6.4137,16,0.090125
11,1575,1.3667,0.0012,3.7169,15,0.0911133333
39,846,1.8567,0.0267,4.3385,20,0.092835
40,1639,1.8582,0.3973,6.3921,20,0.09291
25,1792,1.6837,0.1954,3.1623,18,0.0935388889
32,315,1.7807,0.0386,4.9749,19,0.0937210526
9,2180,1.316,0.1535,3.0279,14,0.094
15,1726,1.4165,0.03,4.0755,15,0.0944333333
58,948,2.0879,0.0966,5.3776,21,0.0994238095
17,2029,1.4981,0.3372,3.3231,15,0.0998733333
45,1568,1.8991,0.2295,7.7335,18,0.1055055556
13,1955,1.3726,0.2739,3.4223,13,0.1055846154
14,930,1.3789,0.5042,2.9478,13,0.1060692308
19,1835,1.5051,0.164,2.9149,14,0.1075071429
53,993,2.0605,0.053,4.8203,19,0.1084473684
78,26,2.3186,0.1383,7.8768,21,0.1104095238
49,1881,1.9891,0.3599,4.2514,18,0.1105055556
50,1127,1.9947,0.127,7.1671,18,0.1108166667
44,1958,1.8921,0.1356,4.9566,17,0.1113
64,1645,2.1247,0.2909,5.2765,19,0.1118263158
34,291,1.8141,0.4918,7.7659,16,0.11338125
83,1250,2.387,0.0938,8.4789,21,0.1136666667
28,701,1.7087,0.1309,5.4943,15,0.1139133333
12,2161,1.3719,0.2235,2.7263,12,0.114325
47,1671,1.9474,0.2721,3.8137,17,0.1145529412
54,343,2.0657,0.0643,6.9817,18,0.1147611111
38,234,1.8408,0.0423,4.7786,16,0.11505
20,3,1.5061,0.1251,4.0583,13,0.1158538462
23,1800,1.6355,0.0894,3.4688,14,0.1168214286
43,1793,1.8788,0.5595,3.5657,16,0.117425
71,889,2.2576,0.0717,5.0395,19,0.1188210526
87,1546,2.4198,0.0892,8.0051,20,0.12099
35,1641,1.8204,0.0093,5.2202,15,0.12136
36,2615,1.8293,0.2019,5.4922,15,0.1219533333
66,1124,2.1976,0.2327,4.7227,18,0.1220888889
67,2561,2.204,0.3813,5.7159,18,0.1224444444
48,2005,1.9839,0.2484,4.8094,16,0.12399375
97,194,2.5266,0.0709,6.4713,20,0.12633
114,1855,2.698,0.0089,6.5181,21,0.1284761905
57,892,2.0861,0.6127,5.9688,16,0.13038125
37,275,1.83,0.0898,4.9736,14,0.1307142857
27,1571,1.7014,0.1337,3.2208,13,0.1308769231
69,2216,2.2337,0.4694,5.0764,17,0.1313941176
61,1576,2.1047,0.6233,4.5664,16,0.13154375
110,1840,2.6341,0.3037,5.7797,20,0.131705
22,52,1.6043,0.0827,5.3918,12,0.1336916667
30,2577,1.7535,0.1584,4.7893,13,0.1348846154
24,1847,1.6455,0.1062,4.6287,12,0.137125
8,819,1.2356,0.1666,2.4768,9,0.1372888889
55,505,2.0725,0.0783,4.5499,15,0.1381666667
59,1743,2.0881,1.0758,3.151,15,0.1392066667
70,765,2.243,0.0362,7.4732,16,0.1401875
60,32,2.1046,0.1309,5.156,15,0.1403066667
63,2086,2.1141,0.098,7.2945,15,0.14094
73,566,2.2626,0.3137,5.581,16,0.1414125
86,782,2.4069,0.6102,5.5997,17,0.1415823529
88,67,2.4257,0.4892,10.51,17,0.1426882353
102,1992,2.5703,0.3951,5.3667,18,0.1427944444
41,739,1.8672,0.06,5.8804,13,0.1436307692
42,1915,1.8765,0.0402,5.8758,13,0.1443461538
90,1616,2.4581,0.2636,7.2314,17,0.1445941176
93,338,2.4669,0.0444,11.686,17,0.1451117647
29,2392,1.7469,0.0769,6.2988,12,0.145575
65,1959,2.1889,0.0326,5.1819,15,0.1459266667
31,680,1.7638,0.468,6.013,12,0.1469833333
82,469,2.3672,0.0655,5.1161,16,0.14795
56,922,2.0858,0.0226,5.0986,14,0.1489857143
192,68,3.4656,0.4611,8.4732,23,0.1506782609
104,764,2.5783,0.0035,8.8387,17,0.1516647059
74,1564,2.2774,0.0151,5.5159,15,0.1518266667
121,2342,2.7743,0.2237,6.3825,18,0.1541277778
26,2187,1.697,0.1611,2.8193,11,0.1542727273
226,612,3.8928,0.0343,9.4789,25,0.155712
52,1713,2.0371,0.3214,4.3183,13,0.1567
80,1705,2.351,0.3001,4.6954,15,0.1567333333
191,2054,3.4654,0.5747,7.7058,22,0.1575181818
173,2381,3.3354,0.1483,8.9418,21,0.1588285714
140,823,3.0244,0.1778,6.9545,19,0.1591789474
99,317,2.5493,0.7207,6.6962,16,0.15933125
127,2199,2.8712,0.039,12.9087,18,0.1595111111
117,2355,2.7162,0.4297,6.2318,17,0.1597764706
144,1799,3.0471,1.0072,5.9414,19,0.1603736842
145,61,3.0579,0.7813,7.6322,19,0.1609421053
120,33,2.7413,0.6446,5.8544,17,0.1612529412
147,478,3.0697,0.0918,8.7483,19,0.1615631579
149,1697,3.0835,0.1576,6.3908,19,0.1622894737
89,2109,2.4497,0.0029,6.6227,15,0.1633133333
33,1610,1.7971,0.0483,5.9472,11,0.1633727273
91,1521,2.4606,0.1634,5.3479,15,0.16404
79,1836,2.323,0.1934,6.2547,14,0.1659285714
199,483,3.4995,0.0909,9.062,21,0.1666428571
126,1834,2.8652,0.3336,5.6728,17,0.1685411765
176,1027,3.3721,0.1711,8.3604,20,0.168605
143,1994,3.0446,0.4139,6.7883,18,0.1691444444
159,1145,3.2152,0.4226,5.9903,19,0.1692210526
148,1999,3.0734,1.5264,5.389,18,0.1707444444
185,1126,3.4361,0.2616,8.6907,20,0.171805
130,946,2.9301,0.0479,9.7656,17,0.1723588235
153,118,3.1282,0.0422,9.9151,18,0.1737888889
134,474,2.9676,0.6972,7.206,17,0.1745647059
197,2375,3.4947,0.2105,8.3161,20,0.174735
75,16,2.2832,0.4427,5.8728,13,0.1756307692
112,1543,2.6519,0.0647,8.9018,15,0.1767933333
77,991,2.3124,0.9499,4.9221,13,0.1778769231
115,1207,2.7011,0.2657,5.6009,15,0.1800733333
81,772,2.3575,0.3435,4.4037,13,0.1813461538
100,2146,2.5532,0.0175,7.131,14,0.1823714286
103,934,2.5721,0.0705,5.6944,14,0.1837214286
171,670,3.312,0.2432,10.25,18,0.184
198,2186,3.4982,0.2385,13.3498,19,0.1841157895
133,1228,2.9618,0.261,7.7297,16,0.1851125
123,2367,2.8216,0.3299,6.0281,15,0.1881066667
179,1164,3.3896,0.3374,7.0562,18,0.1883111111
92,1000,2.4633,1.0524,4.8912,13,0.1894846154
113,46,2.6602,0.6024,9.5753,14,0.1900142857
165,1954,3.2491,0.8636,5.4747,17,0.1911235294
187,1900,3.4512,1.401,7.9588,18,0.1917333333
166,561,3.2614,0.3064,7.0769,17,0.1918470588
167,1029,3.2662,0.1662,12.9532,17,0.1921294118
98,1253,2.5356,0.2642,5.3236,13,0.1950461538
119,600,2.739,0.1946,5.0411,14,0.1956428571
201,1759,3.5272,0.7372,7.5822,18,0.1959555556
203,1054,3.5347,0.9499,7.8259,18,0.1963722222
233,1026,3.9474,0.32,8.701,20,0.19737
217,1810,3.76,0.1661,7.5336,19,0.1978947368
154,2282,3.172,0.1531,6.7494,16,0.19825
136,1861,2.9816,0.0618,7.1733,15,0.1987733333
221,943,3.7911,0.265,10.7414,19,0.1995315789
180,1044,3.3975,0.0399,7.8914,17,0.1998529412
157,1858,3.2008,0.1952,5.4696,16,0.20005
122,923,2.8034,0.294,11.8274,14,0.2002428571
85,316,2.4039,0.33,5.3174,12,0.200325
223,844,3.8122,0.6732,5.9642,19,0.2006421053
124,1842,2.8332,0.3419,5.2912,14,0.2023714286
51,232,2.0252,0.1348,4.046,10,0.20252
163,1586,3.244,0.0865,10.2519,16,0.20275
168,292,3.282,0.9597,6.4647,16,0.205125
196,1872,3.4946,1.8298,5.2819,17,0.2055647059
72,2256,2.2622,0.0446,4.585,11,0.2056545455
95,2042,2.4868,0.0361,6.7471,12,0.2072333333
206,386,3.5776,0.1524,11.0612,17,0.2104470588
62,236,2.1067,0.114,5.3898,10,0.21067
255,901,4.2405,0.8599,10.6374,20,0.212025
181,2087,3.4046,0.3697,6.6939,16,0.2127875
101,1960,2.5555,0.4718,4.7216,12,0.2129583333
284,2517,4.5178,0.6188,10.404,21,0.2151333333
161,113,3.2309,0.1356,6.4496,15,0.2153933333
225,2101,3.8798,0.6177,7.9553,18,0.2155444444
139,1625,3.0185,1.1785,4.7854,14,0.2156071429
162,2190,3.2359,1.2189,5.3609,15,0.2157266667
125,2020,2.837,0.1229,6.7977,13,0.2182307692
109,1833,2.62,0.635,5.2979,12,0.2183333333
268,2200,4.3718,1.4003,6.8719,20,0.21859
146,776,3.062,0.1165,8.6771,14,0.2187142857
111,1056,2.6395,0.0571,4.4715,12,0.2199583333
249,1837,4.2046,0.561,8.1814,19,0.2212947368
150,1761,3.0988,1.6736,4.6584,14,0.2213428571
172,1688,3.3207,1.0667,5.8113,15,0.22138
236,103,4.015,0.2265,9.8473,18,0.2230555556
174,1930,3.3632,1.4472,5.2759,15,0.2242133333
282,698,4.4964,2.5991,8.6462,20,0.22482
116,1684,2.7096,0.2794,6.9214,12,0.2258
285,2030,4.5253,1.1513,8.1147,20,0.226265
208,2582,3.6208,1.0086,6.3946,16,0.2263
131,1673,2.9518,0.6951,7.6133,13,0.2270615385
96,1737,2.5146,1.702,4.222,11,0.2286
310,1654,4.8015,1.0029,10.6012,21,0.2286428571
158,2057,3.2099,0.1764,8.6178,14,0.2292785714
76,2295,2.2957,0.6959,5.137,10,0.22957
160,174,3.2191,0.0027,7.4993,14,0.2299357143
293,1908,4.6036,0.056,13.4289,20,0.23018
188,810,3.4563,0.5141,7.8024,15,0.23042
190,731,3.4602,1.5145,5.5778,15,0.23068
247,1790,4.161,1.0584,8.9804,18,0.2311666667
232,699,3.9377,1.3226,7.9652,17,0.2316294118
275,750,4.4297,2.3869,9.7409,19,0.2331421053
141,1771,3.0325,0.3447,5.3268,13,0.2332692308
250,2463,4.2101,0.3231,10.8152,18,0.2338944444
106,2008,2.588,0.4239,5.7891,11,0.2352727273
286,1593,4.5253,0.6894,8.0849,19,0.2381736842
151,1136,3.1039,0.0096,9.2688,13,0.2387615385
262,142,4.2979,0.1614,11.058,18,0.2387722222
84,1523,2.3959,1.0114,4.4168,10,0.23959
129,1801,2.907,1.3838,5.9953,12,0.24225
209,1760,3.6518,0.2751,14.9478,15,0.2434533333
246,1107,4.1518,0.8033,14.8009,17,0.2442235294
230,1703,3.9094,0.9496,7.3675,16,0.2443375
210,1376,3.6723,0.2029,9.1852,15,0.24482
156,1143,3.1854,0.6671,5.7532,13,0.2450307692
184,2011,3.432,0.087,7.8555,14,0.2451428571
273,1569,4.4151,0.8324,9.3243,18,0.2452833333
118,2343,2.7166,0.2883,9.8346,11,0.2469636364
189,1098,3.4592,0.7036,7.3593,14,0.2470857143
68,2557,2.2246,0.0612,5.6766,9,0.2471777778
213,1676,3.7205,2.1302,5.1907,15,0.2480333333
137,1914,2.9884,1.1131,4.5648,12,0.2490333333
214,961,3.7358,0.2478,8.6436,15,0.2490533333
281,2131,4.4859,0.7307,13.0114,18,0.2492166667
195,2162,3.491,0.3493,7.0129,14,0.2493571429
302,740,4.7435,0.1907,14.0137,19,0.2496578947
303,1825,4.7444,0.8996,9.5756,19,0.2497052632
256,2544,4.2473,0.7006,8.3025,17,0.2498411765
235,58,4.0002,0.239,7.8458,16,0.2500125
200,1687,3.5146,0.3737,8.3479,14,0.2510428571
220,569,3.7751,0.7423,5.7931,15,0.2516733333
308,996,4.7898,1.745,8.3031,19,0.2520947368
222,1905,3.7912,0.4927,15.1703,15,0.2527466667
204,1856,3.5396,0.5348,6.8982,14,0.2528285714
312,1421,4.8091,0.3827,15.1177,19,0.2531105263
319,909,4.8961,2.3902,7.111,19,0.2576894737
271,2441,4.387,0.48,8.6589,17,0.2580588235
207,1798,3.6135,1.481,4.604,14,0.2581071429
244,869,4.1418,1.0858,6.9431,16,0.2588625
320,2137,4.9326,0.206,13.6867,19,0.2596105263
227,2676,3.8944,0.7712,8.1156,15,0.2596266667
152,504,3.1213,0.0561,12.9371,12,0.2601083333
274,1933,4.4291,2.764,5.9465,17,0.2605352941
299,2164,4.6968,2.2431,7.0897,18,0.2609333333
379,1283,5.5034,0.5315,9.4147,21,0.2620666667
277,2192,4.4578,2.1268,7.0037,17,0.2622235294
353,1536,5.2565,0.0077,10.4576,20,0.262825
252,1727,4.214,0.5766,9.503,16,0.263375
279,44,4.4796,0.6263,20.9599,17,0.2635058824
182,1968,3.4265,0.0688,6.7936,13,0.2635769231
307,1913,4.7885,3.5909,6.3492,18,0.2660277778
427,2731,6.13,0.0447,20.1387,23,0.2665217391
193,2616,3.4659,0.4191,10.2811,13,0.2666076923
194,1812,3.4696,1.2443,8.7839,13,0.2668923077
259,1199,4.2818,0.4209,11.6896,16,0.2676125
216,910,3.7477,0.0825,8.9394,14,0.2676928571
364,70,5.3687,0.7294,14.7748,20,0.268435
260,2202,4.295,2.0522,6.6685,16,0.2684375
340,1643,5.1266,1.9033,8.5948,19,0.2698210526
292,129,4.6036,0.2547,14.1712,17,0.2708
202,2474,3.5317,0.2272,13.0977,13,0.2716692308
265,99,4.3605,1.8632,8.233,16,0.27253125
138,1680,3.0065,0.0067,6.553,11,0.2733181818
348,2699,5.2111,0.051,12.9301,19,0.2742684211
169,655,3.2956,0.519,6.5563,12,0.2746333333
224,1736,3.8675,0.1377,8.5243,14,0.27625
142,152,3.0443,1.1783,8.7436,11,0.2767545455
248,1983,4.1644,1.0768,8.7335,15,0.2776266667
324,611,4.9985,0.1967,9.4128,18,0.2776944444
301,2476,4.7286,0.4098,13.7086,17,0.2781529412
327,956,5.033,2.4008,8.687,18,0.2796111111
358,541,5.3153,2.4404,9.216,19,0.2797526316
177,1526,3.3758,1.6233,5.7016,12,0.2813166667
283,1191,4.5089,0.2373,13.2207,16,0.28180625
254,1159,4.2339,0.7094,9.5131,15,0.28226
366,965,5.3797,0.6453,8.0532,19,0.2831421053
339,1669,5.1236,1.9699,10.6318,18,0.2846444444
258,1524,4.2721,1.5891,8.8377,15,0.2848066667
369,2366,5.4156,0.2942,19.9228,19,0.2850315789
105,2344,2.579,0.1154,4.9574,9,0.2865555556
343,69,5.1667,0.5704,10.2486,18,0.2870388889
344,13,5.1681,3.3701,7.404,18,0.2871166667
128,1624,2.8904,0.5146,6.4911,10,0.28904
107,1142,2.602,0.0352,6.9457,9,0.2891111111
238,574,4.0646,2.1446,7.4996,14,0.2903285714
381,1109,5.5228,0.8679,12.3379,19,0.2906736842
352,1871,5.2533,2.4062,7.847,18,0.29185
406,1042,5.8688,1.753,10.374,20,0.29344
388,200,5.576,0.1737,15.2976,19,0.2934736842
389,1084,5.577,1.4868,12.8257,19,0.2935263158
241,940,4.1096,0.681,7.3601,14,0.2935428571
300,2632,4.7067,1.3042,19.8095,16,0.29416875
164,2372,3.2464,0.7479,8.551,11,0.2951272727
242,2339,4.1341,0.0126,9.0812,14,0.2952928571
245,995,4.1418,0.4826,7.5682,14,0.2958428571
135,2059,2.9797,0.048,6.2761,10,0.29797
278,982,4.4775,0.5174,10.3115,15,0.2985
280,796,4.4812,0.216,7.3588,15,0.2987466667
416,323,5.9773,0.0301,14.5321,20,0.298865
170,639,3.3022,0.1947,6.751,11,0.3002
338,2082,5.1216,2.445,8.0752,17,0.3012705882
288,95,4.5331,0.2065,8.653,15,0.3022066667
422,1744,6.0682,4.1341,7.8789,20,0.30341
449,1887,6.4091,2.2543,11.3276,21,0.3051952381
290,1529,4.5818,0.6611,7.4984,15,0.3054533333
426,1300,6.1259,0.3879,17.8667,20,0.306295
234,2623,3.9847,0.2108,8.2696,13,0.3065153846
349,2540,5.217,0.197,13.7203,17,0.3068823529
263,1939,4.3011,1.1667,7.7431,14,0.3072214286
178,2048,3.3822,1.4764,5.1965,11,0.3074727273
463,560,6.5229,0.2507,14.5723,21,0.3106142857
269,470,4.3718,0.3617,8.4725,14,0.3122714286
325,1097,5.0038,0.9718,11.879,16,0.3127375
270,1487,4.3835,0.1405,12.3886,14,0.3131071429
218,1099,3.7622,0.082,10.1503,12,0.3135166667
272,63,4.4137,0.8091,8.5453,14,0.3152642857
330,1937,5.0463,0.7022,8.079,16,0.31539375
331,473,5.0518,0.8947,13.3762,16,0.3157375
370,1653,5.4194,0.9922,10.5279,17,0.3187882353
337,2492,5.1173,0.2378,22.2488,16,0.31983125
376,968,5.4765,0.3415,11.3426,17,0.3221470588
287,1615,4.5301,0.4286,8.7144,14,0.3235785714
380,2051,5.5147,0.7614,17.8702,17,0.3243941176
289,872,4.5517,1.3135,8.6991,14,0.3251214286
382,1612,5.5304,0.5546,8.9323,17,0.3253176471
228,1538,3.9046,0.6592,8.3058,12,0.3253833333
229,1266,3.9066,0.2836,11.7978,12,0.32555
108,1866,2.6082,0.221,4.9371,8,0.326025
317,2002,4.8915,2.3379,7.4905,15,0.3261
408,488,5.8924,0.4187,15.5667,18,0.3273555556
257,1388,4.2639,0.0615,12.6828,13,0.3279923077
467,112,6.5651,1.9376,10.1843,20,0.328255
132,2112,2.9559,0.6568,6.7287,9,0.3284333333
501,1312,6.9132,0.0143,16.2513,21,0.3292
359,206,5.3173,0.0089,18.6111,16,0.33233125
322,674,4.989,0.1719,7.8014,15,0.3326
360,1064,5.3228,1.3413,10.8763,16,0.332675
323,2129,4.9903,1.1068,13.9147,15,0.3326866667
297,1757,4.6748,0.6636,10.2712,14,0.3339142857
298,605,4.6857,0.9515,7.4641,14,0.3346928571
328,87,5.0368,2.3997,7.9621,15,0.3357866667
329,1998,5.0383,3.134,8.0363,15,0.3358866667
212,618,3.6968,0.3387,9.3764,11,0.3360727273
399,392,5.7277,0.1114,13.5444,17,0.3369235294
368,2539,5.4044,0.1945,12.2978,16,0.337775
334,1746,5.0763,1.2077,8.1312,15,0.33842
335,1650,5.088,0.2489,8.8941,15,0.3392
304,1685,4.7572,0.2663,19.7943,14,0.3398
305,1462,4.7644,2.3248,12.5364,14,0.3403142857
455,790,6.4738,1.7535,10.3475,19,0.3407263158
373,880,5.4634,1.2398,14.1794,16,0.3414625
493,1558,6.8387,2.1256,10.4839,20,0.341935
219,1791,3.7666,1.4992,5.8685,11,0.3424181818
342,1725,5.1419,0.1392,9.8825,15,0.3427933333
311,803,4.8018,0.265,9.7392,14,0.3429857143
432,2056,6.1998,3.8169,8.8056,18,0.3444333333
346,497,5.1912,1.9407,11.1022,15,0.34608
313,332,4.8456,0.7887,10.3244,14,0.3461142857
347,23,5.2091,0.625,14.0959,15,0.3472733333
386,1811,5.5614,0.2588,12.3282,16,0.3475875
350,2105,5.2186,2.305,10.8696,15,0.3479066667
475,687,6.6846,3.3384,13.8457,19,0.3518210526
253,1720,4.2281,1.0701,9.0113,12,0.3523416667
155,1782,3.1723,2.2861,4.5784,9,0.3524777778
94,2,2.4702,0.1379,4.6762,7,0.3528857143
418,2413,6.0145,0.8983,19.5019,17,0.3537941176
397,2565,5.6727,0.0241,14.1406,16,0.35454375
205,972,3.5483,0.8991,6.9944,10,0.35483
556,486,7.4527,1.2883,13.458,21,0.3548904762
447,1824,6.4077,1.7968,11.0484,18,0.3559833333
487,1197,6.7667,0.6643,17.3444,19,0.3561421053
420,2553,6.0578,1.8976,12.7977,17,0.3563411765
521,1583,7.1513,1.2986,11.9385,20,0.357565
261,163,4.2959,0.2327,18.4695,12,0.3579916667
365,2155,5.3722,0.0558,14.6538,15,0.3581466667
560,1851,7.5556,2.5694,11.786,21,0.3597904762
428,1004,6.1371,0.3707,11.3436,17,0.3610058824
264,543,4.3546,1.8496,7.6905,12,0.3628833333
266,1844,4.3642,2.0135,7.6307,12,0.3636833333
267,1707,4.3703,1.8615,6.3179,12,0.3641916667
506,648,6.9684,2.6393,13.8103,19,0.3667578947
546,1147,7.3704,2.3937,13.9005,20,0.36852
211,145,3.6863,0.9316,12.9993,10,0.36863
383,1151,5.5331,0.2466,27.7848,15,0.3688733333
239,642,4.0728,0.3726,8.324,11,0.3702545455
515,713,7.0366,2.817,13.2228,19,0.3703473684
240,1192,4.0782,0.4991,8.0689,11,0.3707454545
478,1950,6.7121,3.3766,9.4145,18,0.3728944444
175,1745,3.3638,0.2972,5.547,9,0.3737555556
215,1831,3.7402,0.3971,6.2068,10,0.37402
392,76,5.6123,0.1668,11.5783,15,0.3741533333
315,818,4.8767,0.1085,12.5355,13,0.3751307692
243,1778,4.1378,2.9959,5.4878,11,0.3761636364
318,1637,4.8947,2.349,7.8336,13,0.3765153846
355,1942,5.2825,2.2859,8.5705,14,0.3773214286
491,1818,6.8135,2.8188,10.1295,18,0.3785277778
598,1868,7.9587,3.3736,11.5615,21,0.3789857143
361,2075,5.3252,0.807,11.681,14,0.3803714286
398,228,5.7087,3.5373,9.6614,15,0.38058
627,240,8.3915,5.4537,11.7179,22,0.3814318182
498,709,6.8783,3.0432,10.6884,18,0.3821277778
186,766,3.4458,0.9654,6.1634,9,0.3828666667
291,1261,4.5984,0.0856,9.6316,12,0.3832
571,1767,7.6702,5.7163,9.1792,20,0.38351
294,1423,4.6082,1.3341,8.2002,12,0.3840166667
400,850,5.762,1.3191,11.716,15,0.3841333333
401,1617,5.7636,0.7653,10.5132,15,0.38424
402,1961,5.7783,2.7334,8.4706,15,0.38522
539,2210,7.3218,1.3834,12.2533,19,0.3853578947
326,1634,5.0167,2.9105,9.63,13,0.3859
542,1984,7.3333,1.5439,14.7596,19,0.3859631579
404,2325,5.7976,3.6895,8.8454,15,0.3865066667
433,495,6.2044,2.4841,10.4499,16,0.387775
548,2550,7.3725,1.4624,14.8007,19,0.3880263158
509,983,6.9884,0.8615,10.5541,18,0.3882444444
332,1828,5.0555,3.0013,7.8501,13,0.3888846154
434,1218,6.2297,0.264,19.8674,16,0.38935625
554,1918,7.4245,5.9143,8.7375,19,0.3907631579
405,953,5.868,0.4414,11.2134,15,0.3912
555,685,7.4483,2.4305,11.2406,19,0.3920157895
231,1579,3.9256,1.3266,5.464,10,0.39256
559,949,7.4997,3.1073,14.6316,19,0.3947210526
479,1379,6.7132,0.0668,15.0315,17,0.3948941176
441,1585,6.3195,3.015,10.4787,16,0.39496875
480,421,6.7224,0.2583,16.4785,17,0.3954352941
384,1434,5.5416,0.2513,12.3564,14,0.3958285714
345,1695,5.1777,2.3229,7.9298,13,0.3982846154
309,788,4.7979,1.1362,10.2238,12,0.399825
628,886,8.3975,4.4718,13.3182,21,0.3998809524
526,2000,7.2218,4.9544,10.9316,18,0.4012111111
495,2251,6.861,1.5163,23.9558,17,0.4035882353
453,2708,6.4581,1.77,18.183,16,0.40363125
421,1853,6.0594,1.0964,10.2166,15,0.40396
454,2464,6.4659,0.0534,23.2724,16,0.40411875
458,222,6.4808,1.7031,13.1675,16,0.40505
396,513,5.6724,0.6611,9.306,14,0.4051714286
459,1769,6.4898,4.9412,8.651,16,0.4056125
354,398,5.28,0.1146,8.6755,13,0.4061538462
462,1710,6.5184,5.3027,8.0246,16,0.4074
425,490,6.1157,0.6806,11.2217,15,0.4077133333
579,414,7.7614,0.8302,24.4172,19,0.4084947368
465,2241,6.5465,0.7543,13.8228,16,0.40915625
505,613,6.9582,2.9946,12.6187,17,0.4093058824
508,1879,6.9852,3.1854,12.5155,17,0.4108941176
510,2193,6.9913,1.4339,17.9372,17,0.4112529412
550,1040,7.4113,1.4761,20.4086,18,0.4117388889
430,1567,6.1922,4.4976,7.7213,15,0.4128133333
558,1320,7.489,0.6105,15.5039,18,0.4160555556
436,1821,6.2463,3.6345,11.5248,15,0.41642
595,1227,7.9187,1.0302,24.0642,19,0.4167736842
622,2115,8.34,4.2249,14.5084,20,0.417
438,465,6.2604,0.063,13.2782,15,0.41736
372,73,5.4296,0.4196,12.2756,13,0.4176615385
476,1661,6.7,1.0643,14.2056,16,0.41875
374,1620,5.4657,1.7642,12.5121,13,0.4204384615
440,2359,6.3105,1.4195,14.4685,15,0.4207
409,1678,5.8935,2.1906,10.2474,14,0.4209642857
410,1274,5.8962,1.4645,11.6028,14,0.4211571429
483,1101,6.7399,1.2321,12.7297,16,0.42124375
333,2154,5.0636,0.0109,9.565,12,0.4219666667
602,941,8.0207,4.5892,12.5526,19,0.4221421053
633,395,8.4501,3.0889,19.258,20,0.422505
488,2576,6.7693,0.1548,21.7696,16,0.42308125
411,2093,5.924,0.3144,10.7013,14,0.4231428571
444,136,6.3496,0.201,15.2075,15,0.4233066667
295,2275,4.658,1.5777,9.7706,11,0.4234545455
296,1202,4.6705,0.2493,10.3709,11,0.4245909091
569,2377,7.6586,0.1405,22.103,18,0.4254777778
336,1794,5.1106,3.1071,6.9423,12,0.4258833333
446,2023,6.3889,4.1095,9.2228,15,0.4259266667
385,616,5.5466,3.8686,9.4332,13,0.4266615385
530,1945,7.256,3.2204,10.8883,17,0.4268235294
663,656,8.9701,5.0352,17.561,21,0.427147619
531,1774,7.2688,4.4823,10.6657,17,0.4275764706
494,2691,6.8587,1.9019,17.6243,16,0.42866875
387,91,5.5736,0.7053,13.0538,13,0.4287384615
183,250,3.4303,1.1528,7.1335,8,0.4287875
450,1779,6.4342,0.7759,11.572,15,0.4289466667
497,1867,6.8642,0.5311,16.1436,16,0.4290125
452,2653,6.4442,0.8296,20.1024,15,0.4296133333
391,1260,5.6025,0.2982,10.6428,13,0.4309615385
541,2390,7.3331,0.1677,19.8157,17,0.4313588235
580,224,7.7652,6.2062,9.5253,18,0.4314
583,2015,7.7819,1.3354,13.4422,18,0.4323277778
503,82,6.9184,0.1175,11.9243,16,0.4324
394,507,5.6435,1.1225,11.7613,13,0.4341153846
461,2234,6.5118,0.0806,21.2348,15,0.43412
306,1179,4.7866,1.063,8.6154,11,0.4351454545
551,1595,7.4124,3.3488,13.3701,17,0.4360235294
552,568,7.4159,3.2484,11.2011,17,0.4362294118
553,2453,7.422,0.6957,16.1402,17,0.4365882353
617,2674,8.2957,0.725,20.2778,19,0.4366157895
351,455,5.2476,1.9729,10.422,12,0.4373
468,1292,6.5693,0.6436,14.7435,15,0.4379533333
623,2110,8.3513,0.7911,15.9045,19,0.4395421053
314,1672,4.866,2.8396,7.1187,11,0.4423636364
473,1899,6.6459,4.5133,9.5829,15,0.44306
519,1699,7.0917,3.6929,17.9085,16,0.44323125
474,518,6.6519,2.6696,10.1316,15,0.44346
601,2271,8.0087,5.2084,11.3173,18,0.4449277778
561,1249,7.5672,0.3625,18.2955,17,0.4451294118
562,1211,7.5724,0.04,25.5857,17,0.4454352941
276,2153,4.4576,0.9921,11.3784,10,0.44576
523,2156,7.1621,0.3471,12.8805,16,0.44763125
367,976,5.3917,2.838,11.125,12,0.4493083333
566,2267,7.6407,3.4396,12.9916,17,0.4494529412
371,1916,5.4203,1.8826,7.0896,12,0.4516916667
574,309,7.7161,0.4533,18.8343,17,0.4538882353
532,587,7.2732,0.5695,16.9745,16,0.454575
533,1925,7.2794,5.8112,9.3917,16,0.4549625
412,744,5.9247,3.2494,9.4019,13,0.4557461538
679,1010,9.1158,5.0508,12.7568,20,0.45579
578,2235,7.7599,0.4277,20.5534,17,0.4564647059
496,621,6.8626,3.4561,11.3906,15,0.4575066667
378,37,5.4982,1.5267,11.4741,12,0.4581833333
584,1214,7.7909,3.0991,12.2019,17,0.4582882353
724,1648,9.7021,3.1445,15.7345,21,0.4620047619
457,2091,6.4794,3.1376,12.5718,14,0.4628142857
419,521,6.0228,0.6334,12.1053,13,0.4632923077
504,2084,6.9502,1.2251,14.769,15,0.4633466667
775,694,10.6998,5.2482,20.2326,23,0.4652086957
626,1030,8.3826,0.6778,28.5057,18,0.4657
777,1138,10.7179,3.3393,18.7655,23,0.4659956522
780,2095,10.7297,2.9192,18.5648,23,0.4665086957
341,1976,5.1417,4.2846,6.9694,11,0.4674272727
393,2493,5.6132,0.8128,9.5178,12,0.4677666667
251,1453,4.2135,0.0764,13.7252,9,0.4681666667
469,2562,6.5698,0.6886,20.541,14,0.4692714286
634,2027,8.458,5.954,11.1055,18,0.4698888889
600,633,8.0047,2.2024,13.64,17,0.4708647059
395,658,5.6706,0.3903,8.689,12,0.47255
669,1408,9.0194,0.6328,29.7,19,0.4747052632
671,2229,9.0301,0.2881,27.1431,19,0.4752684211
639,1943,8.5562,6.8494,10.3469,18,0.4753444444
607,1573,8.0977,5.0636,14.0398,17,0.4763352941
674,106,9.0616,3.7017,13.1064,19,0.4769263158
568,593,7.6545,1.1243,17.4629,16,0.47840625
527,217,7.2223,0.8203,21.7193,15,0.4814866667
529,2370,7.2523,0.337,15.9696,15,0.4834866667
582,1596,7.7718,4.3392,12.1781,16,0.4857375
490,2177,6.8046,0.1788,18.7386,14,0.4860428571
362,804,5.349,2.2276,9.5049,11,0.4862727273
442,2152,6.3242,2.3321,8.0364,13,0.4864769231
537,438,7.3008,0.0109,14.585,15,0.48672
363,867,5.3646,2.9026,13.4792,11,0.4876909091
586,272,7.8035,3.6063,18.277,16,0.48771875
687,531,9.2792,6.2908,14.8552,19,0.4883789474
407,1806,5.8716,4.5126,7.3507,12,0.4893
655,153,8.8314,0.3726,33.1603,18,0.4906333333
500,2470,6.9068,0.2518,12.6911,14,0.4933428571
413,273,5.9314,1.0576,11.1936,12,0.4942833333
631,89,8.4078,3.3183,15.8489,17,0.4945764706
415,135,5.9518,3.4405,9.1922,12,0.4959833333
321,874,4.9778,2.5398,6.7594,10,0.49778
377,1967,5.4872,0.6235,11.5233,11,0.4988363636
704,2461,9.5192,0.0934,18.1363,19,0.5010105263
708,1302,9.5671,3.4736,16.7263,19,0.5035315789
516,1848,7.0534,2.2109,11.4823,14,0.5038142857
517,2016,7.0603,5.7339,9.0235,14,0.5043071429
423,2122,6.07,0.4073,35.8753,12,0.5058333333
739,563,10.1237,4.9668,13.0503,20,0.506185
643,586,8.6153,3.1553,16.304,17,0.5067823529
682,756,9.1366,3.7531,13.7235,18,0.5075888889
390,428,5.5859,2.5358,13.3628,11,0.5078090909
740,2537,10.1611,2.3212,22.3727,20,0.508055
608,1505,8.1328,1.4003,17.3576,16,0.5083
774,1087,10.6893,1.4581,32.8021,21,0.5090142857
567,2332,7.642,0.5209,20.8559,15,0.5094666667
610,93,8.1574,4.4763,10.3797,16,0.5098375
570,1972,7.6614,6.2196,10.3409,15,0.51076
614,10,8.2059,4.2347,12.4888,16,0.51286875
429,1709,6.1608,3.8052,9.014,12,0.5134
726,2238,9.7556,0.6872,21.8548,19,0.5134526316
615,2605,8.2173,1.4238,16.6566,16,0.51358125
785,1488,10.8017,0.921,22.226,21,0.5143666667
481,1822,6.7236,3.0091,9.3943,13,0.5172
787,2014,10.8752,7.1039,13.7306,21,0.5178666667
652,752,8.808,4.4169,13.1632,17,0.5181176471
484,231,6.7596,2.2651,12.5688,13,0.5199692308
486,1133,6.7643,1.7121,12.4817,13,0.5203307692
538,1966,7.3013,0.8526,13.8436,14,0.5215214286
732,1609,9.9336,6.4988,14.0727,19,0.5228210526
540,1894,7.325,3.4466,9.9528,14,0.5232142857
701,1400,9.4308,2.263,21.048,18,0.5239333333
592,1863,7.875,5.7113,9.3777,15,0.525
439,1503,6.3064,1.0973,12.4501,12,0.5255333333
403,1826,5.7868,1.5604,9.2333,11,0.5260727273
664,1561,8.9776,2.9042,12.8062,17,0.5280941176
596,641,7.9319,1.0959,22.9125,15,0.5287933333
706,220,9.5312,2.151,20.5285,18,0.5295111111
734,1090,10.0724,6.2311,14.3279,19,0.5301263158
357,1698,5.3026,0.2642,10.8166,10,0.53026
445,1694,6.3723,1.9929,9.4998,12,0.531025
502,1592,6.916,1.1502,12.4807,13,0.532
773,649,10.6629,5.5763,20.2715,20,0.533145
599,2314,8.0039,0.1789,18.0937,15,0.5335933333
717,714,9.6214,5.8638,12.871,18,0.5345222222
641,1323,8.576,0.4035,16.2081,16,0.536
507,1636,6.9734,5.6582,8.1278,13,0.5364153846
606,1785,8.0703,3.352,12.1392,15,0.53802
511,327,7.0001,1.8406,13.9136,13,0.5384692308
745,2166,10.2525,2.6884,23.7848,19,0.5396052632
564,1215,7.5911,1.0489,26.927,14,0.5422214286
316,2031,4.8888,1.143,9.7323,9,0.5432
464,2106,6.5239,1.3759,9.8942,12,0.5436583333
611,1491,8.1631,0.6569,14.96,15,0.5442066667
417,1621,5.9895,0.1044,14.4422,11,0.5445
755,509,10.3894,5.4523,15.507,19,0.5468105263
466,1706,6.563,4.9644,8.048,12,0.5469166667
792,914,10.9423,4.5819,15.6467,20,0.547115
649,205,8.7817,0.5811,27.3041,16,0.54885625
616,1607,8.2348,5.3903,18.6293,15,0.5489866667
522,2555,7.1532,0.112,17.3226,13,0.5502461538
472,1418,6.6379,0.1747,17.7255,12,0.5531583333
618,1874,8.301,4.2934,14.0841,15,0.5534
621,284,8.3219,0.0092,18.9857,15,0.5547933333
585,1537,7.7932,2.7936,10.4563,14,0.5566571429
528,2258,7.2382,3.8798,12.0711,13,0.5567846154
705,1850,9.5207,6.0029,11.9376,17,0.5600411765
535,876,7.2866,3.3761,10.4947,13,0.5605076923
536,864,7.2868,4.8047,10.1915,13,0.5605230769
737,2524,10.0954,0.1846,26.5347,18,0.5608555556
666,2132,8.9959,5.045,11.6919,16,0.56224375
485,2185,6.7628,4.2562,11.7808,12,0.5635666667
543,1864,7.334,2.3636,9.9987,13,0.5641538462
778,1012,10.7212,6.6099,15.2172,19,0.5642736842
593,2572,7.9041,2.0819,12.385,14,0.5645785714
850,54,11.8565,3.7485,25.684,21,0.5645952381
544,1733,7.3451,3.9072,11.1124,13,0.5650076923
741,1768,10.1837,8.0012,16.5022,18,0.5657611111
489,270,6.7919,3.5102,10.8755,12,0.5659916667
746,2071,10.254,7.2158,13.5069,18,0.5696666667
638,2279,8.5478,2.3234,12.6713,15,0.5698533333
747,2288,10.2698,6.942,16.5136,18,0.5705444444
683,2726,9.17,0.6639,19.0817,16,0.573125
823,333,11.4709,7.4268,16.5675,20,0.573545
499,1549,6.8867,0.6104,12.3777,12,0.5738916667
443,1777,6.3409,4.2867,7.2037,11,0.5764454545
645,2211,8.6545,4.8926,11.1771,15,0.5769666667
754,2448,10.3876,1.7297,21.4387,18,0.5770888889
646,540,8.657,4.6949,12.4311,15,0.5771333333
686,357,9.2386,1.4163,21.0939,16,0.5774125
1001,738,14.4668,10.6577,18.7543,25,0.578672
237,757,4.0515,0.0273,7.6105,7,0.5787857143
834,2079,11.5969,8.384,15.364,20,0.579845
757,580,10.4374,3.1493,15.7536,18,0.5798555556
874,1016,12.204,8.8227,17.6743,21,0.5811428571
609,1578,8.1479,7.0175,11.8717,14,0.5819928571
761,120,10.4828,0.7117,20.8812,18,0.5823777778
878,1183,12.2791,3.9981,22.9021,21,0.5847190476
512,2291,7.0209,5.4707,10.6742,12,0.585075
805,2136,11.1179,9.5143,14.1924,19,0.5851526316
356,603,5.2879,0.3419,17.0344,9,0.5875444444
700,862,9.4258,7.3799,11.5215,16,0.5891125
922,2255,13.0048,3.485,25.3739,22,0.5911272727
813,353,11.2346,1.5572,20.6793,19,0.5912947368
886,2598,12.4237,0.4253,26.0267,21,0.5916047619
460,1807,6.5095,3.2365,8.8492,11,0.5917727273
954,2265,13.611,3.512,20.6233,23,0.5917826087
772,1059,10.6629,7.7457,15.3753,18,0.5923833333
619,116,8.3039,5.2895,12.0421,14,0.5931357143
736,14,10.0892,5.947,16.5083,17,0.5934823529
620,1291,8.3093,0.7102,17.0693,14,0.5935214286
889,516,12.4759,2.2739,20.0433,21,0.5940904762
414,86,5.9442,1.6884,11.2829,10,0.59442
738,826,10.1079,3.7532,23.9865,17,0.5945823529
660,1843,8.921,6.4989,13.2111,15,0.5947333333
782,2371,10.7562,3.2235,34.9082,18,0.5975666667
783,2041,10.758,2.7483,21.1135,18,0.5976666667
893,1988,12.5532,5.9148,17.3886,21,0.5977714286
470,1827,6.5766,3.4326,10.3855,11,0.5978727273
471,1986,6.6021,4.8685,9.2535,11,0.6001909091
668,1973,9.0085,6.8641,10.8286,15,0.6005666667
715,2178,9.6156,0.223,15.4681,16,0.600975
716,647,9.6166,7.1115,12.4871,16,0.6010375
718,2687,9.6269,0.1309,20.6765,16,0.60168125
670,471,9.0272,6.6292,11.8011,15,0.6018133333
588,693,7.8254,5.5273,9.6017,13,0.6019538462
934,932,13.243,10.5413,16.5514,22,0.6019545455
590,530,7.8417,3.0439,13.0823,13,0.6032076923
591,2405,7.8559,1.2244,20.6675,13,0.6043
721,1106,9.6721,0.2798,18.3418,16,0.60450625
675,2266,9.0707,3.2257,15.6999,15,0.6047133333
748,592,10.2825,5.9637,12.604,17,0.6048529412
677,1820,9.0804,3.5393,13.1497,15,0.60536
749,2428,10.3162,0.4179,27.17,17,0.6068352941
534,1463,7.2844,2.0759,17.2045,12,0.6070333333
793,679,10.9454,5.2214,17.4867,18,0.6080777778
832,1248,11.5542,1.7827,29.8645,19,0.6081157895
424,2560,6.0842,0.8639,9.3945,10,0.60842
636,1878,8.5252,6.0416,13.4519,14,0.6089428571
545,293,7.3678,5.47,9.4667,12,0.6139833333
758,243,10.4473,8.0628,13.0198,17,0.6145470588
760,1200,10.4801,6.867,20.734,17,0.6164764706
881,2642,12.3299,1.4952,17.797,20,0.616495
549,1014,7.4034,1.9173,10.466,12,0.61695
765,1398,10.5016,1.4091,34.6735,17,0.6177411765
492,1128,6.8319,3.0205,11.6141,11,0.6210818182
691,958,9.3396,6.9648,13.5516,15,0.62264
647,1865,8.7234,5.7476,10.5041,14,0.6231
693,436,9.3576,0.5901,20.4669,15,0.62384
769,2274,10.607,6.185,15.2205,17,0.6239411765
435,1298,6.2404,0.0124,15.7459,10,0.62404
648,1194,8.7432,1.4083,16.6155,14,0.6245142857
702,553,9.4355,5.1008,16.4544,15,0.6290333333
653,1981,8.815,6.3405,11.0474,14,0.6296428571
654,1665,8.8191,7.7498,10.4535,14,0.6299357143
613,1604,8.2005,5.8504,12.6741,13,0.6308076923
563,1058,7.5805,1.7473,11.7797,12,0.6317083333
656,2114,8.8758,2.797,17.0291,14,0.6339857143
657,843,8.894,6.3656,13.0104,14,0.6352857143
707,1070,9.5363,6.807,15.7972,15,0.6357533333
659,2127,8.9053,0.3305,27.9875,14,0.6360928571
709,2668,9.5673,0.756,26.7255,15,0.63782
824,2380,11.4817,4.6073,16.4336,18,0.6378722222
942,725,13.41,6.2877,16.8441,21,0.6385714286
661,2244,8.9522,1.6556,20.1791,14,0.6394428571
713,879,9.5964,5.8833,16.8252,15,0.63976
870,1570,12.1669,3.9114,24.0574,19,0.6403631579
662,1544,8.9664,4.8564,13.2061,14,0.6404571429
572,1506,7.6905,0.0108,13.6278,12,0.640875
871,1656,12.1809,10.3715,13.6667,19,0.6411
831,1550,11.5427,8.5701,15.9384,18,0.6412611111
790,1008,10.9119,7.8748,14.9449,17,0.6418764706
518,1135,7.0637,0.4855,13.552,11,0.6421545455
625,2203,8.37,5.0191,11.6091,13,0.6438461538
575,2205,7.734,3.0063,25.5574,12,0.6445
577,2124,7.7415,4.4341,12.2888,12,0.645125
722,2647,9.6783,3.6333,11.9127,15,0.64522
673,1626,9.0397,4.7303,11.2592,14,0.6456928571
630,571,8.4059,6.8514,10.544,13,0.6466076923
723,1902,9.6992,6.0845,11.6865,15,0.6466133333
520,715,7.1205,2.4491,14.6843,11,0.6473181818
796,747,11.0162,2.319,22.9622,17,0.6480117647
798,1130,11.0389,0.015,34.3022,17,0.6493470588
799,158,11.048,1.9567,19.6454,17,0.6498823529
681,1795,9.1338,4.8669,13.1144,14,0.6524142857
887,1532,12.4391,7.5664,17.1878,19,0.6546894737
685,824,9.22,6.373,12.3081,14,0.6585714286
974,1161,13.8825,0.602,28.6851,21,0.6610714286
731,653,9.9279,0.8059,19.0859,15,0.66186
597,355,7.9486,2.7317,16.5669,12,0.6623833333
817,2158,11.3123,7.6988,13.8867,17,0.6654294118
696,279,9.359,0.3589,33.4975,14,0.6685
862,1997,12.0664,9.8185,14.3973,18,0.6703555556
603,1974,8.0473,6.5191,9.9166,12,0.6706083333
477,1627,6.711,2.2849,9.7079,10,0.6711
904,184,12.7593,1.3847,24.9781,19,0.6715421053
735,1763,10.0737,5.4588,13.2291,15,0.67158
604,2655,8.0622,0.2871,16.4331,12,0.67185
605,2130,8.0655,4.7019,13.3049,12,0.672125
697,2270,9.4143,4.2004,15.1625,14,0.67245
482,94,6.7282,4.0848,8.2601,10,0.67282
699,729,9.4247,5.4754,17.1607,14,0.6731928571
908,2432,12.8271,3.8431,29.9549,19,0.6751105263
650,2037,8.8025,6.6989,13.3025,13,0.6771153846
872,855,12.1923,7.5023,19.1915,18,0.67735
830,2730,11.5295,0.8959,21.1361,17,0.6782058824
743,2552,10.2332,5.9071,18.1193,15,0.6822133333
612,1473,8.1908,1.255,20.3231,12,0.6825666667
744,1219,10.2442,4.1103,15.9196,15,0.6829466667
1022,2230,15.0332,5.637,27.5231,22,0.6833272727
791,1148,10.9391,6.201,15.1638,16,0.68369375
711,1700,9.5723,5.1112,15.7473,14,0.6837357143
712,2135,9.5766,2.8342,15.2575,14,0.6840428571
375,1936,5.4738,0.1558,12.5806,8,0.684225
658,2140,8.9026,5.7702,12.0132,13,0.6848153846
840,107,11.6582,5.0134,14.9722,17,0.6857764706
795,2559,10.9743,5.5246,19.4455,16,0.68589375
842,1220,11.6628,0.5929,32.3225,17,0.6860470588
750,881,10.3243,0.5017,35.3498,15,0.6882866667
797,72,11.0379,6.5393,15.0875,16,0.68986875
665,53,8.9916,5.3449,14.2057,13,0.6916615385
667,74,8.9994,5.3103,14.2035,13,0.6922615385
565,950,7.6157,0.1201,16.0888,11,0.6923363636
802,60,11.0868,7.8398,14.7572,16,0.692925
437,1755,6.2497,4.0782,9.0986,9,0.6944111111
980,1920,13.9732,12.687,15.5244,20,0.69866
629,1805,8.4023,6.5289,10.0667,12,0.7001916667
573,1679,7.7107,5.9511,11.2762,11,0.7009727273
513,48,7.023,3.9636,10.4718,10,0.7023
766,1600,10.537,9.0302,12.0946,15,0.7024666667
982,1657,14.0625,11.8986,15.4478,20,0.703125
514,2440,7.0314,0.9161,12.7739,10,0.70314
635,2083,8.4675,7.0558,12.2404,12,0.705625
858,239,12.0031,4.5366,17.0332,17,0.7060647059
581,2385,7.7675,1.3123,12.9042,11,0.7061363636
816,1690,11.3015,9.4721,13.1258,16,0.70634375
905,64,12.7664,6.0887,17.6899,18,0.7092444444
637,1719,8.5465,5.1623,11.3075,12,0.7122083333
909,253,12.8429,4.8425,22.2121,18,0.7134944444
820,437,11.4259,7.6954,17.0904,16,0.71411875
779,635,10.7248,0.8052,20.5174,15,0.7149866667
911,115,12.8853,7.5346,17.2238,18,0.71585
688,336,9.3168,4.9819,13.0796,13,0.7166769231
692,2107,9.355,5.4811,13.6822,13,0.7196153846
456,1108,6.4787,1.9639,9.4863,9,0.7198555556
695,2721,9.3589,0.0077,19.429,13,0.7199153846
876,306,12.2475,9.5773,15.5033,17,0.7204411765
918,1100,12.9709,8.7934,17.8031,18,0.7206055556
644,2025,8.6507,5.2956,11.3306,12,0.7208916667
835,2175,11.5986,8.8839,15.0745,16,0.7249125
742,182,10.1885,3.0267,23.5693,14,0.72775
930,415,13.1317,4.4604,25.4437,18,0.7295388889
843,1747,11.6868,9.2495,15.8652,16,0.730425
703,575,9.5061,6.8274,12.5379,13,0.7312384615
710,1393,9.5722,3.6773,14.0651,13,0.7363230769
547,2253,7.371,0.2469,23.3589,10,0.7371
935,2408,13.2683,1.227,29.7575,18,0.7371277778
800,2222,11.0587,1.3352,26.995,15,0.7372466667
1049,1184,15.517,8.7606,24.9809,21,0.7389047619
848,1738,11.8248,10.22,13.2623,16,0.73905
984,2424,14.0772,1.1553,34.4645,19,0.7409052632
852,758,11.8794,9.0176,15.1136,16,0.7424625
720,1666,9.6655,7.1815,12.4069,13,0.7435
756,1555,10.417,5.6053,20.7657,14,0.7440714286
899,831,12.6622,5.675,17.4226,17,0.7448352941
811,1765,11.2095,6.2153,14.4693,15,0.7473
812,2077,11.2238,8.1853,13.7751,15,0.7482533333
814,1563,11.2418,7.3448,15.1032,15,0.7494533333
995,1608,14.3039,9.6661,18.9337,19,0.7528368421
907,2036,12.8032,0.393,74.1883,17,0.7531294118
767,2672,10.5548,1.7335,26.567,14,0.7539142857
1030,894,15.116,11.2702,18.6094,20,0.7558
957,1252,13.6253,3.567,23.4275,18,0.7569611111
678,979,9.0875,4.5087,11.1098,12,0.7572916667
867,90,12.1169,9.0157,15.5677,16,0.75730625
998,820,14.3909,9.7388,17.7602,19,0.7574157895
770,1547,10.6081,7.8649,12.3673,14,0.7577214286
728,2716,9.8756,1.8877,20.7355,13,0.7596615385
680,743,9.1234,1.1905,16.9467,12,0.7602833333
1002,2247,14.4711,0.0637,34.9907,19,0.7616368421
962,931,13.713,9.979,15.6608,18,0.7618333333
1036,1921,15.2378,12.1801,16.8254,20,0.76189
730,154,9.9151,1.5365,17.7229,13,0.7627
821,114,11.4413,8.2584,17.3131,15,0.7627533333
1037,856,15.2618,11.6884,26.6164,20,0.76309
920,868,12.9907,8.9103,16.0155,17,0.7641588235
1004,2305,14.5232,4.6674,21.9948,19,0.7643789474
632,493,8.436,5.2321,13.5936,11,0.7669090909
684,2149,9.2051,0.4362,20.9533,12,0.7670916667
969,2182,13.823,10.6413,16.2529,18,0.7679444444
781,183,10.7532,0.3328,34.5997,14,0.7680857143
926,1186,13.0703,3.8529,20.9923,17,0.7688411765
971,745,13.8554,10.6198,17.3546,18,0.7697444444
879,1146,12.3208,9.4404,15.1699,16,0.77005
836,98,11.6117,10.1647,16.361,15,0.7741133333
431,1525,6.1931,3.1309,8.6674,8,0.7741375
689,1519,9.3205,1.3506,15.8786,12,0.7767083333
587,1702,7.8123,4.4663,10.5358,10,0.78123
844,1890,11.7245,10.211,14.4932,15,0.7816333333
642,1080,8.5989,1.0965,15.5243,11,0.7817181818
983,1139,14.0722,8.6001,19.5133,18,0.7817888889
845,668,11.7505,7.9764,15.0495,15,0.7833666667
936,1877,13.3238,11.0983,16.2864,17,0.7837529412
589,2483,7.84,3.3966,11.3235,10,0.784
940,7,13.3704,7.2079,20.2223,17,0.7864941176
1130,2170,17.338,11.2869,22.4273,22,0.7880909091
897,2224,12.6479,2.3584,29.7395,16,0.79049375
991,399,14.2297,1.4594,31.7387,18,0.7905388889
992,1553,14.2338,10.3667,18.4017,18,0.7907666667
898,2089,12.6543,9.0074,15.3696,16,0.79089375
594,2264,7.9124,6.1464,12.1062,10,0.79124
993,2469,14.2566,0.5305,22.938,18,0.7920333333
853,2173,11.8951,6.7213,21.4262,15,0.7930066667
946,1141,13.4958,7.3821,19.2147,17,0.7938705882
901,599,12.7164,6.6024,23.9579,16,0.794775
1067,1270,15.8991,9.8991,20.6641,20,0.794955
1068,1581,15.9029,11.9308,20.5344,20,0.795145
752,552,10.3369,0.377,15.9033,13,0.7951461538
753,526,10.3592,1.9956,19.6627,13,0.7968615385
1033,59,15.1767,11.3763,17.9607,19,0.7987736842
714,1711,9.6006,4.1105,13.2963,12,0.80005
999,221,14.4012,9.9393,19.6977,18,0.8000666667
953,2092,13.6083,11.1548,16.1539,17,0.8004882353
651,410,8.8071,0.9825,12.4679,11,0.8006454545
448,404,6.409,2.8547,8.7272,8,0.801125
859,2319,12.0186,1.2259,28.0996,15,0.80124
1169,201,18.435,1.2389,43.929,23,0.8015217391
958,907,13.6616,2.3817,23.3157,17,0.8036235294
861,246,12.0583,9.6597,15.288,15,0.8038866667
863,780,12.0711,8.6176,14.3521,15,0.80474
815,2147,11.2966,1.9167,29.2824,14,0.8069
913,2331,12.9137,5.5948,18.707,16,0.80710625
915,726,12.9447,10.4537,18.2472,16,0.80904375
819,1301,11.4167,2.3545,23.0716,14,0.8154785714
877,1912,12.2519,9.6901,13.8854,15,0.8167933333
1050,1517,15.5196,5.6995,27.1622,19,0.8168210526
928,1125,13.0808,7.2503,18.3387,16,0.81755
672,102,9.0378,2.6603,14.8097,11,0.8216181818
827,125,11.5048,5.6726,18.5117,14,0.8217714286
931,1336,13.1614,7.9927,20.732,16,0.8225875
932,1852,13.1705,9.3263,18.1752,16,0.82315625
776,2365,10.7129,0.3003,30.0184,13,0.8240692308
981,2649,14.0523,4.2184,26.9243,17,0.8266058824
557,1049,7.4547,0.7288,18.792,9,0.8283
888,817,12.4694,7.7808,18.4591,15,0.8312933333
986,1730,14.1457,10.1103,18.1082,17,0.8321
1260,1783,20.8201,18.283,26.113,25,0.832804
786,97,10.8272,6.3892,18.7255,13,0.8328615385
1137,339,17.4902,4.4442,31.2886,21,0.8328666667
941,2412,13.3941,3.7818,24.9431,16,0.83713125
895,669,12.6155,9.8941,14.8667,15,0.8410333333
1073,853,15.9907,7.4824,21.9893,19,0.8416157895
944,1377,13.4811,8.7962,17.4752,16,0.84256875
1114,917,16.8723,9.9602,26.8219,20,0.843615
794,1628,10.9738,7.6817,18.4102,13,0.8441384615
900,871,12.6703,10.457,14.9018,15,0.8446866667
949,1987,13.5552,8.0936,18.1858,16,0.8472
1079,1319,16.1234,3.2368,29.8125,19,0.8486
1081,969,16.1538,9.9972,20.3756,19,0.8502
1000,2457,14.4549,3.6123,34.4635,17,0.8502882353
694,1823,9.3584,4.3681,22.4585,11,0.8507636364
856,2159,11.9293,1.3229,17.8945,14,0.8520928571
803,1407,11.0923,0.606,19.355,13,0.8532538462
906,2062,12.8008,9.7309,16.9504,15,0.8533866667
806,981,11.1258,0.2726,18.8718,13,0.8558307692
698,17,9.4147,3.2761,14.4516,11,0.8558818182
807,1704,11.1432,8.9371,13.4955,13,0.8571692308
808,2599,11.1496,2.0958,27.299,13,0.8576615385
912,1085,12.9114,2.9833,18.7294,15,0.86076
1048,971,15.5124,3.1252,31.0894,18,0.8618
968,256,13.8092,9.5709,18.2498,16,0.863075
970,2378,13.8371,9.3246,16.9455,16,0.86481875
973,42,13.8736,9.7075,19.646,16,0.8671
873,5,12.1983,6.1571,16.0387,14,0.8713071429
929,1451,13.1119,0.4567,28.0562,15,0.8741266667
1014,2510,14.8623,8.5946,23.7688,17,0.8742529412
1101,1729,16.6182,10.2885,21.3358,19,0.8746421053
1059,1240,15.7625,12.5829,20.7145,18,0.8756944444
1015,2141,14.892,10.6445,18.3964,17,0.876
933,2195,13.1731,8.194,24.4223,15,0.8782066667
1062,1674,15.8119,11.5454,21.3777,18,0.8784388889
985,2358,14.1052,5.1172,31.0991,16,0.881575
768,1391,10.5841,3.9063,23.4462,12,0.8820083333
1065,1442,15.8817,1.1461,32.2005,18,0.8823166667
1020,1017,14.9998,11.5672,20.8827,17,0.8823411765
725,1891,9.717,7.6174,11.002,11,0.8833636364
825,2018,11.4847,6.589,18.117,13,0.8834384615
826,718,11.4983,0.8548,27.8187,13,0.8844846154
884,484,12.3838,8.072,17.1396,14,0.8845571429
829,667,11.5182,8.2955,15.7076,13,0.8860153846
989,650,14.1853,10.2422,16.3646,16,0.88658125
1113,1361,16.8623,4.7474,25.3743,19,0.8874894737
937,150,13.3267,9.1182,19.6732,15,0.8884466667
990,1175,14.2199,10.2327,18.7338,16,0.88874375
1179,1086,18.6655,11.3942,38.1589,21,0.8888333333
727,1165,9.7913,1.6617,18.0315,11,0.8901181818
891,38,12.4997,3.1724,16.0588,14,0.8928357143
838,1667,11.6477,9.2879,14.4254,13,0.8959769231
996,1403,14.3479,0.7747,22.6373,16,0.89674375
894,865,12.5738,9.3087,15.3362,14,0.8981285714
784,2080,10.7857,5.5177,14.3508,12,0.8988083333
1039,821,15.2945,12.4695,17.8019,17,0.8996764706
524,2028,7.2022,4.8978,14.8943,8,0.900275
525,189,7.2028,0.0762,18.7299,8,0.90035
1040,1748,15.356,11.7,17.8762,17,0.9032941176
951,1439,13.5661,2.606,25.6183,15,0.9044066667
676,2085,9.0779,5.1202,11.5795,10,0.90779
788,2039,10.9052,7.3473,14.2313,12,0.9087666667
1126,1206,17.2789,9.8828,28.234,19,0.9094157895
959,1078,13.6801,8.3933,20.7121,15,0.9120066667
963,550,13.7596,8.9479,20.2166,15,0.9173066667
965,434,13.7706,4.3656,27.3739,15,0.91804
966,2194,13.7828,9.5066,21.3811,15,0.9188533333
1133,1247,17.4626,4.2788,30.4553,19,0.9190842105
910,1701,12.8841,6.5618,20.0214,14,0.9202928571
451,829,6.4439,1.1394,12.6754,7,0.9205571429
972,49,13.8719,10.5996,17.6523,15,0.9247933333
1103,1577,16.6472,12.0098,21.8063,18,0.9248444444
921,356,12.9938,1.3165,22.7555,14,0.9281285714
978,627,13.9513,9.2877,20.4362,15,0.9300866667
809,1048,11.1677,5.8436,15.6327,12,0.9306416667
690,626,9.3274,4.1542,12.3235,10,0.93274
1110,1137,16.7931,8.0195,22.4769,18,0.93295
1018,617,14.935,12.9868,18.2938,16,0.9334375
1144,696,17.7386,10.1743,22.2061,19,0.9336105263
869,2163,12.139,1.7765,35.2143,13,0.9337692308
1146,252,17.7705,11.0123,25.7199,19,0.9352894737
1149,1204,17.8708,9.2041,25.0744,19,0.9405684211
1024,2098,15.0572,8.6709,23.1574,16,0.941075
1074,1245,16.0063,9.7978,24.1192,17,0.9415470588
988,2538,14.164,8.4229,21.1747,15,0.9442666667
640,634,8.5589,4.9151,13.1254,9,0.9509888889
938,2221,13.3372,4.6963,21.3363,14,0.9526571429
1202,2449,19.0569,0.4273,38.7889,20,0.952845
1082,146,16.2408,6.7626,23.2081,17,0.9553411765
1125,630,17.2611,10.398,30.6319,18,0.95895
828,673,11.5137,5.8059,13.8574,12,0.959475
890,2564,12.4958,1.0292,21.7334,13,0.9612153846
945,510,13.4821,0.5157,37.9621,14,0.9630071429
1045,2123,15.4146,10.9058,18.4063,16,0.9634125
833,2468,11.5665,1.5903,21.3692,12,0.963875
947,779,13.4965,10.4147,16.0243,14,0.9640357143
576,1235,7.7352,0.5411,17.501,8,0.9669
1250,1386,20.3278,13.624,27.8016,21,0.9679904762
1005,787,14.5396,1.3135,31.8407,15,0.9693066667
1134,2248,17.4653,0.8329,33.3225,18,0.9702944444
1051,2246,15.5348,3.6597,38.8906,16,0.970925
839,1345,11.654,5.1066,25.9744,12,0.9711666667
841,1352,11.6588,4.1351,28.7003,12,0.9715666667
1006,1980,14.5875,11.0689,17.6045,15,0.9725
1095,304,16.5334,0.8896,57.5038,17,0.9725529412
1007,708,14.5939,10.816,17.4641,15,0.9729266667
1009,2387,14.621,7.2102,24.6494,15,0.9747333333
1054,836,15.6167,12.1308,18.6425,16,0.97604375
960,1351,13.6911,4.6829,23.6532,14,0.9779357143
1056,2007,15.6924,12.8887,18.5138,16,0.980775
1178,1021,18.6523,14.9846,23.3751,19,0.9817
1058,31,15.7352,11.4337,18.3571,16,0.98345
847,1541,11.8197,8.7421,17.227,12,0.984975
849,2217,11.8443,5.2113,30.2664,12,0.987025
851,554,11.8641,7.9662,15.2041,12,0.988675
1013,1982,14.8391,13.1041,16.6659,15,0.9892733333
1112,2639,16.8378,9.7777,24.6848,17,0.9904588235
854,551,11.8978,2.9219,15.6595,12,0.9914833333
733,2074,9.9368,8.8294,12.2535,10,0.99368
857,1458,11.9386,7.412,19.5564,12,0.9948833333
1069,131,15.9234,11.8392,20.6627,16,0.9952125
914,1501,12.9431,0.785,24.4388,13,0.9956230769
916,1531,12.9488,1.1511,16.3212,13,0.9960615385
979,1598,13.9725,4.5521,19.6904,14,0.9980357143
1019,646,14.9758,12.5423,17.2336,15,0.9983866667
919,229,12.9884,7.2734,15.7717,13,0.9991076923
1297,562,22.0162,18.7752,24.201,22,1.0007363636
1201,763,19.0436,16.4241,24.0897,19,1.0022947368
1023,710,15.037,11.1565,18.7352,15,1.0024666667
1238,138,20.0526,16.2052,25.1992,20,1.00263
1025,2269,15.0646,11.8468,29.3158,15,1.0043066667
1119,514,17.0829,13.5506,20.7341,17,1.0048764706
1027,2052,15.079,0.1952,29.2752,15,1.0052666667
801,171,11.0592,0.7988,19.135,11,1.0053818182
1158,672,18.1176,7.6658,21.8869,18,1.0065333333
866,845,12.1141,9.2026,15.3808,12,1.0095083333
1032,2426,15.1444,6.4122,27.2561,15,1.0096266667
868,952,12.1184,1.8429,23.7161,12,1.0098666667
1124,2505,17.2389,3.0829,30.2819,17,1.0140529412
1164,1037,18.2996,11.4555,25.4122,18,1.0166444444
810,308,11.184,1.2467,22.8172,11,1.0167272727
1213,1372,19.3407,0.8241,42.3849,19,1.0179315789
1089,2184,16.3561,1.0868,53.331,16,1.02225625
1090,1605,16.3776,13.2132,21.5333,16,1.0236
1041,35,15.3682,13.2228,18.1041,15,1.0245466667
997,230,14.3586,0.4238,35.3988,14,1.0256142857
1043,2622,15.4048,6.3172,24.5298,15,1.0269866667
818,1406,11.329,2.2162,19.3692,11,1.0299090909
882,2128,12.3713,4.385,21.5925,12,1.0309416667
883,1123,12.372,9.1909,18.3256,12,1.031
751,1613,10.3265,5.9466,17.4949,10,1.03265
885,619,12.4121,8.5693,17.1976,12,1.0343416667
1182,492,18.6939,14.0515,21.5512,18,1.03855
1226,345,19.7434,6.003,29.2848,19,1.0391263158
1053,387,15.592,12.0835,17.938,15,1.0394666667
822,501,11.4443,8.9962,13.5239,11,1.0403909091
1105,663,16.6536,7.8668,23.1029,16,1.04085
1291,208,21.8654,6.5766,37.0043,21,1.0412095238
948,912,13.5396,3.158,18.9011,13,1.0415076923
1189,247,18.7857,6.8663,31.7945,18,1.04365
1055,2717,15.6871,3.4644,29.4354,15,1.0458066667
759,1331,10.4698,4.3509,20.9025,10,1.04698
1109,579,16.7618,9.3977,27.5158,16,1.0476125
762,651,10.4842,7.6748,13.297,10,1.04842
1057,525,15.7321,9.9243,20.3554,15,1.0488066667
763,2445,10.4926,1.0774,22.5222,10,1.04926
1196,381,18.9004,7.0033,25.9618,18,1.0500222222
1299,1168,22.0515,14.7282,30.4353,21,1.0500714286
1111,2409,16.8117,10.1581,25.1757,16,1.05073125
896,781,12.6451,9.3129,16.8479,12,1.0537583333
1236,691,20.0329,17.2149,24.3497,19,1.0543631579
1199,1338,19.0092,10.8609,34.4605,18,1.0560666667
1012,636,14.8024,0.5861,40.2789,14,1.0573142857
1066,1348,15.891,1.2189,28.9173,15,1.0594
1241,1510,20.1647,0.1936,42.4025,19,1.0613
1204,1530,19.1037,12.3143,24.9398,18,1.0613166667
1070,657,15.9531,13.7994,18.8213,15,1.06354
1016,1533,14.8961,11.4822,18.4448,14,1.0640071429
1075,251,16.0089,10.0007,32.0309,15,1.06726
1077,771,16.0323,0.4246,23.7653,15,1.06882
1160,2073,18.1822,14.409,20.6025,17,1.0695411765
975,431,13.9091,5.8086,27.5445,13,1.0699307692
1078,1177,16.0661,7.8071,29.9554,15,1.0710733333
977,2076,13.9371,8.2547,19.0516,13,1.0720846154
1342,567,23.5875,14.1727,26.9318,22,1.0721590909
1212,79,19.3281,14.1055,24.1752,18,1.0737833333
719,2204,9.6654,0.0565,16.7399,9,1.0739333333
1123,1412,17.2029,1.5412,36.0524,16,1.07518125
1217,2489,19.461,11.2975,25.0504,18,1.0811666667
1218,499,19.4668,3.5225,61.9381,18,1.0814888889
1083,555,16.2581,12.8897,20.7694,15,1.0838733333
1084,2004,16.2965,11.9041,20.0454,15,1.0864333333
1288,759,21.7389,19.187,25.2226,20,1.086945
924,1201,13.0452,7.4791,18.0208,12,1.0871
1173,1723,18.4931,5.513,24.1493,17,1.0878294118
1132,406,17.4067,5.8504,40.1056,16,1.08791875
925,1554,13.0561,7.9433,17.8287,12,1.0880083333
927,389,13.0735,7.9009,19.1794,12,1.0894583333
1087,1285,16.3456,2.9437,39.578,15,1.0897066667
1091,1971,16.3895,13.6849,19.5572,15,1.0926333333
1136,1375,17.4881,0.0751,58.7596,16,1.09300625
1176,1691,18.6088,14.3899,21.1515,17,1.0946352941
864,2254,12.0928,3.1119,29.3729,11,1.0993454545
1183,303,18.6983,15.0974,21.2794,17,1.0999
865,2526,12.1012,3.2303,18.2251,11,1.1001090909
1044,2151,15.405,10.4364,17.7783,14,1.1003571429
729,1953,9.9042,7.6986,12.5675,9,1.1004666667
1096,322,16.5645,12.7401,20.9777,15,1.1043
1047,538,15.4644,12.2477,17.2487,14,1.1046
1100,1095,16.5982,8.6727,23.6717,15,1.1065466667
1102,684,16.6451,11.9501,20.4013,15,1.1096733333
804,2529,11.1148,0.2349,36.1632,10,1.11148
875,887,12.245,9.3545,17.1076,11,1.1131818182
1052,2072,15.589,13.7942,18.3241,14,1.1135
1150,447,17.8747,6.0878,45.5598,16,1.11716875
943,2570,13.4367,5.3113,22.0391,12,1.119725
1151,2346,17.9255,15.8996,19.7292,16,1.12034375
1115,720,16.8782,13.6405,20.7602,15,1.1252133333
1249,2220,20.3238,7.8322,31.719,18,1.1291
1011,2713,14.7569,0.5417,32.6534,13,1.1351461538
892,904,12.5057,10.8338,14.1183,11,1.1368818182
1162,2119,18.1965,6.0267,25.929,16,1.13728125
1280,2723,21.6094,12.7685,35.1081,19,1.1373368421
1120,1411,17.1052,0.8123,45.4632,15,1.1403466667
961,1876,13.6929,11.4017,16.753,12,1.141075
1284,841,21.6955,18.1256,26.414,19,1.1418684211
1163,318,18.2839,14.8171,20.6139,16,1.14274375
1122,1873,17.1769,14.2888,18.5401,15,1.1451266667
1167,2638,18.3472,6.7252,30.1566,16,1.1467
967,2353,13.8006,10.0267,17.2259,12,1.15005
1168,2695,18.4325,4.8573,30.1319,16,1.15203125
1329,464,23.0703,19.6796,26.2555,20,1.153515
1021,1749,15.0098,11.7059,20.724,13,1.1546
902,1715,12.7296,11.586,14.9297,11,1.1572363636
1263,1993,20.9022,16.2166,24.4315,18,1.1612333333
1085,375,16.3001,4.7507,30.5783,14,1.1642928571
1031,407,15.1389,12.2018,21.0199,13,1.1645307692
1135,187,17.4796,4.3046,33.3801,15,1.1653066667
1138,2118,17.4945,3.4069,46.8438,15,1.1663
1181,2318,18.68,5.5634,26.9851,16,1.1675
1088,40,16.3482,12.2505,21.4363,14,1.1677285714
1305,1854,22.2186,18.3822,31.1581,19,1.1694
1185,105,18.7113,14.5549,22.2597,16,1.16945625
1093,594,16.397,11.2162,21.885,14,1.1712142857
1272,255,21.1126,0.6424,40.7441,18,1.1729222222
846,354,11.7776,3.6356,21.2394,10,1.17776
1237,2525,20.0413,2.8744,31.9849,17,1.1789
917,1104,12.9697,5.638,17.7939,11,1.1790636364
1310,476,22.4078,17.1318,29.7176,19,1.1793578947
987,835,14.1547,8.7045,17.0733,12,1.1795583333
1195,1132,18.8852,12.1233,37.9607,16,1.180325
1239,1493,20.097,5.6322,30.9163,17,1.1821764706
1042,866,15.3792,8.868,23.6968,13,1.1830153846
771,2206,10.6549,0.8308,23.1258,9,1.1838777778
1314,2661,22.5076,3.7092,34.4914,19,1.1846105263
1315,832,22.519,13.8588,27.8373,19,1.1852105263
1046,536,15.448,13.3844,18.3222,13,1.1883076923
855,1714,11.9234,10.6413,13.725,10,1.19234
1367,1477,25.0477,5.4312,45.2194,21,1.192747619
624,45,8.3652,1.0006,22.3222,7,1.1950285714
1371,2628,25.1942,8.2349,39.9097,21,1.1997238095
1253,480,20.4009,14.9265,24.6875,17,1.2000529412
1351,893,24.0543,17.7129,28.0957,20,1.202715
1352,1356,24.0965,2.9955,50.5163,20,1.204825
1157,2250,18.0797,9.2687,38.0341,15,1.2053133333
1354,2501,24.1941,10.4388,50.2495,20,1.209705
1117,1071,16.9527,8.7028,23.155,14,1.2109071429
789,1574,10.9074,5.038,17.2631,9,1.2119333333
1290,1060,21.8437,2.1071,37.562,18,1.2135388889
1061,661,15.7867,13.3501,19.1015,13,1.2143615385
1165,1093,18.3071,11.5761,27.1343,15,1.2204733333
1296,2113,21.974,3.6886,34.1268,18,1.2207777778
1064,711,15.8721,7.3524,25.3603,13,1.2209307692
1166,2273,18.3459,9.969,24.3735,15,1.22306
1121,2403,17.1426,13.9075,20.5617,14,1.2244714286
1457,2584,29.4177,19.2338,35.9226,24,1.2257375
1300,425,22.0677,10.1456,31.3093,18,1.2259833333
1072,319,15.9889,9.9253,21.6849,13,1.2299153846
1171,2138,18.4744,14.7092,24.3059,15,1.2316266667
880,2608,12.3276,7.6485,17.4324,10,1.23276
950,2065,13.5622,9.7659,17.6689,11,1.2329272727
1267,2133,20.9927,14.5527,28.4297,17,1.2348647059
1270,1893,21.0211,18.7017,23.4526,17,1.2365352941
1227,1951,19.8066,18.3041,21.558,16,1.2379125
1131,905,17.3646,8.4335,26.5694,14,1.2403285714
1080,753,16.134,11.1877,22.8834,13,1.2410769231
1017,1155,14.8964,9.9879,18.4119,12,1.2413666667
1361,704,24.846,17.5597,30.6395,20,1.2423
1273,1910,21.1211,15.5263,25.745,17,1.2424176471
1309,2651,22.3812,13.5398,29.3973,18,1.2434
1184,1435,18.7009,1.3956,46.319,15,1.2467266667
1275,1849,21.2112,18.2808,24.0431,17,1.2477176471
964,1089,13.7705,10.1559,16.9326,11,1.2518636364
1348,1110,23.797,19.0618,28.4293,19,1.2524736842
1396,121,26.324,15.1873,38.9432,21,1.2535238095
1086,1922,16.3163,13.0006,20.5342,13,1.2551
1028,372,15.102,1.8815,33.8195,12,1.2585
1140,178,17.6227,8.3631,29.8326,14,1.2587642857
1141,1919,17.6234,10.6194,21.9303,14,1.2588142857
1029,2686,15.1121,1.933,21.014,12,1.2593416667
1243,664,20.2255,13.9358,39.5056,16,1.26409375
1197,2171,18.9851,15.8684,21.3194,15,1.2656733333
1198,1150,18.997,5.271,42.4151,15,1.2664666667
1145,342,17.7447,10.2298,27.644,14,1.2674785714
1247,885,20.313,15.84,23.7195,16,1.2695625
1323,344,22.9205,11.558,38.1682,18,1.2733611111
1282,2527,21.6542,16.5907,30.3947,17,1.2737764706
1254,1131,20.4055,2.3245,39.4912,16,1.27534375
1099,1597,16.5806,9.2988,19.9478,13,1.2754307692
1205,2169,19.1522,10.441,26.7239,15,1.2768133333
1206,1995,19.2327,14.355,23.5774,15,1.28218
1107,2060,16.6801,11.0116,25.2713,13,1.2830846154
1154,732,17.9643,15.4212,20.1084,14,1.2831642857
1432,2213,28.2313,5.7123,39.9778,22,1.2832409091
1156,2174,17.9771,0.0723,23.6069,14,1.2840785714
1208,1119,19.2996,10.3576,24.0112,15,1.28664
1256,2126,20.6365,13.8601,24.617,16,1.28978125
837,36,11.6177,8.1529,18.3127,9,1.2908555556
1294,1927,21.9618,19.7992,24.2052,17,1.2918705882
1159,1196,18.1299,0.5365,40.4767,14,1.2949928571
1215,984,19.4275,14.8014,26.5952,15,1.2951666667
1219,2465,19.4709,2.4185,43.7342,15,1.29806
1116,1471,16.8787,11.008,20.8811,13,1.2983615385
923,1480,13.0343,0.5718,23.4187,10,1.30343
1262,1182,20.892,11.2491,37.6619,16,1.30575
1220,1321,19.5895,14.4136,27.2206,15,1.3059666667
764,895,10.4978,7.1717,14.1148,8,1.312225
1223,2466,19.7144,3.0187,33.8581,15,1.3142933333
1170,2207,18.4464,1.2887,27.6596,14,1.3176
1368,1272,25.0614,18.5271,31.1499,19,1.3190210526
1172,176,18.4759,11.7303,29.1954,14,1.3197071429
1063,1502,15.8424,2.3538,29.1985,12,1.3202
1229,1297,19.8657,13.6991,27.867,15,1.32438
1232,2125,19.9108,0.0434,41.679,15,1.3273866667
1233,500,19.9435,8.2515,28.6003,15,1.3295666667
1071,1906,15.9558,9.5913,19.9866,12,1.32965
1128,481,17.3247,11.5645,23.2198,13,1.3326692308
1010,897,14.6635,6.7652,18.1647,11,1.3330454545
1129,678,17.3335,12.7414,22.21,13,1.3333461538
939,1991,13.3665,11.7015,14.8425,10,1.33665
1353,1614,24.1436,19.8521,30.0867,18,1.3413111111
1191,160,18.8196,8.8483,26.885,14,1.3442571429
1194,2276,18.872,13.6859,23.7358,14,1.348
1435,2013,28.3391,24.9508,36.5269,21,1.3494809524
1327,2315,23.0512,10.8422,43.9675,17,1.3559529412
952,2563,13.5674,7.3064,21.4081,10,1.35674
1330,2434,23.0767,8.4644,30.583,17,1.3574529412
1287,2322,21.726,13.98,29.9497,16,1.357875
1251,324,20.3879,15.8654,25.0194,15,1.3591933333
955,2189,13.6162,3.0645,21.8,10,1.36162
956,122,13.6221,2.0784,58.5757,10,1.36221
1386,1395,25.9366,2.4363,56.9752,19,1.3650842105
1292,2513,21.8818,7.8759,33.8946,16,1.3676125
1358,1928,24.6748,13.8931,37.7902,18,1.3708222222
1209,2648,19.3218,10.7684,28.6669,14,1.3801285714
1301,933,22.0832,11.4645,27.1928,16,1.3802
1210,2488,19.3253,10.1927,26.6573,14,1.3803785714
1152,350,17.946,11.0623,24.2005,13,1.3804615385
1097,2536,16.5703,4.6763,34.8847,12,1.3808583333
1098,1629,16.5741,14.6113,18.6032,12,1.381175
1302,883,22.1185,14.0543,29.9461,16,1.38240625
1340,992,23.5131,8.7535,28.9371,17,1.3831235294
1304,2528,22.1893,9.0304,32.5729,16,1.38683125
1104,450,16.6531,5.6835,25.9821,12,1.3877583333
1261,96,20.8352,17.74,22.8566,15,1.3890133333
1106,2334,16.6695,8.5896,22.2426,12,1.389125
1427,534,27.8274,21.6144,32.3426,20,1.39137
1308,263,22.3795,8.0125,28.8451,16,1.39871875
1407,191,26.7408,15.625,35.8591,19,1.4074105263
903,899,12.7414,7.0325,20.9071,9,1.4157111111
1438,172,28.4222,19.0858,36.1737,20,1.42111
1277,2145,21.4547,13.7044,25.4782,15,1.4303133333
1382,2191,25.7738,17.4243,34.2759,18,1.4318777778
1324,1231,22.9383,15.9049,28.7138,16,1.43364375
1279,2478,21.5726,12.1421,32.2024,15,1.4381733333
1187,2709,18.7439,0.399,38.4237,13,1.4418384615
1188,2081,18.7561,11.757,23.209,13,1.4427769231
1246,2722,20.294,0.8195,43.5364,14,1.4495714286
1003,1225,14.5014,8.0598,19.6099,10,1.45014
1336,2183,23.2037,16.3069,26.7867,16,1.45023125
1252,2379,20.3927,8.5344,35.8559,14,1.4566214286
1394,403,26.2771,10.0349,48.7334,18,1.4598388889
1362,1051,24.8903,22.1016,27.4266,17,1.4641352941
1295,1072,21.9708,16.7267,26.4745,15,1.46472
1363,903,24.9024,22.6848,26.5232,17,1.4648470588
1142,1383,17.6339,12.4126,22.0383,12,1.4694916667
1341,1520,23.5354,17.8896,29.372,16,1.4709625
1257,1474,20.7445,6.6963,43.36,14,1.48175
1258,2535,20.7582,6.5095,37.4209,14,1.4827285714
1406,2670,26.7048,19.8661,36.6497,18,1.4836
1148,1276,17.8459,2.303,26.9525,12,1.4871583333
1434,2214,28.3083,21.3788,31.539,19,1.4899105263
1409,2625,26.8595,17.1284,31.8921,18,1.4921944444
1214,1275,19.4048,8.8269,29.2304,13,1.4926769231
1153,196,17.9576,13.4743,24.3252,12,1.4964666667
1094,959,16.472,13.4601,21.6236,11,1.4974545455
1155,1256,17.9716,6.706,35.8221,12,1.4976333333
1417,2245,27.0391,13.0233,62.8855,18,1.5021722222
1377,2678,25.5386,14.1673,43.9208,17,1.5022705882
860,2026,12.0403,10.9553,13.6024,8,1.5050375
1026,2612,15.0765,10.3942,24.3259,10,1.50765
1276,666,21.2209,15.1124,26.8409,14,1.5157785714
1108,210,16.6975,14.6897,18.0882,11,1.5179545455
1035,1267,15.1883,7.6249,24.4557,10,1.51883
1356,269,24.3234,12.0772,50.933,16,1.5202125
1326,1447,22.9589,7.5356,40.4794,15,1.5305933333
1391,426,26.1691,19.0935,39.0447,17,1.5393588235
1332,686,23.0937,19.4535,25.943,15,1.53958
1118,213,16.9821,7.0675,29.7918,11,1.5438272727
1489,1341,32.4247,20.3225,40.059,21,1.5440333333
1425,1307,27.8018,4.1951,36.0011,18,1.5445444444
1359,652,24.7269,17.7634,27.6522,16,1.54543125
976,1682,13.9335,8.6653,19.3478,9,1.5481666667
1285,359,21.6985,16.4527,25.9442,14,1.5498928571
1177,1330,18.6157,12.6272,28.9217,12,1.5513083333
1242,595,20.1797,15.5109,22.6455,13,1.5522846154
1180,25,18.6707,15.9029,22.1884,12,1.5558916667
1248,1279,20.319,3.236,39.2203,13,1.563
1338,143,23.4798,17.5277,27.6279,15,1.56532
1190,155,18.7896,2.0275,65.4527,12,1.5658
1404,280,26.6277,17.1942,51.3683,17,1.5663352941
1461,1224,29.815,8.8059,65.534,19,1.5692105263
1255,1334,20.4241,14.852,25.6274,13,1.5710846154
1192,1647,18.8578,14.1594,22.8767,12,1.5714833333
1193,1417,18.8586,11.6068,24.9256,12,1.57155
1060,2108,15.7752,2.7929,22.6384,10,1.57752
1439,132,28.4458,23.5864,32.0474,18,1.5803222222
1440,432,28.5128,12.3321,64.2384,18,1.5840444444
994,2578,14.2619,2.7808,22.9058,9,1.5846555556
1414,2546,26.9552,18.0573,36.5505,17,1.5856
1076,2198,16.0214,3.3868,25.965,10,1.60214
1143,558,17.6547,14.9846,23.053,11,1.6049727273
1207,2694,19.2908,16.1942,23.9869,12,1.6075666667
1380,1461,25.7287,2.7604,41.4829,16,1.60804375
1316,1122,22.5194,18.745,25.3386,14,1.6085285714
1320,2285,22.6242,16.4777,31.9216,14,1.6160142857
1383,608,25.8574,22.7996,29.4645,16,1.6160875
1147,1552,17.8176,14.6744,22.4729,11,1.6197818182
1216,1413,19.4586,10.7997,31.2664,12,1.62155
1422,1244,27.6859,13.5155,33.9069,17,1.6285823529
1426,1065,27.8139,19.1733,40.3337,17,1.6361117647
1322,2398,22.9069,3.9164,31.0341,14,1.6362071429
1222,472,19.6919,12.9945,25.9896,12,1.6409916667
1395,2467,26.286,12.9743,47.1961,16,1.642875
1397,830,26.3341,23.7894,31.9744,16,1.64588125
1510,1420,34.5856,30.7683,42.4662,21,1.6469333333
1328,1243,23.0608,18.1928,30.5397,14,1.6472
1493,289,32.9504,15.4223,52.2432,20,1.64752
1477,2610,31.4521,22.9617,44.0794,19,1.6553736842
1334,692,23.1938,19.0991,30.4946,14,1.6567
1401,297,26.5088,19.894,33.0036,16,1.6568
1231,827,19.9014,17.7665,24.2355,12,1.65845
1405,418,26.6565,16.9739,52.4628,16,1.66603125
1283,11,21.6897,12.9206,27.5727,13,1.6684384615
1337,173,23.359,6.3926,34.8775,14,1.6685
1464,2521,30.0983,1.4665,54.6217,18,1.6721277778
1240,809,20.1034,17.2723,23.8868,12,1.6752833333
1289,371,21.8356,16.1653,30.8025,13,1.6796615385
1482,2703,31.9735,19.2156,52.167,19,1.6828157895
1413,2541,26.9371,17.3917,36.2677,16,1.68356875
1034,1662,15.1823,12.3218,17.3328,9,1.6869222222
1293,1134,21.9456,15.7264,24.725,13,1.6881230769
1343,602,23.6452,21.3504,27.2593,14,1.6889428571
1244,622,20.269,11.3346,30.0836,12,1.6890833333
1344,512,23.6522,10.7721,33.6799,14,1.6894428571
1298,22,22.0234,17.8597,27.7997,13,1.6941076923
1038,2069,15.2636,10.0573,19.2297,9,1.6959555556
1448,204,28.8391,18.7007,39.235,17,1.6964176471
1449,2512,28.8986,9.517,52.3121,17,1.6999176471
1186,2306,18.7131,7.2787,27.3043,11,1.7011909091
1451,448,29.0266,19.9225,40.205,17,1.7074470588
1379,2663,25.6416,13.8587,40.5981,15,1.70944
1306,2354,22.2667,8.4795,33.6757,13,1.7128230769
1385,2324,25.9072,16.9645,32.2027,15,1.7271466667
1200,2637,19.0367,1.6836,32.5005,11,1.7306090909
1511,1565,34.6131,29.1546,38.043,20,1.730655
1317,2588,22.5243,0.7823,58.6342,13,1.7326384615
1318,2010,22.5964,19.9679,25.6031,13,1.7381846154
1388,2427,26.1079,4.2562,39.6215,15,1.7405266667
1475,1328,31.3524,1.6502,46.4462,18,1.7418
1264,503,20.9087,12.6453,32.122,12,1.7423916667
1269,2665,21.0155,12.018,26.7081,12,1.7512916667
1271,1346,21.0555,12.593,31.3993,12,1.754625
1211,2104,19.3272,14.9037,23.0387,11,1.7570181818
1321,2090,22.8833,0.0497,59.9436,13,1.7602538462
1499,1394,33.6139,17.9032,64.5971,19,1.7691526316
1402,325,26.5971,22.5262,28.6185,15,1.77314
1437,340,28.3731,9.192,41.0977,16,1.77331875
1403,2116,26.6138,4.9854,38.0746,15,1.7742533333
1333,2099,23.1227,14.4025,29.0192,13,1.7786692308
1365,1076,24.9483,15.9521,31.3772,14,1.7820214286
1224,1895,19.7201,2.1447,39.4907,11,1.7927363636
1228,1062,19.8312,13.6266,31.969,11,1.8028363636
1373,1216,25.2973,10.0976,43.5108,14,1.80695
1375,2239,25.3343,11.133,32.5767,14,1.8095928571
1544,770,38.1305,22.0605,47.0946,21,1.8157380952
1161,2063,18.1848,8.6731,27.1545,10,1.81848
1008,2511,14.606,6.931,19.9496,8,1.82575
1454,2635,29.2367,17.1464,42.8432,16,1.82729375
1347,1019,23.7844,20.0562,26.6312,13,1.8295692308
1420,2554,27.5497,24.0395,33.7131,15,1.8366466667
1349,1599,23.8886,18.975,30.0368,13,1.8375846154
1513,2634,34.9304,0.6412,53.703,19,1.8384421053
1350,1432,23.9174,15.2261,37.3377,13,1.8398
1474,2728,31.3379,23.532,41.7432,17,1.8434058824
1531,207,36.8811,23.6676,50.2251,20,1.844055
1533,458,36.992,3.2517,89.1365,20,1.8496
1424,2631,27.7818,10.8061,38.3417,15,1.85212
1428,202,27.9112,0.1759,60.4339,15,1.8607466667
1387,2323,26.0904,17.2953,33.248,14,1.8636
1355,491,24.2626,17.2767,33.6278,13,1.8663538462
1389,1034,26.1412,21.6491,31.0445,14,1.8672285714
1313,1816,22.4417,14.034,25.9723,12,1.8701416667
1462,1466,29.9379,19.2237,43.4612,16,1.87111875
1393,1366,26.2295,3.9668,40.64,14,1.8735357143
1430,1724,28.1086,21.8677,31.861,15,1.8739066667
1436,837,28.3728,23.1069,32.3241,15,1.89152
1486,337,32.3112,4.4428,68.6998,17,1.9006588235
1203,2677,19.0653,10.106,29.6109,10,1.90653
1266,2357,20.9743,15.5371,24.5627,11,1.9067545455
1445,1326,28.6924,25.2701,33.2576,15,1.9128266667
1447,1389,28.7458,19.2205,35.4775,15,1.9163866667
1127,1007,17.2834,3.8445,32.995,9,1.9203777778
1366,2259,25.0002,13.9111,32.0098,13,1.9230923077
1331,2361,23.0917,14.8597,31.2095,12,1.9243083333
1274,989,21.1945,0.0357,34.7278,11,1.9267727273
1450,2619,28.953,20.3304,38.5201,15,1.9302
1452,360,29.0434,23.2927,32.8478,15,1.9362266667
1418,1223,27.1306,0.5655,44.1212,14,1.9379
1139,1527,17.5368,15.0556,20.2065,9,1.9485333333
1419,1208,27.3327,18.8481,33.7749,14,1.9523357143
1278,271,21.4787,17.5299,23.4382,11,1.9526090909
1455,439,29.2892,20.6691,35.6871,15,1.9526133333
1458,1441,29.4227,3.6757,47.4947,15,1.9615133333
1221,1686,19.6468,17.5694,23.1222,10,1.96468
1378,675,25.5531,19.5939,32.9724,13,1.9656230769
1225,1096,19.7333,15.9802,23.7101,10,1.97333
1345,2613,23.6813,20.5926,26.2241,12,1.9734416667
1478,1343,31.6339,16.4033,43.9993,16,1.97711875
1423,352,27.7407,14.8035,40.2793,14,1.9814785714
1559,2134,39.7553,19.8097,55.8225,20,1.987765
1481,429,31.8171,24.9595,39.9089,16,1.98856875
1384,1116,25.8666,20.0232,31.5031,13,1.9897384615
1463,2607,29.9616,21.0067,48.7293,15,1.99744
1505,2714,34.1793,6.894,49.8354,17,2.0105470588
1303,1178,22.162,19.4164,24.2627,11,2.0147272727
1485,1278,32.2684,18.112,52.1102,16,2.016775
1465,2515,30.3968,17.8637,50.0404,15,2.0264533333
1245,564,20.271,17.2047,25.0471,10,2.0271
1490,2519,32.5392,24.1554,37.0048,16,2.0337
1400,2402,26.4799,22.1153,30.7131,13,2.0369153846
1467,321,30.6414,13.5071,61.1825,15,2.04276
1530,219,36.7987,17.343,56.6376,18,2.0443722222
1468,1354,30.6868,1.1053,58.1555,15,2.0457866667
1492,55,32.7511,24.8278,36.3461,16,2.04694375
1469,2218,30.7312,24.0718,40.8289,15,2.0487466667
1446,2500,28.6949,14.0977,47.612,14,2.0496357143
1174,1964,18.5616,11.8772,27.2888,9,2.0624
1495,110,33.0067,25.5933,39.427,16,2.06291875
1175,2675,18.5948,5.3214,33.5289,9,2.0660888889
1411,1140,26.8891,23.3958,29.4722,13,2.0683923077
1415,66,26.9628,24.1531,31.8916,13,2.0740615385
1534,951,37.4059,32.769,42.4953,18,2.0781055556
1473,370,31.3292,19.9325,59.0433,15,2.0886133333
1370,401,25.0953,2.4277,52.3595,12,2.091275
1265,2157,20.9606,18.4241,25.1343,10,2.09606
1374,159,25.3168,14.6368,38.4989,12,2.1097333333
1479,1039,31.7251,26.3499,38.7403,15,2.1150066667
1504,248,33.9314,14.1321,57.4137,16,2.1207125
1421,1513,27.6694,9.3978,52.6496,13,2.1284153846
1381,896,25.7715,16.3355,33.1279,12,2.147625
1488,1217,32.3951,21.0921,48.0666,15,2.1596733333
1529,2627,36.7397,17.725,47.2522,17,2.1611588235
1551,2411,38.9036,13.7522,62.6833,18,2.1613111111
1346,2360,23.7822,19.6115,27.6839,11,2.1620181818
1431,2351,28.2064,22.615,35.9273,13,2.1697230769
1466,2299,30.4596,8.8811,50.8237,14,2.1756857143
1390,962,26.1456,23.8404,29.6509,12,2.1788
1470,918,30.7796,26.7537,34.1936,14,2.1985428571
1596,581,48.4701,40.8613,51.4024,22,2.2031863636
1230,848,19.8986,7.7781,24.2375,9,2.2109555556
1235,2435,19.9721,17.0233,25.6691,9,2.2191222222
1498,2641,33.3618,12.8163,48.6,15,2.22412
1521,281,35.6006,18.2081,59.477,16,2.2250375
1539,2419,37.8355,2.9285,70.7941,17,2.2256176471
1563,2240,40.2007,29.5461,52.3371,18,2.2333722222
1357,1475,24.5876,0.839,49.2449,11,2.2352363636
1410,537,26.8678,18.6148,33.2808,12,2.2389833333
1312,545,22.4171,19.362,25.7549,10,2.24171
1412,1528,26.9062,22.8378,30.0939,12,2.2421833333
1524,1359,35.8769,25.6624,46.1857,16,2.24230625
1319,1716,22.6001,20.5091,24.556,10,2.26001
1585,408,45.2649,23.3885,60.4067,20,2.263245
1547,445,38.6409,5.5236,75.7221,17,2.2729941176
1459,2462,29.5673,19.5793,40.6985,13,2.2744076923
1325,721,22.9452,21.0166,25.6684,10,2.29452
1372,1031,25.2607,24.1039,26.4792,11,2.2964272727
1484,1335,32.2009,24.9677,38.8064,14,2.3000642857
1554,1169,39.1131,3.8865,67.2253,17,2.3007705882
1376,413,25.3995,11.0699,38.2238,11,2.3090454545
1487,2297,32.3859,20.8561,37.5131,14,2.3132785714
1597,286,48.6088,18.4147,60.2787,21,2.3147047619
1558,2407,39.4599,27.3039,51.269,17,2.3211705882
1268,1092,20.9959,16.2213,27.0546,9,2.3328777778
1491,149,32.6687,25.0126,41.1026,14,2.3334785714
1517,2660,35.1771,28.1601,48.0119,15,2.34514
1560,2711,40.0326,24.4642,52.2454,17,2.3548588235
1582,2459,44.7611,23.9397,54.9091,19,2.3558473684
1494,351,32.9853,22.5896,74.1084,14,2.3560928571
1433,873,28.2975,21.303,34.0578,12,2.358125
1497,133,33.0697,9.2233,46.5235,14,2.3621214286
1519,2720,35.4899,14.9146,52.7029,15,2.3659933333
1541,1492,37.9494,2.8021,57.7947,16,2.3718375
1564,1465,40.3221,26.6871,53.3882,17,2.3718882353
1443,2209,28.6277,19.0947,40.1318,12,2.3856416667
1398,124,26.3492,20.1569,40.7104,11,2.3953818182
1525,527,36.0243,25.5456,44.3052,15,2.40162
1526,2364,36.1358,28.2688,44.0889,15,2.4090533333
1501,277,33.7691,24.564,47.0841,14,2.4120785714
1286,1189,21.7109,4.6928,51.7985,9,2.4123222222
1507,1425,34.2468,20.2199,51.1523,14,2.4462
1568,290,41.5891,20.5269,64.2343,17,2.4464176471
1508,833,34.3053,13.4691,65.4707,14,2.4503785714
1532,2458,36.9074,30.5299,44.762,15,2.4604933333
1460,2707,29.722,14.0673,52.0625,12,2.4768333333
1512,1238,34.7504,22.4918,40.7827,14,2.4821714286
1307,2702,22.3513,10.576,33.8298,9,2.4834777778
1561,2301,40.0436,29.04,50.4349,16,2.502725
1562,147,40.107,33.5961,44.476,16,2.5066875
1607,369,50.6868,42.4431,56.7231,20,2.53434
1543,1789,38.0564,31.6355,42.4939,15,2.5370933333
1522,2485,35.7245,22.9802,45.2884,14,2.55175
1523,1886,35.7305,29.9441,39.4192,14,2.5521785714
1471,778,30.8079,26.7655,33.0871,12,2.567325
1599,1360,49.0255,39.8156,65.8213,19,2.5802894737
1500,1347,33.6322,28.8412,37.5777,13,2.5870923077
1527,970,36.2758,25.5522,48.8433,14,2.5911285714
1441,2574,28.5164,14.0233,49.3743,11,2.5924
1442,760,28.5232,26.1254,31.4587,11,2.5930181818
1259,2243,20.7682,6.2556,47.6591,8,2.596025
1502,192,33.7745,4.5108,51.7647,13,2.5980384615
1552,1230,38.996,34.5332,46.5073,15,2.5997333333
1555,1355,39.1344,17.3621,68.4555,15,2.60896
1339,1005,23.4875,21.4608,24.8463,9,2.6097222222
1476,2225,31.3667,23.7447,39.2814,12,2.6138916667
1392,2530,26.2268,21.5846,29.654,10,2.62268
1536,2444,37.456,31.8599,43.2407,14,2.6754285714
1483,2715,32.1721,21.3771,44.923,12,2.6810083333
1586,1333,45.7416,23.4368,57.564,17,2.6906823529
1281,2160,21.6342,9.6207,32.5853,8,2.704275
1540,1382,37.8784,21.8083,57.9052,14,2.7056
1575,659,43.4548,41.565,45.8509,16,2.715925
1587,1507,46.3673,25.3377,72.0417,17,2.7274882353
1577,2579,43.8108,33.5184,56.3672,16,2.738175
1589,1209,46.5743,3.1702,98.3026,17,2.7396647059
1496,2545,33.0259,27.2505,43.8061,12,2.7521583333
1566,1066,41.4893,8.9645,67.2805,15,2.7659533333
1364,556,24.9346,22.9806,27.1984,9,2.7705111111
1579,1304,44.5017,32.5717,59.2075,16,2.78135625
1553,1263,39.0935,14.4648,95.8082,14,2.7923928571
1429,767,27.9371,23.4398,31.3567,10,2.79371
1311,797,22.4103,0.307,33.6179,8,2.8012875
1595,299,47.9464,35.8519,81.1191,17,2.8203764706
1571,1329,42.3074,32.5696,57.9102,15,2.8204933333
1472,761,31.0941,26.192,36.6351,11,2.8267363636
1234,596,19.9492,13.4452,26.8488,7,2.8498857143
1444,294,28.6734,22.448,34.7159,10,2.86734
1509,2671,34.461,23.894,49.8999,12,2.87175
1646,1405,63.2748,47.9696,99.9124,22,2.8761272727
1480,1381,31.7517,21.7557,40.9174,11,2.8865181818
1576,2167,43.6513,34.7014,48.35,15,2.9100866667
1399,645,26.3533,21.9119,32.361,9,2.9281444444
1633,267,58.6337,35.4778,86.79,20,2.931685
1518,2312,35.2932,19.676,60.4517,12,2.9411
1618,2643,52.9786,39.3854,73.3946,18,2.9432555556
1520,2293,35.5601,27.9638,42.7642,12,2.9633416667
1569,379,41.6132,28.4631,58.1871,14,2.9723714286
1580,1363,44.6151,6.4157,63.8143,15,2.97434
1583,1499,45.0301,1.5158,74.5659,15,3.0020066667
1416,529,27.0187,8.3178,75.8111,9,3.0020777778
1613,2304,51.5842,39.8894,60.2306,17,3.0343647059
1640,2583,60.8475,39.9464,97.9365,20,3.042375
1615,2646,52.0036,43.4348,67.4383,17,3.0590352941
1506,2068,34.2121,23.601,39.4427,11,3.1101909091
1590,422,46.6933,19.0175,118.3131,15,3.1128866667
1369,2682,25.067,14.6808,43.0932,8,3.133375
1654,259,69.5601,15.986,106.8045,22,3.1618227273
1565,1158,41.1053,34.8619,47.0441,13,3.1619461538
1515,1367,35.0476,21.7433,50.516,11,3.1861454545
1611,712,51.0796,45.4924,56.8912,16,3.192475
1516,1310,35.1352,23.6727,42.5822,11,3.1941090909
1546,164,38.5937,31.3258,44.407,12,3.2161416667
1570,341,41.8337,22.7071,67.762,13,3.2179769231
1625,298,54.7112,40.1865,70.0582,17,3.2183058824
1548,2237,38.6523,26.525,47.0779,12,3.221025
1614,396,51.6079,42.1401,56.4713,16,3.22549375
1630,2532,58.1006,0.3178,98.3963,18,3.2278111111
1584,423,45.2412,36.4018,56.8909,14,3.2315142857
1453,2585,29.1253,17.4263,40.2123,9,3.2361444444
1456,378,29.3086,22.5402,34.7571,9,3.2565111111
1092,2181,16.3924,14.3219,19.3546,5,3.27848
1572,994,42.6898,26.6865,56.1906,13,3.2838307692
1557,2710,39.4131,12.4156,73.1005,12,3.284425
1573,402,42.7995,38.524,47.0158,13,3.2922692308
1335,2477,23.1985,15.3517,31.4233,7,3.3140714286
1574,452,43.1241,9.6636,93.5511,13,3.3172384615
1528,805,36.5452,30.8543,38.6972,11,3.3222909091
1602,268,49.8415,30.7353,75.8666,15,3.3227666667
1408,839,26.83,23.6128,32.012,8,3.35375
1656,2725,70.7076,61.4251,77.7504,21,3.3670285714
1503,2494,33.7923,28.8956,41.117,10,3.37923
1609,461,50.8202,4.3337,69.3189,15,3.3880133333
1631,2168,58.1367,53.8042,62.2647,17,3.4198058824
1537,2040,37.6477,34.2478,40.5015,11,3.4225181818
1538,2593,37.745,22.3614,46.1068,11,3.4313636364
1542,2252,37.9648,8.7696,61.0306,11,3.4513454545
1567,2719,41.5405,27.302,51.095,12,3.4617083333
1617,1478,52.6715,40.368,65.1792,15,3.5114333333
1601,1390,49.2141,41.8382,63.7842,14,3.5152928571
1360,2176,24.7913,17.5554,34.8193,7,3.5416142857
1651,2606,67.681,47.6208,80.8363,19,3.5621578947
1603,266,49.9297,24.2629,84.7893,14,3.5664071429
1604,1265,49.9734,44.135,54.6206,14,3.5695285714
1621,2620,53.7697,37.972,81.015,15,3.5846466667
1623,2666,54.1401,42.9386,79.2952,15,3.60934
1643,1313,61.6287,44.1611,86.3083,17,3.6252176471
1644,615,61.8179,58.8554,64.8829,17,3.6363470588
1610,430,50.9101,32.346,81.8817,14,3.6364357143
1612,367,51.1319,32.8011,69.5165,14,3.6522785714
1626,1469,54.7959,45.2586,68.891,15,3.65306
1655,2249,70.3787,65.3169,76.3898,19,3.7041421053
1616,394,52.0069,46.6002,55.9578,14,3.7147785714
1581,1426,44.6751,41.2317,50.2813,12,3.722925
1635,393,59.7831,41.2807,78.9454,16,3.73644375
1628,457,56.5929,26.5825,84.5481,15,3.77286
1652,254,68.2746,33.2761,90.802,18,3.7930333333
1620,296,53.3284,38.7651,64.6865,14,3.8091714286
1545,1340,38.3985,22.3916,60.7548,10,3.83985
1622,1479,54.079,42.5783,65.7803,14,3.8627857143
1549,487,38.7875,33.1135,41.6195,10,3.87875
1550,1392,38.8257,10.0551,73.0621,10,3.88257
1514,358,34.9702,17.1613,54.9024,9,3.8855777778
1632,2589,58.4627,44.0249,68.8692,15,3.8975133333
1592,2473,46.8704,40.0309,53.9783,12,3.9058666667
1593,1416,47.2824,29.5602,60.2869,12,3.9402
1658,2664,75.1971,56.9431,93.9176,19,3.9577421053
1636,2309,60.0635,36.1399,79.8188,15,4.0042333333
1578,2542,44.4359,36.4128,56.0851,11,4.0396272727
1645,362,62.9708,1.2192,106.4587,15,4.1980533333
1588,902,46.3915,43.6737,49.7441,11,4.2174090909
1647,1025,63.3682,41.6883,70.238,15,4.2245466667
1653,282,68.4762,43.985,118.9632,16,4.2797625
1627,1289,55.723,47.7188,65.493,13,4.2863846154
1600,2223,49.1868,37.6912,63.2974,11,4.4715272727
1648,453,63.4252,0.8412,119.2348,14,4.5303714286
1605,502,50.0104,36.2482,61.6445,11,4.5464
1624,2591,54.5729,43.6046,75.5021,12,4.5477416667
1608,1203,50.7755,40.7976,57.6659,11,4.6159545455
1535,2590,37.42,16.2703,62.3819,8,4.6775
1594,419,47.4977,32.1443,58.0151,10,4.74977
1670,1350,100.7926,69.5602,120.1104,21,4.799647619
1634,1409,58.9307,41.3556,66.7598,12,4.9108916667
1668,2667,93.3726,83.6351,100.9701,19,4.9143473684
1556,2188,39.4045,34.8315,43.4464,8,4.9255625
1649,1430,64.22,51.8702,79.9454,13,4.94
1650,1369,64.2691,51.8837,79.3928,13,4.9437769231
1639,2690,60.2405,53.941,66.0784,12,5.0200416667
1674,1509,105.5311,89.489,123.1472,21,5.0252904762
1606,2438,50.4632,38.5183,59.0284,10,5.04632
1663,1222,86.082,53.9044,110.9991,17,5.0636470588
1672,2179,104.1232,100.2367,108.4952,20,5.20616
1619,2701,53.0381,46.3999,63.8956,10,5.30381
1661,1257,81.3129,74.2976,87.1033,15,5.42086
1598,2150,48.9645,44.3552,53.3231,9,5.4405
1638,954,60.1528,53.3651,65.1579,11,5.4684363636
1641,2718,60.8745,51.0512,72.6862,11,5.5340454545
1666,1396,89.1982,73.8856,98.801,16,5.5748875
1662,2242,84.8997,67.2322,91.1706,15,5.65998
1629,2523,57.3975,51.0787,65.3201,10,5.73975
1664,2624,86.9787,69.1378,102.4824,15,5.79858
1676,665,116.9974,109.8774,122.6135,20,5.84987
1637,1414,60.1327,33.9849,94.9438,10,6.01327
1642,212,61.0199,48.7258,77.499,10,6.10199
1678,1318,129.6294,108.3968,147.8125,21,6.1728285714
1657,2698,74.9394,70.4958,85.8783,12,6.24495
1591,440,46.7475,26.7678,70.4384,7,6.6782142857
1684,349,142.2976,133.8661,150.1894,21,6.7760761905
1669,2644,95.1663,77.5886,107.0241,14,6.7975928571
1659,2697,76.8287,70.7542,85.2066,11,6.9844272727
1667,2420,91.0264,54.5295,117.075,13,7.0020307692
1682,1315,135.6602,105.875,149.5914,19,7.1400105263
1665,442,87.3535,37.0066,126.2486,12,7.2794583333
1660,1496,76.8625,61.5794,87.0782,10,7.68625
1677,2310,118.7931,108.6348,127.4958,15,7.91954
1673,1282,105.4772,76.5768,114.845,13,8.1136307692
1671,2645,101.6008,89.9242,114.9382,12,8.4667333333
1681,314,135.5298,9.7685,254.5382,16,8.4706125
1685,368,145.219,105.7481,165.9389,16,9.0761875
1679,2212,130.1867,15.6168,219.2256,14,9.29905
1675,288,114.4076,109.7581,122.4529,12,9.5339666667
1683,209,137.6686,127.3463,145.0907,12,11.4723833333
1686,454,191.304,183.313,199.9678,15,12.7536
1680,1255,131.8267,124.9986,138.2604,10,13.18267
1688,265,211.3409,183.5895,228.2482,13,16.2569923077
1687,1500,200.8088,170.3319,229.9974,12,16.7340666667
1689,462,229.5204,201.7777,270.0751,13,17.6554153846
1690,258,324.1957,246.8361,376.5921,16,20.26223125
